engine,policy,terrain,case,seed,outcome,failure_flags,completed,physical_traversal,unsafe_reasons,unsafe_time_s,hard_joint_margin_min_rad,wheel_speed_max_rad_s,wheel_saturation_max_fraction
Isaac,10000,flat,stand,7201,success,,True,,,,0.8222801685333252,5.400978088378906,0.0
Isaac,10000,flat,stand,7202,success,,True,,,,0.8167703151702881,5.841480255126953,0.0
Isaac,10000,flat,stand,7203,success,,True,,,,0.8284092545509338,5.584110260009766,0.0
Isaac,10000,flat,stand,7204,success,,True,,,,0.822357177734375,5.374923229217529,0.0
Isaac,10000,flat,stand,7205,success,,True,,,,0.8229279518127441,6.590747356414795,0.0
Isaac,10000,flat,stand,7206,success,,True,,,,0.8324123620986938,4.9361138343811035,0.0
Isaac,10000,flat,stand,7207,success,,True,,,,0.8239657282829285,5.995710849761963,0.0
Isaac,10000,flat,stand,7208,success,,True,,,,0.8216970562934875,4.183111667633057,0.0
Isaac,10000,flat,stand,7209,success,,True,,,,0.8221004605293274,5.339799880981445,0.0
Isaac,10000,flat,stand,7210,success,,True,,,,0.8357893824577332,9.139713287353516,0.0
Isaac,10000,flat,stand,7211,success,,True,,,,0.8261720538139343,5.408187389373779,0.0
Isaac,10000,flat,stand,7212,success,,True,,,,0.8274901509284973,10.985011100769043,0.0
Isaac,10000,flat,stand,7213,success,,True,,,,0.8295695781707764,4.7743120193481445,0.0
Isaac,10000,flat,stand,7214,success,,True,,,,0.8260970711708069,6.1811137199401855,0.0
Isaac,10000,flat,stand,7215,success,,True,,,,0.8254554271697998,5.537195205688477,0.0
Isaac,10000,flat,stand,7216,success,,True,,,,0.8352214694023132,11.710633277893066,0.0
Isaac,10000,flat,vx_-0.50,7201,success,,True,,,,0.6919695138931274,15.085558891296387,0.00034090909090909094
Isaac,10000,flat,vx_-0.50,7202,success,,True,,,,0.6859241127967834,17.17160987854004,0.0009090909090909091
Isaac,10000,flat,vx_-0.50,7203,success,,True,,,,0.6712950468063354,16.896013259887695,0.00034090909090909094
Isaac,10000,flat,vx_-0.50,7204,success,,True,,,,0.6824546456336975,14.123735427856445,0.00022727272727272727
Isaac,10000,flat,vx_-0.50,7205,success,,True,,,,0.6856798529624939,17.28095817565918,0.00125
Isaac,10000,flat,vx_-0.50,7206,success,,True,,,,0.6860735416412354,14.737454414367676,0.0007954545454545455
Isaac,10000,flat,vx_-0.50,7207,success,,True,,,,0.6770238280296326,16.4988956451416,0.00034090909090909094
Isaac,10000,flat,vx_-0.50,7208,success,,True,,,,0.6904846429824829,18.724842071533203,0.00045454545454545455
Isaac,10000,flat,vx_-0.50,7209,success,,True,,,,0.6714738607406616,15.546891212463379,0.0014772727272727272
Isaac,10000,flat,vx_-0.50,7210,success,,True,,,,0.6844446659088135,16.94021224975586,0.00045454545454545455
Isaac,10000,flat,vx_-0.50,7211,success,,True,,,,0.6856809854507446,17.22273826599121,0.0006818181818181819
Isaac,10000,flat,vx_-0.50,7212,success,,True,,,,0.6875073313713074,15.324718475341797,0.0011363636363636363
Isaac,10000,flat,vx_-0.50,7213,success,,True,,,,0.6817206740379333,16.823640823364258,0.00034090909090909094
Isaac,10000,flat,vx_-0.50,7214,success,,True,,,,0.685274600982666,17.488636016845703,0.00045454545454545455
Isaac,10000,flat,vx_-0.50,7215,success,,True,,,,0.6808512210845947,14.571820259094238,0.00011363636363636364
Isaac,10000,flat,vx_-0.50,7216,success,,True,,,,0.6897416114807129,15.646875381469727,0.0006818181818181819
Isaac,10000,flat,vx_+0.50,7201,success,,True,,,,0.684779167175293,12.543872833251953,0.00011363636363636364
Isaac,10000,flat,vx_+0.50,7202,success,,True,,,,0.6863420009613037,15.392024040222168,0.00011363636363636364
Isaac,10000,flat,vx_+0.50,7203,success,,True,,,,0.6800490617752075,15.826171875,0.00011363636363636364
Isaac,10000,flat,vx_+0.50,7204,success,,True,,,,0.6891624331474304,15.19759464263916,0.00011363636363636364
Isaac,10000,flat,vx_+0.50,7205,success,,True,,,,0.686573326587677,15.269261360168457,0.00022727272727272727
Isaac,10000,flat,vx_+0.50,7206,success,,True,,,,0.6897628307342529,12.257210731506348,0.00011363636363636364
Isaac,10000,flat,vx_+0.50,7207,success,,True,,,,0.6771994829177856,15.699470520019531,0.00011363636363636364
Isaac,10000,flat,vx_+0.50,7208,success,,True,,,,0.6874648928642273,15.373703002929688,0.00034090909090909094
Isaac,10000,flat,vx_+0.50,7209,success,,True,,,,0.6849162578582764,14.953899383544922,0.00011363636363636364
Isaac,10000,flat,vx_+0.50,7210,success,,True,,,,0.6892861127853394,17.22390365600586,0.00034090909090909094
Isaac,10000,flat,vx_+0.50,7211,success,,True,,,,0.6872528791427612,13.451498031616211,0.00011363636363636364
Isaac,10000,flat,vx_+0.50,7212,success,,True,,,,0.6901932954788208,15.28084659576416,0.00011363636363636364
Isaac,10000,flat,vx_+0.50,7213,success,,True,,,,0.6873476505279541,13.815482139587402,0.00011363636363636364
Isaac,10000,flat,vx_+0.50,7214,success,,True,,,,0.6869510412216187,13.404114723205566,0.0005681818181818182
Isaac,10000,flat,vx_+0.50,7215,success,,True,,,,0.6826046705245972,13.086166381835938,0.00011363636363636364
Isaac,10000,flat,vx_+0.50,7216,success,,True,,,,0.6884949207305908,15.375494956970215,0.00022727272727272727
Isaac,10000,flat,vx_+1.00,7201,command_transition_failure,command_transition_failure,True,,,,0.6964210271835327,30.43181037902832,0.00625
Isaac,10000,flat,vx_+1.00,7202,tracking_failure,command_transition_failure|tracking_failure,True,,,,0.6945661306381226,28.221450805664062,0.004659090909090909
Isaac,10000,flat,vx_+1.00,7203,tracking_failure,command_transition_failure|tracking_failure,True,,,,0.6943169832229614,28.76447868347168,0.006136363636363636
Isaac,10000,flat,vx_+1.00,7204,tracking_failure,command_transition_failure|tracking_failure,True,,,,0.6976785659790039,29.352502822875977,0.003863636363636364
Isaac,10000,flat,vx_+1.00,7205,tracking_failure,command_transition_failure|tracking_failure,True,,,,0.696621298789978,28.581226348876953,0.005454545454545455
Isaac,10000,flat,vx_+1.00,7206,tracking_failure,command_transition_failure|tracking_failure,True,,,,0.6964400410652161,27.668399810791016,0.004772727272727273
Isaac,10000,flat,vx_+1.00,7207,tracking_failure,command_transition_failure|tracking_failure,True,,,,0.6899274587631226,29.230682373046875,0.005113636363636364
Isaac,10000,flat,vx_+1.00,7208,tracking_failure,command_transition_failure|tracking_failure,True,,,,0.6988312602043152,25.76398468017578,0.005113636363636364
Isaac,10000,flat,vx_+1.00,7209,tracking_failure,command_transition_failure|tracking_failure,True,,,,0.6985498666763306,30.739505767822266,0.004772727272727273
Isaac,10000,flat,vx_+1.00,7210,command_transition_failure,command_transition_failure,True,,,,0.694855809211731,30.749624252319336,0.004318181818181818
Isaac,10000,flat,vx_+1.00,7211,tracking_failure,command_transition_failure|tracking_failure,True,,,,0.6954269409179688,29.982728958129883,0.004886363636363637
Isaac,10000,flat,vx_+1.00,7212,tracking_failure,command_transition_failure|tracking_failure,True,,,,0.6984276175498962,27.073923110961914,0.004431818181818182
Isaac,10000,flat,vx_+1.00,7213,tracking_failure,command_transition_failure|tracking_failure,True,,,,0.7004348039627075,27.938631057739258,0.004545454545454545
Isaac,10000,flat,vx_+1.00,7214,tracking_failure,command_transition_failure|tracking_failure,True,,,,0.6960024237632751,30.34000587463379,0.003522727272727273
Isaac,10000,flat,vx_+1.00,7215,tracking_failure,command_transition_failure|tracking_failure,True,,,,0.6983970403671265,29.409011840820312,0.005681818181818182
Isaac,10000,flat,vx_+1.00,7216,tracking_failure,command_transition_failure|tracking_failure,True,,,,0.7000325918197632,28.74686050415039,0.0055681818181818185
Isaac,10000,flat,vy_-0.20,7201,tracking_failure,tracking_failure,True,,,,0.5236204862594604,18.314151763916016,0.00011363636363636364
Isaac,10000,flat,vy_-0.20,7202,tracking_failure,tracking_failure,True,,,,0.49690356850624084,26.171661376953125,0.00034090909090909094
Isaac,10000,flat,vy_-0.20,7203,tracking_failure,tracking_failure,True,,,,0.4997826814651489,24.055002212524414,0.00034090909090909094
Isaac,10000,flat,vy_-0.20,7204,tracking_failure,tracking_failure,True,,,,0.505054771900177,21.578826904296875,0.00011363636363636364
Isaac,10000,flat,vy_-0.20,7205,tracking_failure,tracking_failure,True,,,,0.5250012874603271,29.931804656982422,0.00034090909090909094
Isaac,10000,flat,vy_-0.20,7206,tracking_failure,tracking_failure,True,,,,0.5091828107833862,17.01563262939453,0.00011363636363636364
Isaac,10000,flat,vy_-0.20,7207,tracking_failure,tracking_failure,True,,,,0.5067269802093506,23.386871337890625,0.00034090909090909094
Isaac,10000,flat,vy_-0.20,7208,tracking_failure,tracking_failure,True,,,,0.50971519947052,18.457454681396484,0.0
Isaac,10000,flat,vy_-0.20,7209,tracking_failure,tracking_failure,True,,,,0.5346953272819519,14.884698867797852,0.0
Isaac,10000,flat,vy_-0.20,7210,tracking_failure,tracking_failure,True,,,,0.5209466218948364,24.315143585205078,0.00022727272727272727
Isaac,10000,flat,vy_-0.20,7211,tracking_failure,tracking_failure,True,,,,0.5144425630569458,22.265647888183594,0.00034090909090909094
Isaac,10000,flat,vy_-0.20,7212,tracking_failure,tracking_failure,True,,,,0.5250623226165771,19.84908676147461,0.00011363636363636364
Isaac,10000,flat,vy_-0.20,7213,tracking_failure,tracking_failure,True,,,,0.5142244100570679,19.686758041381836,0.00022727272727272727
Isaac,10000,flat,vy_-0.20,7214,tracking_failure,tracking_failure,True,,,,0.5304492115974426,24.57127571105957,0.00022727272727272727
Isaac,10000,flat,vy_-0.20,7215,tracking_failure,tracking_failure,True,,,,0.5285840034484863,25.40167808532715,0.0007954545454545455
Isaac,10000,flat,vy_-0.20,7216,tracking_failure,tracking_failure,True,,,,0.517513632774353,17.399375915527344,0.00011363636363636364
Isaac,10000,flat,vy_+0.20,7201,tracking_failure,command_transition_failure|tracking_failure,True,,,,0.8058233261108398,5.400978088378906,0.0
Isaac,10000,flat,vy_+0.20,7202,tracking_failure,command_transition_failure|tracking_failure,True,,,,0.8023352026939392,5.841480255126953,0.0
Isaac,10000,flat,vy_+0.20,7203,tracking_failure,command_transition_failure|tracking_failure,True,,,,0.8039968609809875,5.584110260009766,0.0
Isaac,10000,flat,vy_+0.20,7204,tracking_failure,tracking_failure,True,,,,0.8034381866455078,5.374923229217529,0.0
Isaac,10000,flat,vy_+0.20,7205,tracking_failure,command_transition_failure|tracking_failure,True,,,,0.797385573387146,6.590747356414795,0.0
Isaac,10000,flat,vy_+0.20,7206,tracking_failure,tracking_failure,True,,,,0.8074719905853271,4.9361138343811035,0.0
Isaac,10000,flat,vy_+0.20,7207,tracking_failure,command_transition_failure|tracking_failure,True,,,,0.8057312965393066,5.995710849761963,0.0
Isaac,10000,flat,vy_+0.20,7208,tracking_failure,command_transition_failure|tracking_failure,True,,,,0.792486310005188,4.183111667633057,0.0
Isaac,10000,flat,vy_+0.20,7209,tracking_failure,command_transition_failure|tracking_failure,True,,,,0.8021436929702759,5.339799880981445,0.0
Isaac,10000,flat,vy_+0.20,7210,tracking_failure,command_transition_failure|tracking_failure,True,,,,0.8053112626075745,9.139713287353516,0.0
Isaac,10000,flat,vy_+0.20,7211,tracking_failure,command_transition_failure|tracking_failure,True,,,,0.8012826442718506,5.408187389373779,0.0
Isaac,10000,flat,vy_+0.20,7212,tracking_failure,tracking_failure,True,,,,0.8064692616462708,10.985011100769043,0.0
Isaac,10000,flat,vy_+0.20,7213,tracking_failure,command_transition_failure|tracking_failure,True,,,,0.808871328830719,4.7743120193481445,0.0
Isaac,10000,flat,vy_+0.20,7214,tracking_failure,command_transition_failure|tracking_failure,True,,,,0.8015962839126587,6.1811137199401855,0.0
Isaac,10000,flat,vy_+0.20,7215,tracking_failure,command_transition_failure|tracking_failure,True,,,,0.801260769367218,5.537195205688477,0.0
Isaac,10000,flat,vy_+0.20,7216,tracking_failure,tracking_failure,True,,,,0.8008652329444885,11.710633277893066,0.0
Isaac,10000,flat,wz_-0.50,7201,tracking_failure,command_transition_failure|standstill_failure|tracking_failure,True,,,,0.08669441938400269,26.426082611083984,0.0007954545454545455
Isaac,10000,flat,wz_-0.50,7202,tracking_failure,command_transition_failure|tracking_failure,True,,,,0.07685822248458862,26.880958557128906,0.0009090909090909091
Isaac,10000,flat,wz_-0.50,7203,tracking_failure,command_transition_failure|tracking_failure,True,,,,0.0748094916343689,26.458179473876953,0.00045454545454545455
Isaac,10000,flat,wz_-0.50,7204,tracking_failure,command_transition_failure|tracking_failure,True,,,,0.08189260959625244,24.636516571044922,0.00034090909090909094
Isaac,10000,flat,wz_-0.50,7205,tracking_failure,command_transition_failure|standstill_failure|tracking_failure,True,,,,0.08069318532943726,27.882953643798828,0.00022727272727272727
Isaac,10000,flat,wz_-0.50,7206,tracking_failure,command_transition_failure|tracking_failure,True,,,,0.06842595338821411,24.95421600341797,0.0005681818181818182
Isaac,10000,flat,wz_-0.50,7207,tracking_failure,command_transition_failure|tracking_failure,True,,,,0.052391767501831055,24.54124641418457,0.0013636363636363637
Isaac,10000,flat,wz_-0.50,7208,tracking_failure,command_transition_failure|standstill_failure|tracking_failure,True,,,,0.08236455917358398,26.663244247436523,0.0006818181818181819
Isaac,10000,flat,wz_-0.50,7209,tracking_failure,command_transition_failure|standstill_failure|tracking_failure,True,,,,0.09955745935440063,28.81230926513672,0.0014772727272727272
Isaac,10000,flat,wz_-0.50,7210,tracking_failure,command_transition_failure|tracking_failure,True,,,,0.0798531174659729,32.830055236816406,0.0010227272727272728
Isaac,10000,flat,wz_-0.50,7211,tracking_failure,command_transition_failure|tracking_failure,True,,,,0.062153160572052,24.963478088378906,0.0007954545454545455
Isaac,10000,flat,wz_-0.50,7212,tracking_failure,command_transition_failure|standstill_failure|tracking_failure,True,,,,0.08234184980392456,28.22583770751953,0.0009090909090909091
Isaac,10000,flat,wz_-0.50,7213,tracking_failure,command_transition_failure|standstill_failure|tracking_failure,True,,,,0.07318371534347534,25.8037109375,0.0006818181818181819
Isaac,10000,flat,wz_-0.50,7214,tracking_failure,command_transition_failure|standstill_failure|tracking_failure,True,,,,0.07591760158538818,27.246259689331055,0.0005681818181818182
Isaac,10000,flat,wz_-0.50,7215,command_transition_failure,command_transition_failure,True,,,,0.07372403144836426,25.15601348876953,0.00022727272727272727
Isaac,10000,flat,wz_-0.50,7216,tracking_failure,command_transition_failure|standstill_failure|tracking_failure,True,,,,0.06883060932159424,25.342924118041992,0.0010227272727272728
Isaac,10000,flat,wz_+0.50,7201,tracking_failure,tracking_failure,True,,,,0.27892303466796875,27.114463806152344,0.0010227272727272728
Isaac,10000,flat,wz_+0.50,7202,tracking_failure,tracking_failure,True,,,,0.3090606927871704,34.68567657470703,0.0010227272727272728
Isaac,10000,flat,wz_+0.50,7203,tracking_failure,tracking_failure,True,,,,0.29917073249816895,23.01870346069336,0.0018181818181818182
Isaac,10000,flat,wz_+0.50,7204,tracking_failure,tracking_failure,True,,,,0.2877480387687683,34.45897674560547,0.0011363636363636363
Isaac,10000,flat,wz_+0.50,7205,tracking_failure,tracking_failure,True,,,,0.30671364068984985,23.83942222595215,0.001931818181818182
Isaac,10000,flat,wz_+0.50,7206,tracking_failure,command_transition_failure|tracking_failure,True,,,,0.28477203845977783,25.617982864379883,0.0011363636363636363
Isaac,10000,flat,wz_+0.50,7207,tracking_failure,tracking_failure,True,,,,0.35374128818511963,24.109378814697266,0.0026136363636363636
Isaac,10000,flat,wz_+0.50,7208,tracking_failure,command_transition_failure|tracking_failure,True,,,,0.3090890049934387,24.010791778564453,0.0013636363636363637
Isaac,10000,flat,wz_+0.50,7209,tracking_failure,command_transition_failure|tracking_failure,True,,,,0.288089394569397,23.782817840576172,0.0009090909090909091
Isaac,10000,flat,wz_+0.50,7210,tracking_failure,command_transition_failure|standstill_failure|tracking_failure,True,,,,0.3258815407752991,26.47402572631836,0.00125
Isaac,10000,flat,wz_+0.50,7211,tracking_failure,command_transition_failure|standstill_failure|tracking_failure,True,,,,0.24975544214248657,29.394302368164062,0.0006818181818181819
Isaac,10000,flat,wz_+0.50,7212,tracking_failure,command_transition_failure|standstill_failure|tracking_failure,True,,,,0.298620343208313,24.29060173034668,0.0010227272727272728
Isaac,10000,flat,wz_+0.50,7213,tracking_failure,tracking_failure,True,,,,0.27741652727127075,27.480012893676758,0.0011363636363636363
Isaac,10000,flat,wz_+0.50,7214,tracking_failure,command_transition_failure|tracking_failure,True,,,,0.2597659230232239,24.515522003173828,0.0009090909090909091
Isaac,10000,flat,wz_+0.50,7215,tracking_failure,tracking_failure,True,,,,0.2871459722518921,24.865829467773438,0.0013636363636363637
Isaac,10000,flat,wz_+0.50,7216,tracking_failure,command_transition_failure|tracking_failure,True,,,,0.3071189522743225,35.86598205566406,0.0026136363636363636
Isaac,10000,flat,precision_vx_-0.10,7201,success,,True,,,,0.8108906745910645,5.400978088378906,0.0
Isaac,10000,flat,precision_vx_-0.10,7202,success,,True,,,,0.805680513381958,5.841480255126953,0.0
Isaac,10000,flat,precision_vx_-0.10,7203,success,,True,,,,0.809028685092926,5.584110260009766,0.0
Isaac,10000,flat,precision_vx_-0.10,7204,success,,True,,,,0.8132948875427246,5.374923229217529,0.0
Isaac,10000,flat,precision_vx_-0.10,7205,success,,True,,,,0.8025485873222351,6.590747356414795,0.0
Isaac,10000,flat,precision_vx_-0.10,7206,success,,True,,,,0.8190064430236816,4.9361138343811035,0.0
Isaac,10000,flat,precision_vx_-0.10,7207,success,,True,,,,0.8010903000831604,5.995710849761963,0.0
Isaac,10000,flat,precision_vx_-0.10,7208,success,,True,,,,0.8132351040840149,4.283990859985352,0.0
Isaac,10000,flat,precision_vx_-0.10,7209,success,,True,,,,0.8110520243644714,5.339799880981445,0.0
Isaac,10000,flat,precision_vx_-0.10,7210,success,,True,,,,0.8183638453483582,9.139713287353516,0.0
Isaac,10000,flat,precision_vx_-0.10,7211,success,,True,,,,0.8096486330032349,5.408187389373779,0.0
Isaac,10000,flat,precision_vx_-0.10,7212,success,,True,,,,0.819598376750946,10.985011100769043,0.0
Isaac,10000,flat,precision_vx_-0.10,7213,success,,True,,,,0.8135146498680115,4.7743120193481445,0.0
Isaac,10000,flat,precision_vx_-0.10,7214,success,,True,,,,0.8106663823127747,6.1811137199401855,0.0
Isaac,10000,flat,precision_vx_-0.10,7215,success,,True,,,,0.8111664056777954,5.537195205688477,0.0
Isaac,10000,flat,precision_vx_-0.10,7216,success,,True,,,,0.8202600479125977,11.710633277893066,0.0
Isaac,10000,flat,precision_vx_+0.10,7201,success,,True,,,,0.7896845936775208,5.400978088378906,0.0
Isaac,10000,flat,precision_vx_+0.10,7202,success,,True,,,,0.7831831574440002,5.841480255126953,0.0
Isaac,10000,flat,precision_vx_+0.10,7203,success,,True,,,,0.794708251953125,5.584110260009766,0.0
Isaac,10000,flat,precision_vx_+0.10,7204,success,,True,,,,0.794718861579895,5.374923229217529,0.0
Isaac,10000,flat,precision_vx_+0.10,7205,success,,True,,,,0.7864969372749329,6.590747356414795,0.0
Isaac,10000,flat,precision_vx_+0.10,7206,success,,True,,,,0.8012877702713013,4.9361138343811035,0.0
Isaac,10000,flat,precision_vx_+0.10,7207,success,,True,,,,0.7856763601303101,5.995710849761963,0.0
Isaac,10000,flat,precision_vx_+0.10,7208,success,,True,,,,0.7932096123695374,4.183111667633057,0.0
Isaac,10000,flat,precision_vx_+0.10,7209,success,,True,,,,0.7929245233535767,5.339799880981445,0.0
Isaac,10000,flat,precision_vx_+0.10,7210,success,,True,,,,0.7965888381004333,9.139713287353516,0.0
Isaac,10000,flat,precision_vx_+0.10,7211,success,,True,,,,0.7923647165298462,5.408187389373779,0.0
Isaac,10000,flat,precision_vx_+0.10,7212,success,,True,,,,0.7989166975021362,10.985011100769043,0.0
Isaac,10000,flat,precision_vx_+0.10,7213,success,,True,,,,0.7912377715110779,4.7743120193481445,0.0
Isaac,10000,flat,precision_vx_+0.10,7214,success,,True,,,,0.7945133447647095,6.1811137199401855,0.0
Isaac,10000,flat,precision_vx_+0.10,7215,success,,True,,,,0.795076310634613,5.537195205688477,0.0
Isaac,10000,flat,precision_vx_+0.10,7216,success,,True,,,,0.7988739013671875,11.710633277893066,0.0
Isaac,10000,flat,precision_vy_-0.10,7201,tracking_failure,tracking_failure,True,,,,0.8039047122001648,5.400978088378906,0.0
Isaac,10000,flat,precision_vy_-0.10,7202,tracking_failure,tracking_failure,True,,,,0.7961453795433044,5.841480255126953,0.0
Isaac,10000,flat,precision_vy_-0.10,7203,tracking_failure,tracking_failure,True,,,,0.8057855367660522,5.584110260009766,0.0
Isaac,10000,flat,precision_vy_-0.10,7204,tracking_failure,tracking_failure,True,,,,0.7993230819702148,5.374923229217529,0.0
Isaac,10000,flat,precision_vy_-0.10,7205,tracking_failure,tracking_failure,True,,,,0.7974815368652344,6.590747356414795,0.0
Isaac,10000,flat,precision_vy_-0.10,7206,tracking_failure,tracking_failure,True,,,,0.8100839257240295,4.9361138343811035,0.0
Isaac,10000,flat,precision_vy_-0.10,7207,tracking_failure,tracking_failure,True,,,,0.8034683465957642,5.995710849761963,0.0
Isaac,10000,flat,precision_vy_-0.10,7208,tracking_failure,tracking_failure,True,,,,0.7975785732269287,4.183111667633057,0.0
Isaac,10000,flat,precision_vy_-0.10,7209,tracking_failure,tracking_failure,True,,,,0.7978074550628662,5.339799880981445,0.0
Isaac,10000,flat,precision_vy_-0.10,7210,tracking_failure,tracking_failure,True,,,,0.8143880367279053,9.139713287353516,0.0
Isaac,10000,flat,precision_vy_-0.10,7211,tracking_failure,tracking_failure,True,,,,0.7967511415481567,5.408187389373779,0.0
Isaac,10000,flat,precision_vy_-0.10,7212,tracking_failure,tracking_failure,True,,,,0.80292147397995,10.985011100769043,0.0
Isaac,10000,flat,precision_vy_-0.10,7213,tracking_failure,tracking_failure,True,,,,0.8074865341186523,4.7743120193481445,0.0
Isaac,10000,flat,precision_vy_-0.10,7214,tracking_failure,tracking_failure,True,,,,0.7996245622634888,6.1811137199401855,0.0
Isaac,10000,flat,precision_vy_-0.10,7215,tracking_failure,tracking_failure,True,,,,0.8027728199958801,5.537195205688477,0.0
Isaac,10000,flat,precision_vy_-0.10,7216,tracking_failure,tracking_failure,True,,,,0.8131283521652222,11.710633277893066,0.0
Isaac,10000,flat,precision_vy_+0.10,7201,tracking_failure,tracking_failure,True,,,,0.8156799077987671,5.400978088378906,0.0
Isaac,10000,flat,precision_vy_+0.10,7202,tracking_failure,tracking_failure,True,,,,0.8102788925170898,5.841480255126953,0.0
Isaac,10000,flat,precision_vy_+0.10,7203,tracking_failure,tracking_failure,True,,,,0.8216884732246399,5.584110260009766,0.0
Isaac,10000,flat,precision_vy_+0.10,7204,tracking_failure,tracking_failure,True,,,,0.8130556344985962,5.374923229217529,0.0
Isaac,10000,flat,precision_vy_+0.10,7205,tracking_failure,tracking_failure,True,,,,0.8076940178871155,6.590747356414795,0.0
Isaac,10000,flat,precision_vy_+0.10,7206,tracking_failure,tracking_failure,True,,,,0.822127103805542,4.9361138343811035,0.0
Isaac,10000,flat,precision_vy_+0.10,7207,tracking_failure,tracking_failure,True,,,,0.8133344650268555,5.995710849761963,0.0
Isaac,10000,flat,precision_vy_+0.10,7208,tracking_failure,tracking_failure,True,,,,0.8193731307983398,4.183111667633057,0.0
Isaac,10000,flat,precision_vy_+0.10,7209,tracking_failure,tracking_failure,True,,,,0.8152342438697815,5.339799880981445,0.0
Isaac,10000,flat,precision_vy_+0.10,7210,tracking_failure,tracking_failure,True,,,,0.8255132436752319,9.139713287353516,0.0
Isaac,10000,flat,precision_vy_+0.10,7211,tracking_failure,tracking_failure,True,,,,0.8184642791748047,5.408187389373779,0.0
Isaac,10000,flat,precision_vy_+0.10,7212,tracking_failure,tracking_failure,True,,,,0.8198840618133545,10.985011100769043,0.0
Isaac,10000,flat,precision_vy_+0.10,7213,tracking_failure,tracking_failure,True,,,,0.8201475739479065,4.7743120193481445,0.0
Isaac,10000,flat,precision_vy_+0.10,7214,tracking_failure,tracking_failure,True,,,,0.8192762136459351,6.1811137199401855,0.0
Isaac,10000,flat,precision_vy_+0.10,7215,tracking_failure,tracking_failure,True,,,,0.8176925182342529,5.537195205688477,0.0
Isaac,10000,flat,precision_vy_+0.10,7216,tracking_failure,tracking_failure,True,,,,0.8252009153366089,11.710633277893066,0.0
Isaac,10000,flat,precision_wz_-0.10,7201,tracking_failure,tracking_failure,True,,,,0.8236201405525208,5.400978088378906,0.0
Isaac,10000,flat,precision_wz_-0.10,7202,tracking_failure,tracking_failure,True,,,,0.8167703151702881,5.841480255126953,0.0
Isaac,10000,flat,precision_wz_-0.10,7203,tracking_failure,tracking_failure,True,,,,0.8275253176689148,5.584110260009766,0.0
Isaac,10000,flat,precision_wz_-0.10,7204,tracking_failure,tracking_failure,True,,,,0.8049327731132507,5.374923229217529,0.0
Isaac,10000,flat,precision_wz_-0.10,7205,tracking_failure,tracking_failure,True,,,,0.803791344165802,6.590747356414795,0.0
Isaac,10000,flat,precision_wz_-0.10,7206,tracking_failure,tracking_failure,True,,,,0.8331087231636047,4.9361138343811035,0.0
Isaac,10000,flat,precision_wz_-0.10,7207,tracking_failure,tracking_failure,True,,,,0.8225562572479248,5.995710849761963,0.0
Isaac,10000,flat,precision_wz_-0.10,7208,tracking_failure,tracking_failure,True,,,,0.8206192851066589,4.183111667633057,0.0
Isaac,10000,flat,precision_wz_-0.10,7209,tracking_failure,tracking_failure,True,,,,0.8036535978317261,5.339799880981445,0.0
Isaac,10000,flat,precision_wz_-0.10,7210,tracking_failure,tracking_failure,True,,,,0.8357893824577332,9.139713287353516,0.0
Isaac,10000,flat,precision_wz_-0.10,7211,tracking_failure,tracking_failure,True,,,,0.8208298683166504,5.408187389373779,0.0
Isaac,10000,flat,precision_wz_-0.10,7212,tracking_failure,tracking_failure,True,,,,0.8108192682266235,10.985011100769043,0.0
Isaac,10000,flat,precision_wz_-0.10,7213,tracking_failure,tracking_failure,True,,,,0.8295695781707764,4.7743120193481445,0.0
Isaac,10000,flat,precision_wz_-0.10,7214,tracking_failure,tracking_failure,True,,,,0.8216678500175476,6.1811137199401855,0.0
Isaac,10000,flat,precision_wz_-0.10,7215,tracking_failure,tracking_failure,True,,,,0.8226529955863953,5.537195205688477,0.0
Isaac,10000,flat,precision_wz_-0.10,7216,tracking_failure,tracking_failure,True,,,,0.8352214694023132,11.710633277893066,0.0
Isaac,10000,flat,precision_wz_+0.10,7201,tracking_failure,tracking_failure,True,,,,0.8220422863960266,5.400978088378906,0.0
Isaac,10000,flat,precision_wz_+0.10,7202,tracking_failure,tracking_failure,True,,,,0.8161340951919556,5.841480255126953,0.0
Isaac,10000,flat,precision_wz_+0.10,7203,tracking_failure,tracking_failure,True,,,,0.8284092545509338,5.584110260009766,0.0
Isaac,10000,flat,precision_wz_+0.10,7204,tracking_failure,tracking_failure,True,,,,0.819805383682251,5.374923229217529,0.0
Isaac,10000,flat,precision_wz_+0.10,7205,tracking_failure,tracking_failure,True,,,,0.8200599551200867,6.590747356414795,0.0
Isaac,10000,flat,precision_wz_+0.10,7206,tracking_failure,tracking_failure,True,,,,0.8308529257774353,4.9361138343811035,0.0
Isaac,10000,flat,precision_wz_+0.10,7207,tracking_failure,tracking_failure,True,,,,0.8215780854225159,5.995710849761963,0.0
Isaac,10000,flat,precision_wz_+0.10,7208,tracking_failure,tracking_failure,True,,,,0.8216970562934875,4.183111667633057,0.0
Isaac,10000,flat,precision_wz_+0.10,7209,tracking_failure,tracking_failure,True,,,,0.8206301331520081,5.339799880981445,0.0
Isaac,10000,flat,precision_wz_+0.10,7210,tracking_failure,tracking_failure,True,,,,0.8313384056091309,9.139713287353516,0.0
Isaac,10000,flat,precision_wz_+0.10,7211,tracking_failure,tracking_failure,True,,,,0.8246594667434692,5.408187389373779,0.0
Isaac,10000,flat,precision_wz_+0.10,7212,tracking_failure,tracking_failure,True,,,,0.8268941640853882,10.985011100769043,0.0
Isaac,10000,flat,precision_wz_+0.10,7213,tracking_failure,tracking_failure,True,,,,0.8254963159561157,4.7743120193481445,0.0
Isaac,10000,flat,precision_wz_+0.10,7214,tracking_failure,tracking_failure,True,,,,0.8260975480079651,6.1811137199401855,0.0
Isaac,10000,flat,precision_wz_+0.10,7215,tracking_failure,tracking_failure,True,,,,0.8235756754875183,5.537195205688477,0.0
Isaac,10000,flat,precision_wz_+0.10,7216,tracking_failure,tracking_failure,True,,,,0.8284131288528442,11.710633277893066,0.0
Isaac,10000,flat,diagonal,7201,tracking_failure,command_transition_failure|tracking_failure,True,,,,0.6848151087760925,15.717061042785645,0.00011363636363636364
Isaac,10000,flat,diagonal,7202,tracking_failure,command_transition_failure|tracking_failure,True,,,,0.6707102656364441,17.456872940063477,0.00045454545454545455
Isaac,10000,flat,diagonal,7203,tracking_failure,command_transition_failure|tracking_failure,True,,,,0.6873601675033569,12.61604118347168,0.00011363636363636364
Isaac,10000,flat,diagonal,7204,tracking_failure,command_transition_failure|tracking_failure,True,,,,0.6828693151473999,20.009876251220703,0.00011363636363636364
Isaac,10000,flat,diagonal,7205,tracking_failure,command_transition_failure|tracking_failure,True,,,,0.6877293586730957,15.871631622314453,0.00011363636363636364
Isaac,10000,flat,diagonal,7206,tracking_failure,command_transition_failure|tracking_failure,True,,,,0.6747593879699707,14.601346969604492,0.00011363636363636364
Isaac,10000,flat,diagonal,7207,tracking_failure,command_transition_failure|tracking_failure,True,,,,0.685968279838562,11.340010643005371,0.00022727272727272727
Isaac,10000,flat,diagonal,7208,tracking_failure,command_transition_failure|tracking_failure,True,,,,0.6853063106536865,16.68953514099121,0.00022727272727272727
Isaac,10000,flat,diagonal,7209,tracking_failure,command_transition_failure|tracking_failure,True,,,,0.6869834661483765,20.478540420532227,0.00011363636363636364
Isaac,10000,flat,diagonal,7210,tracking_failure,command_transition_failure|tracking_failure,True,,,,0.6735291481018066,16.13127326965332,0.00011363636363636364
Isaac,10000,flat,diagonal,7211,tracking_failure,command_transition_failure|tracking_failure,True,,,,0.6853976249694824,13.928642272949219,0.00022727272727272727
Isaac,10000,flat,diagonal,7212,tracking_failure,command_transition_failure|tracking_failure,True,,,,0.686281681060791,16.970815658569336,0.0
Isaac,10000,flat,diagonal,7213,tracking_failure,command_transition_failure|tracking_failure,True,,,,0.6767916083335876,14.236917495727539,0.00011363636363636364
Isaac,10000,flat,diagonal,7214,tracking_failure,command_transition_failure|tracking_failure,True,,,,0.6848675608634949,13.716107368469238,0.00011363636363636364
Isaac,10000,flat,diagonal,7215,tracking_failure,command_transition_failure|tracking_failure,True,,,,0.6796378493309021,16.615867614746094,0.00011363636363636364
Isaac,10000,flat,diagonal,7216,tracking_failure,command_transition_failure|tracking_failure,True,,,,0.6870156526565552,17.752471923828125,0.00011363636363636364
Isaac,10000,flat,turning,7201,command_transition_failure,command_transition_failure,True,,,,0.34145039319992065,26.338098526000977,0.001931818181818182
Isaac,10000,flat,turning,7202,command_transition_failure,command_transition_failure,True,,,,0.3090220093727112,25.856718063354492,0.002840909090909091
Isaac,10000,flat,turning,7203,success,,True,,,,0.2948545217514038,25.266141891479492,0.002159090909090909
Isaac,10000,flat,turning,7204,tracking_failure,command_transition_failure|tracking_failure,True,,,,0.3160199522972107,26.203102111816406,0.0026136363636363636
Isaac,10000,flat,turning,7205,success,,True,,,,0.28658872842788696,24.54960060119629,0.002159090909090909
Isaac,10000,flat,turning,7206,success,,True,,,,0.3363339900970459,26.453073501586914,0.0020454545454545456
Isaac,10000,flat,turning,7207,command_transition_failure,command_transition_failure,True,,,,0.2916337251663208,28.657394409179688,0.0032954545454545454
Isaac,10000,flat,turning,7208,success,,True,,,,0.303084135055542,25.635643005371094,0.002840909090909091
Isaac,10000,flat,turning,7209,command_transition_failure,command_transition_failure,True,,,,0.29258251190185547,27.25490951538086,0.0029545454545454545
Isaac,10000,flat,turning,7210,command_transition_failure,command_transition_failure,True,,,,0.3017585873603821,27.8885555267334,0.002159090909090909
Isaac,10000,flat,turning,7211,success,,True,,,,0.3381560444831848,26.346302032470703,0.0014772727272727272
Isaac,10000,flat,turning,7212,success,,True,,,,0.31904417276382446,25.96833610534668,0.003181818181818182
Isaac,10000,flat,turning,7213,success,,True,,,,0.3175206184387207,26.32784652709961,0.003068181818181818
Isaac,10000,flat,turning,7214,success,,True,,,,0.30638283491134644,26.986534118652344,0.0017045454545454545
Isaac,10000,flat,turning,7215,success,,True,,,,0.3398228883743286,26.077489852905273,0.0022727272727272726
Isaac,10000,flat,turning,7216,success,,True,,,,0.3093022108078003,26.317604064941406,0.0026136363636363636
Isaac,10000,flat,reverse,7201,success,,True,,,,0.6876723766326904,24.591278076171875,0.0008108108108108108
Isaac,10000,flat,reverse,7202,success,,True,,,,0.6771975755691528,28.046432495117188,0.0031756756756756758
Isaac,10000,flat,reverse,7203,success,,True,,,,0.6908537149429321,31.355819702148438,0.001554054054054054
Isaac,10000,flat,reverse,7204,success,,True,,,,0.6853896379470825,23.622840881347656,0.0006756756756756757
Isaac,10000,flat,reverse,7205,success,,True,,,,0.6874892711639404,26.653457641601562,0.00047297297297297297
Isaac,10000,flat,reverse,7206,success,,True,,,,0.6740565299987793,26.024803161621094,0.0033783783783783786
Isaac,10000,flat,reverse,7207,success,,True,,,,0.687073290348053,28.171558380126953,0.0014864864864864865
Isaac,10000,flat,reverse,7208,success,,True,,,,0.6885970830917358,25.031572341918945,0.0012162162162162162
Isaac,10000,flat,reverse,7209,success,,True,,,,0.6880784034729004,26.550613403320312,0.0002027027027027027
Isaac,10000,flat,reverse,7210,success,,True,,,,0.6804975867271423,26.24560546875,0.0004054054054054054
Isaac,10000,flat,reverse,7211,success,,True,,,,0.6872528791427612,27.071308135986328,0.0024324324324324323
Isaac,10000,flat,reverse,7212,success,,True,,,,0.6768684983253479,20.80682373046875,0.0019594594594594594
Isaac,10000,flat,reverse,7213,success,,True,,,,0.6832516193389893,26.113182067871094,0.00033783783783783786
Isaac,10000,flat,reverse,7214,success,,True,,,,0.6844981908798218,27.50748062133789,0.0011486486486486486
Isaac,10000,flat,reverse,7215,success,,True,,,,0.6860281229019165,24.314254760742188,0.00013513513513513514
Isaac,10000,flat,reverse,7216,success,,True,,,,0.6884949207305908,22.457962036132812,0.0007432432432432432
Isaac,10000,flat,ramp,7201,command_transition_failure,command_transition_failure,True,,,,0.6932642459869385,21.57008171081543,0.0026041666666666665
Isaac,10000,flat,ramp,7202,tracking_failure,command_transition_failure|tracking_failure,True,,,,0.6947925090789795,21.06534194946289,0.0040625
Isaac,10000,flat,ramp,7203,tracking_failure,command_transition_failure|tracking_failure,True,,,,0.6965802907943726,25.725496292114258,0.004166666666666667
Isaac,10000,flat,ramp,7204,tracking_failure,command_transition_failure|tracking_failure,True,,,,0.6933493614196777,21.344572067260742,0.0032291666666666666
Isaac,10000,flat,ramp,7205,tracking_failure,command_transition_failure|tracking_failure,True,,,,0.6991930603981018,24.10878562927246,0.0036458333333333334
Isaac,10000,flat,ramp,7206,tracking_failure,command_transition_failure|tracking_failure,True,,,,0.6940432786941528,22.57503318786621,0.0034375
Isaac,10000,flat,ramp,7207,tracking_failure,command_transition_failure|tracking_failure,True,,,,0.6998207569122314,23.248310089111328,0.004166666666666667
Isaac,10000,flat,ramp,7208,tracking_failure,command_transition_failure|tracking_failure,True,,,,0.7003617286682129,23.152822494506836,0.004791666666666666
Isaac,10000,flat,ramp,7209,tracking_failure,command_transition_failure|tracking_failure,True,,,,0.6906569600105286,24.386816024780273,0.001979166666666667
Isaac,10000,flat,ramp,7210,tracking_failure,command_transition_failure|tracking_failure,True,,,,0.6972514390945435,23.068012237548828,0.0046875
Isaac,10000,flat,ramp,7211,tracking_failure,command_transition_failure|tracking_failure,True,,,,0.6902721524238586,24.00908851623535,0.0036458333333333334
Isaac,10000,flat,ramp,7212,tracking_failure,command_transition_failure|tracking_failure,True,,,,0.6972944140434265,25.888622283935547,0.0035416666666666665
Isaac,10000,flat,ramp,7213,tracking_failure,command_transition_failure|tracking_failure,True,,,,0.6964529156684875,21.58892822265625,0.0032291666666666666
Isaac,10000,flat,ramp,7214,tracking_failure,command_transition_failure|tracking_failure,True,,,,0.6877118945121765,25.90720558166504,0.0034375
Isaac,10000,flat,ramp,7215,tracking_failure,command_transition_failure|tracking_failure,True,,,,0.6981638073921204,24.429643630981445,0.004375
Isaac,10000,flat,ramp,7216,tracking_failure,command_transition_failure|tracking_failure,True,,,,0.6973352432250977,24.995718002319336,0.0032291666666666666
Isaac,10000,flat,push_moving,7201,success,,True,,,,0.6884470582008362,12.543872833251953,0.00045454545454545455
Isaac,10000,flat,push_moving,7202,success,,True,,,,0.6890626549720764,15.392024040222168,0.00022727272727272727
Isaac,10000,flat,push_moving,7203,success,,True,,,,0.6788046956062317,15.826171875,0.00011363636363636364
Isaac,10000,flat,push_moving,7204,success,,True,,,,0.6886709332466125,15.19759464263916,0.00022727272727272727
Isaac,10000,flat,push_moving,7205,success,,True,,,,0.6795366406440735,15.269261360168457,0.00045454545454545455
Isaac,10000,flat,push_moving,7206,success,,True,,,,0.6884927749633789,12.257210731506348,0.00011363636363636364
Isaac,10000,flat,push_moving,7207,success,,True,,,,0.6823775768280029,17.737403869628906,0.00022727272727272727
Isaac,10000,flat,push_moving,7208,success,,True,,,,0.6785277128219604,15.373703002929688,0.00011363636363636364
Isaac,10000,flat,push_moving,7209,success,,True,,,,0.6893295049667358,14.953899383544922,0.00022727272727272727
Isaac,10000,flat,push_moving,7210,success,,True,,,,0.6853545308113098,17.22390365600586,0.00034090909090909094
Isaac,10000,flat,push_moving,7211,success,,True,,,,0.688400149345398,13.451498031616211,0.0
Isaac,10000,flat,push_moving,7212,success,,True,,,,0.6851249933242798,15.28084659576416,0.00011363636363636364
Isaac,10000,flat,push_moving,7213,success,,True,,,,0.6851808428764343,13.815482139587402,0.00022727272727272727
Isaac,10000,flat,push_moving,7214,success,,True,,,,0.6910727024078369,13.404114723205566,0.00011363636363636364
Isaac,10000,flat,push_moving,7215,success,,True,,,,0.6901635527610779,13.086166381835938,0.00011363636363636364
Isaac,10000,flat,push_moving,7216,success,,True,,,,0.681645393371582,15.375494956970215,0.00011363636363636364
Isaac,10000,flat,push_standing,7201,success,,True,,,,0.8108583092689514,5.400978088378906,0.0
Isaac,10000,flat,push_standing,7202,success,,True,,,,0.811137318611145,5.841480255126953,0.0
Isaac,10000,flat,push_standing,7203,success,,True,,,,0.8206753134727478,5.584110260009766,0.0
Isaac,10000,flat,push_standing,7204,success,,True,,,,0.8108919262886047,5.374923229217529,0.0
Isaac,10000,flat,push_standing,7205,success,,True,,,,0.8175382018089294,6.590747356414795,0.0
Isaac,10000,flat,push_standing,7206,success,,True,,,,0.8200417757034302,4.9361138343811035,0.0
Isaac,10000,flat,push_standing,7207,success,,True,,,,0.8137830495834351,5.995710849761963,0.0
Isaac,10000,flat,push_standing,7208,success,,True,,,,0.8156965374946594,4.183111667633057,0.0
Isaac,10000,flat,push_standing,7209,success,,True,,,,0.8137734532356262,5.339799880981445,0.0
Isaac,10000,flat,push_standing,7210,success,,True,,,,0.8224126696586609,9.139713287353516,0.0
Isaac,10000,flat,push_standing,7211,success,,True,,,,0.815143883228302,5.408187389373779,0.0
Isaac,10000,flat,push_standing,7212,success,,True,,,,0.8198710680007935,10.985011100769043,0.0
Isaac,10000,flat,push_standing,7213,success,,True,,,,0.8188871145248413,4.7743120193481445,0.0
Isaac,10000,flat,push_standing,7214,success,,True,,,,0.8163347840309143,6.1811137199401855,0.0
Isaac,10000,flat,push_standing,7215,success,,True,,,,0.8145224452018738,5.537195205688477,0.0
Isaac,10000,flat,push_standing,7216,success,,True,,,,0.8183059692382812,11.710633277893066,0.0
Isaac,15000,flat,stand,7201,success,,True,,,,0.8273152112960815,6.664360523223877,0.0
Isaac,15000,flat,stand,7202,success,,True,,,,0.82109534740448,6.420722961425781,0.0
Isaac,15000,flat,stand,7203,success,,True,,,,0.8296599984169006,8.741865158081055,0.0
Isaac,15000,flat,stand,7204,success,,True,,,,0.8285146355628967,7.325985431671143,0.0
Isaac,15000,flat,stand,7205,success,,True,,,,0.8254103660583496,8.475532531738281,0.0
Isaac,15000,flat,stand,7206,success,,True,,,,0.8400825262069702,8.931193351745605,0.0
Isaac,15000,flat,stand,7207,success,,True,,,,0.8245961666107178,6.942875385284424,0.0
Isaac,15000,flat,stand,7208,success,,True,,,,0.8296045064926147,9.262282371520996,0.0
Isaac,15000,flat,stand,7209,success,,True,,,,0.8296359777450562,9.613022804260254,0.0
Isaac,15000,flat,stand,7210,success,,True,,,,0.829302191734314,7.849145889282227,0.0
Isaac,15000,flat,stand,7211,success,,True,,,,0.828860878944397,6.577635765075684,0.0
Isaac,15000,flat,stand,7212,success,,True,,,,0.8306180238723755,7.938139915466309,0.0
Isaac,15000,flat,stand,7213,success,,True,,,,0.8276918530464172,9.06710147857666,0.0
Isaac,15000,flat,stand,7214,success,,True,,,,0.8285846710205078,8.975255966186523,0.0
Isaac,15000,flat,stand,7215,success,,True,,,,0.8318540453910828,9.542252540588379,0.0
Isaac,15000,flat,stand,7216,success,,True,,,,0.8315272927284241,6.770564556121826,0.0
Isaac,15000,flat,vx_-0.50,7201,success,,True,,,,0.6327766180038452,11.141565322875977,0.00045454545454545455
Isaac,15000,flat,vx_-0.50,7202,success,,True,,,,0.6349129676818848,11.622102737426758,0.00022727272727272727
Isaac,15000,flat,vx_-0.50,7203,success,,True,,,,0.6330246329307556,11.016304969787598,0.00011363636363636364
Isaac,15000,flat,vx_-0.50,7204,success,,True,,,,0.6309999823570251,11.560369491577148,0.0009090909090909091
Isaac,15000,flat,vx_-0.50,7205,success,,True,,,,0.6341148614883423,10.512738227844238,0.00045454545454545455
Isaac,15000,flat,vx_-0.50,7206,success,,True,,,,0.6307305693626404,10.722888946533203,0.0005681818181818182
Isaac,15000,flat,vx_-0.50,7207,success,,True,,,,0.6349510550498962,10.87855052947998,0.0005681818181818182
Isaac,15000,flat,vx_-0.50,7208,success,,True,,,,0.6333606243133545,11.06190299987793,0.00045454545454545455
Isaac,15000,flat,vx_-0.50,7209,success,,True,,,,0.6273758411407471,13.008463859558105,0.00034090909090909094
Isaac,15000,flat,vx_-0.50,7210,success,,True,,,,0.6323261857032776,11.044257164001465,0.0010227272727272728
Isaac,15000,flat,vx_-0.50,7211,success,,True,,,,0.6310622096061707,10.457823753356934,0.00034090909090909094
Isaac,15000,flat,vx_-0.50,7212,success,,True,,,,0.6332281231880188,11.122986793518066,0.00034090909090909094
Isaac,15000,flat,vx_-0.50,7213,success,,True,,,,0.634352445602417,10.844281196594238,0.0006818181818181819
Isaac,15000,flat,vx_-0.50,7214,success,,True,,,,0.6337808966636658,9.79280948638916,0.00011363636363636364
Isaac,15000,flat,vx_-0.50,7215,success,,True,,,,0.63506019115448,11.010298728942871,0.0009090909090909091
Isaac,15000,flat,vx_-0.50,7216,success,,True,,,,0.6308537721633911,11.431106567382812,0.00045454545454545455
Isaac,15000,flat,vx_+0.50,7201,success,,True,,,,0.6495912075042725,14.231636047363281,0.00045454545454545455
Isaac,15000,flat,vx_+0.50,7202,success,,True,,,,0.6451343297958374,15.285859107971191,0.0007954545454545455
Isaac,15000,flat,vx_+0.50,7203,success,,True,,,,0.6411973237991333,14.430130004882812,0.00034090909090909094
Isaac,15000,flat,vx_+0.50,7204,success,,True,,,,0.6419134736061096,17.460586547851562,0.00022727272727272727
Isaac,15000,flat,vx_+0.50,7205,success,,True,,,,0.646022379398346,13.469076156616211,0.0005681818181818182
Isaac,15000,flat,vx_+0.50,7206,success,,True,,,,0.6473686695098877,15.319925308227539,0.00034090909090909094
Isaac,15000,flat,vx_+0.50,7207,success,,True,,,,0.64534592628479,14.4815673828125,0.0007954545454545455
Isaac,15000,flat,vx_+0.50,7208,success,,True,,,,0.6396408081054688,13.842254638671875,0.0006818181818181819
Isaac,15000,flat,vx_+0.50,7209,success,,True,,,,0.6440405249595642,13.992935180664062,0.00034090909090909094
Isaac,15000,flat,vx_+0.50,7210,success,,True,,,,0.6434575319290161,13.696490287780762,0.0006818181818181819
Isaac,15000,flat,vx_+0.50,7211,success,,True,,,,0.643985390663147,18.634117126464844,0.0007954545454545455
Isaac,15000,flat,vx_+0.50,7212,success,,True,,,,0.6449496150016785,14.980356216430664,0.0010227272727272728
Isaac,15000,flat,vx_+0.50,7213,success,,True,,,,0.6460809707641602,16.817352294921875,0.0005681818181818182
Isaac,15000,flat,vx_+0.50,7214,success,,True,,,,0.6449136734008789,15.983348846435547,0.0005681818181818182
Isaac,15000,flat,vx_+0.50,7215,success,,True,,,,0.6437729597091675,13.552332878112793,0.0007954545454545455
Isaac,15000,flat,vx_+0.50,7216,success,,True,,,,0.6399945020675659,14.004923820495605,0.0005681818181818182
Isaac,15000,flat,vx_+1.00,7201,command_transition_failure,command_transition_failure,True,,,,0.714858889579773,26.39642906188965,0.004545454545454545
Isaac,15000,flat,vx_+1.00,7202,tracking_failure,command_transition_failure|tracking_failure,True,,,,0.7152448892593384,24.54465103149414,0.00375
Isaac,15000,flat,vx_+1.00,7203,tracking_failure,command_transition_failure|tracking_failure,True,,,,0.6983572840690613,30.95108413696289,0.003977272727272727
Isaac,15000,flat,vx_+1.00,7204,tracking_failure,command_transition_failure|tracking_failure,True,,,,0.7185361385345459,25.25769805908203,0.004090909090909091
Isaac,15000,flat,vx_+1.00,7205,tracking_failure,command_transition_failure|tracking_failure,True,,,,0.7163839340209961,25.125873565673828,0.00375
Isaac,15000,flat,vx_+1.00,7206,tracking_failure,command_transition_failure|tracking_failure,True,,,,0.7198706865310669,23.723499298095703,0.003181818181818182
Isaac,15000,flat,vx_+1.00,7207,tracking_failure,command_transition_failure|tracking_failure,True,,,,0.7095085382461548,25.006505966186523,0.00375
Isaac,15000,flat,vx_+1.00,7208,command_transition_failure,command_transition_failure,True,,,,0.7135819792747498,26.556055068969727,0.003409090909090909
Isaac,15000,flat,vx_+1.00,7209,tracking_failure,command_transition_failure|tracking_failure,True,,,,0.7161956429481506,27.231197357177734,0.005
Isaac,15000,flat,vx_+1.00,7210,command_transition_failure,command_transition_failure,True,,,,0.7176926732063293,24.82787322998047,0.004659090909090909
Isaac,15000,flat,vx_+1.00,7211,tracking_failure,command_transition_failure|tracking_failure,True,,,,0.7152042388916016,25.591075897216797,0.003068181818181818
Isaac,15000,flat,vx_+1.00,7212,tracking_failure,command_transition_failure|tracking_failure,True,,,,0.7142847776412964,24.161155700683594,0.003863636363636364
Isaac,15000,flat,vx_+1.00,7213,command_transition_failure,command_transition_failure,True,,,,0.7035422325134277,23.54356575012207,0.004204545454545455
Isaac,15000,flat,vx_+1.00,7214,command_transition_failure,command_transition_failure,True,,,,0.7089577913284302,25.78390121459961,0.00375
Isaac,15000,flat,vx_+1.00,7215,command_transition_failure,command_transition_failure,True,,,,0.7167368531227112,26.639665603637695,0.00375
Isaac,15000,flat,vx_+1.00,7216,command_transition_failure,command_transition_failure,True,,,,0.7167519927024841,24.716466903686523,0.005454545454545455
Isaac,15000,flat,vy_-0.20,7201,tracking_failure,command_transition_failure|tracking_failure,True,,,,0.7801879644393921,6.664360523223877,0.0
Isaac,15000,flat,vy_-0.20,7202,tracking_failure,command_transition_failure|tracking_failure,True,,,,0.7690549492835999,6.420722961425781,0.0
Isaac,15000,flat,vy_-0.20,7203,tracking_failure,command_transition_failure|tracking_failure,True,,,,0.7770280241966248,8.741865158081055,0.0
Isaac,15000,flat,vy_-0.20,7204,tracking_failure,command_transition_failure|tracking_failure,True,,,,0.7712439298629761,7.325985431671143,0.0
Isaac,15000,flat,vy_-0.20,7205,tracking_failure,command_transition_failure|tracking_failure,True,,,,0.773521900177002,8.475532531738281,0.0
Isaac,15000,flat,vy_-0.20,7206,tracking_failure,command_transition_failure|tracking_failure,True,,,,0.7724814414978027,8.931193351745605,0.0
Isaac,15000,flat,vy_-0.20,7207,tracking_failure,command_transition_failure|tracking_failure,True,,,,0.7775956392288208,6.942875385284424,0.0
Isaac,15000,flat,vy_-0.20,7208,tracking_failure,command_transition_failure|tracking_failure,True,,,,0.7753269672393799,9.262282371520996,0.0
Isaac,15000,flat,vy_-0.20,7209,tracking_failure,command_transition_failure|tracking_failure,True,,,,0.7679046392440796,9.613022804260254,0.0
Isaac,15000,flat,vy_-0.20,7210,tracking_failure,command_transition_failure|tracking_failure,True,,,,0.778314471244812,7.849145889282227,0.0
Isaac,15000,flat,vy_-0.20,7211,tracking_failure,command_transition_failure|tracking_failure,True,,,,0.7741383910179138,6.577635765075684,0.0
Isaac,15000,flat,vy_-0.20,7212,tracking_failure,command_transition_failure|tracking_failure,True,,,,0.7801327705383301,7.938139915466309,0.0
Isaac,15000,flat,vy_-0.20,7213,tracking_failure,command_transition_failure|tracking_failure,True,,,,0.7773872017860413,9.06710147857666,0.0
Isaac,15000,flat,vy_-0.20,7214,tracking_failure,command_transition_failure|tracking_failure,True,,,,0.7764604091644287,8.975255966186523,0.0
Isaac,15000,flat,vy_-0.20,7215,tracking_failure,command_transition_failure|tracking_failure,True,,,,0.7722654342651367,9.542252540588379,0.0
Isaac,15000,flat,vy_-0.20,7216,tracking_failure,command_transition_failure|tracking_failure,True,,,,0.7716450095176697,6.770564556121826,0.0
Isaac,15000,flat,vy_+0.20,7201,tracking_failure,command_transition_failure|tracking_failure,True,,,,0.771975040435791,6.664360523223877,0.0
Isaac,15000,flat,vy_+0.20,7202,tracking_failure,command_transition_failure|tracking_failure,True,,,,0.7674300074577332,6.420722961425781,0.0
Isaac,15000,flat,vy_+0.20,7203,tracking_failure,command_transition_failure|tracking_failure,True,,,,0.775128185749054,8.741865158081055,0.0
Isaac,15000,flat,vy_+0.20,7204,tracking_failure,command_transition_failure|tracking_failure,True,,,,0.7702609300613403,7.325985431671143,0.0
Isaac,15000,flat,vy_+0.20,7205,tracking_failure,command_transition_failure|tracking_failure,True,,,,0.7639859318733215,8.475532531738281,0.0
Isaac,15000,flat,vy_+0.20,7206,tracking_failure,command_transition_failure|tracking_failure,True,,,,0.7531389594078064,8.931193351745605,0.0
Isaac,15000,flat,vy_+0.20,7207,tracking_failure,command_transition_failure|tracking_failure,True,,,,0.7623046636581421,6.942875385284424,0.0
Isaac,15000,flat,vy_+0.20,7208,tracking_failure,command_transition_failure|tracking_failure,True,,,,0.7747923731803894,9.262282371520996,0.0
Isaac,15000,flat,vy_+0.20,7209,tracking_failure,command_transition_failure|tracking_failure,True,,,,0.7689482569694519,9.613022804260254,0.0
Isaac,15000,flat,vy_+0.20,7210,tracking_failure,command_transition_failure|tracking_failure,True,,,,0.7680693864822388,7.849145889282227,0.0
Isaac,15000,flat,vy_+0.20,7211,tracking_failure,command_transition_failure|tracking_failure,True,,,,0.7595606446266174,6.577635765075684,0.0
Isaac,15000,flat,vy_+0.20,7212,tracking_failure,command_transition_failure|tracking_failure,True,,,,0.758186936378479,7.938139915466309,0.0
Isaac,15000,flat,vy_+0.20,7213,tracking_failure,command_transition_failure|tracking_failure,True,,,,0.7643589377403259,9.06710147857666,0.0
Isaac,15000,flat,vy_+0.20,7214,tracking_failure,command_transition_failure|tracking_failure,True,,,,0.7654851675033569,8.975255966186523,0.0
Isaac,15000,flat,vy_+0.20,7215,tracking_failure,command_transition_failure|tracking_failure,True,,,,0.7722746133804321,9.542252540588379,0.0
Isaac,15000,flat,vy_+0.20,7216,tracking_failure,command_transition_failure|tracking_failure,True,,,,0.7672832608222961,6.770564556121826,0.0
Isaac,15000,flat,wz_-0.50,7201,tracking_failure,tracking_failure,True,,,,0.2867559790611267,24.03711700439453,0.0009090909090909091
Isaac,15000,flat,wz_-0.50,7202,tracking_failure,command_transition_failure|tracking_failure,True,,,,0.2911977171897888,22.164356231689453,0.0007954545454545455
Isaac,15000,flat,wz_-0.50,7203,tracking_failure,command_transition_failure|tracking_failure,True,,,,0.29076576232910156,23.814960479736328,0.00045454545454545455
Isaac,15000,flat,wz_-0.50,7204,tracking_failure,tracking_failure,True,,,,0.29083704948425293,23.048702239990234,0.0011363636363636363
Isaac,15000,flat,wz_-0.50,7205,tracking_failure,command_transition_failure|tracking_failure,True,,,,0.2573784589767456,24.244312286376953,0.0009090909090909091
Isaac,15000,flat,wz_-0.50,7206,tracking_failure,command_transition_failure|tracking_failure,True,,,,0.27901244163513184,22.435867309570312,0.00045454545454545455
Isaac,15000,flat,wz_-0.50,7207,tracking_failure,tracking_failure,True,,,,0.25722843408584595,23.4710693359375,0.0005681818181818182
Isaac,15000,flat,wz_-0.50,7208,tracking_failure,tracking_failure,True,,,,0.2781407833099365,23.655914306640625,0.0013636363636363637
Isaac,15000,flat,wz_-0.50,7209,tracking_failure,standstill_failure|tracking_failure,True,,,,0.31327110528945923,27.932373046875,0.0005681818181818182
Isaac,15000,flat,wz_-0.50,7210,tracking_failure,tracking_failure,True,,,,0.2773650288581848,22.25767707824707,0.00011363636363636364
Isaac,15000,flat,wz_-0.50,7211,tracking_failure,tracking_failure,True,,,,0.25013238191604614,22.595661163330078,0.0006818181818181819
Isaac,15000,flat,wz_-0.50,7212,tracking_failure,tracking_failure,True,,,,0.284903347492218,21.74560546875,0.0006818181818181819
Isaac,15000,flat,wz_-0.50,7213,tracking_failure,tracking_failure,True,,,,0.24936991930007935,22.272279739379883,0.0009090909090909091
Isaac,15000,flat,wz_-0.50,7214,tracking_failure,tracking_failure,True,,,,0.2764989733695984,22.920684814453125,0.0005681818181818182
Isaac,15000,flat,wz_-0.50,7215,tracking_failure,command_transition_failure|tracking_failure,True,,,,0.26102352142333984,24.130016326904297,0.0006818181818181819
Isaac,15000,flat,wz_-0.50,7216,tracking_failure,tracking_failure,True,,,,0.29386579990386963,22.2337646484375,0.0009090909090909091
Isaac,15000,flat,wz_+0.50,7201,success,,True,,,,0.2797893285751343,21.56108856201172,0.00022727272727272727
Isaac,15000,flat,wz_+0.50,7202,tracking_failure,tracking_failure,True,,,,0.2792632579803467,20.067232131958008,0.00011363636363636364
Isaac,15000,flat,wz_+0.50,7203,tracking_failure,tracking_failure,True,,,,0.2830986976623535,26.306596755981445,0.00011363636363636364
Isaac,15000,flat,wz_+0.50,7204,success,,True,,,,0.29322004318237305,23.290029525756836,0.00011363636363636364
Isaac,15000,flat,wz_+0.50,7205,tracking_failure,tracking_failure,True,,,,0.255276620388031,20.475011825561523,0.00022727272727272727
Isaac,15000,flat,wz_+0.50,7206,tracking_failure,tracking_failure,True,,,,0.3148021101951599,20.289093017578125,0.00034090909090909094
Isaac,15000,flat,wz_+0.50,7207,tracking_failure,tracking_failure,True,,,,0.2858613133430481,25.356508255004883,0.00022727272727272727
Isaac,15000,flat,wz_+0.50,7208,tracking_failure,tracking_failure,True,,,,0.29372382164001465,25.344615936279297,0.00045454545454545455
Isaac,15000,flat,wz_+0.50,7209,tracking_failure,tracking_failure,True,,,,0.27920252084732056,19.668149948120117,0.00022727272727272727
Isaac,15000,flat,wz_+0.50,7210,tracking_failure,standstill_failure|tracking_failure,True,,,,0.27345097064971924,21.136634826660156,0.0005681818181818182
Isaac,15000,flat,wz_+0.50,7211,tracking_failure,tracking_failure,True,,,,0.29039645195007324,23.55074691772461,0.00022727272727272727
Isaac,15000,flat,wz_+0.50,7212,tracking_failure,tracking_failure,True,,,,0.281622052192688,20.809978485107422,0.00034090909090909094
Isaac,15000,flat,wz_+0.50,7213,tracking_failure,command_transition_failure|tracking_failure,True,,,,0.26604270935058594,20.65864372253418,0.00011363636363636364
Isaac,15000,flat,wz_+0.50,7214,tracking_failure,standstill_failure|tracking_failure,True,,,,0.25635355710983276,20.825483322143555,0.00022727272727272727
Isaac,15000,flat,wz_+0.50,7215,success,,True,,,,0.28139179944992065,21.259052276611328,0.00022727272727272727
Isaac,15000,flat,wz_+0.50,7216,tracking_failure,tracking_failure,True,,,,0.26741641759872437,20.635738372802734,0.00034090909090909094
Isaac,15000,flat,precision_vx_-0.10,7201,tracking_failure,tracking_failure,True,,,,0.8245905637741089,6.664360523223877,0.0
Isaac,15000,flat,precision_vx_-0.10,7202,tracking_failure,tracking_failure,True,,,,0.8210033774375916,6.420722961425781,0.0
Isaac,15000,flat,precision_vx_-0.10,7203,tracking_failure,tracking_failure,True,,,,0.8277571797370911,8.741865158081055,0.0
Isaac,15000,flat,precision_vx_-0.10,7204,tracking_failure,tracking_failure,True,,,,0.8285000324249268,7.325985431671143,0.0
Isaac,15000,flat,precision_vx_-0.10,7205,tracking_failure,tracking_failure,True,,,,0.823556661605835,8.475532531738281,0.0
Isaac,15000,flat,precision_vx_-0.10,7206,tracking_failure,tracking_failure,True,,,,0.8410813808441162,8.931193351745605,0.0
Isaac,15000,flat,precision_vx_-0.10,7207,tracking_failure,tracking_failure,True,,,,0.8211665153503418,6.942875385284424,0.0
Isaac,15000,flat,precision_vx_-0.10,7208,tracking_failure,tracking_failure,True,,,,0.8263134360313416,9.262282371520996,0.0
Isaac,15000,flat,precision_vx_-0.10,7209,tracking_failure,tracking_failure,True,,,,0.829291820526123,9.613022804260254,0.0
Isaac,15000,flat,precision_vx_-0.10,7210,tracking_failure,tracking_failure,True,,,,0.8296343684196472,7.849145889282227,0.0
Isaac,15000,flat,precision_vx_-0.10,7211,tracking_failure,tracking_failure,True,,,,0.8277642130851746,6.577635765075684,0.0
Isaac,15000,flat,precision_vx_-0.10,7212,tracking_failure,tracking_failure,True,,,,0.8313449025154114,7.938139915466309,0.0
Isaac,15000,flat,precision_vx_-0.10,7213,tracking_failure,tracking_failure,True,,,,0.8283755779266357,9.06710147857666,0.0
Isaac,15000,flat,precision_vx_-0.10,7214,tracking_failure,tracking_failure,True,,,,0.8278205394744873,8.975255966186523,0.0
Isaac,15000,flat,precision_vx_-0.10,7215,tracking_failure,tracking_failure,True,,,,0.8321205973625183,9.542252540588379,0.0
Isaac,15000,flat,precision_vx_-0.10,7216,tracking_failure,tracking_failure,True,,,,0.8313671350479126,6.770564556121826,0.0
Isaac,15000,flat,precision_vx_+0.10,7201,success,,True,,,,0.8039363026618958,6.664360523223877,0.0
Isaac,15000,flat,precision_vx_+0.10,7202,success,,True,,,,0.7885110378265381,6.420722961425781,0.0
Isaac,15000,flat,precision_vx_+0.10,7203,success,,True,,,,0.8093413710594177,8.741865158081055,0.0
Isaac,15000,flat,precision_vx_+0.10,7204,success,,True,,,,0.7982857823371887,7.325985431671143,0.0
Isaac,15000,flat,precision_vx_+0.10,7205,success,,True,,,,0.7963571548461914,8.475532531738281,0.0
Isaac,15000,flat,precision_vx_+0.10,7206,success,,True,,,,0.8240048289299011,8.931193351745605,0.0
Isaac,15000,flat,precision_vx_+0.10,7207,success,,True,,,,0.791332483291626,6.942875385284424,0.0
Isaac,15000,flat,precision_vx_+0.10,7208,success,,True,,,,0.811281681060791,9.262282371520996,0.0
Isaac,15000,flat,precision_vx_+0.10,7209,success,,True,,,,0.8075125813484192,9.613022804260254,0.0
Isaac,15000,flat,precision_vx_+0.10,7210,success,,True,,,,0.8133651614189148,7.849145889282227,0.0
Isaac,15000,flat,precision_vx_+0.10,7211,success,,True,,,,0.807568371295929,6.577635765075684,0.0
Isaac,15000,flat,precision_vx_+0.10,7212,success,,True,,,,0.8019567131996155,7.938139915466309,0.0
Isaac,15000,flat,precision_vx_+0.10,7213,success,,True,,,,0.793177604675293,9.06710147857666,0.0
Isaac,15000,flat,precision_vx_+0.10,7214,success,,True,,,,0.7953048944473267,8.975255966186523,0.0
Isaac,15000,flat,precision_vx_+0.10,7215,success,,True,,,,0.8094435334205627,9.542252540588379,0.0
Isaac,15000,flat,precision_vx_+0.10,7216,success,,True,,,,0.8092983961105347,6.770564556121826,0.0
Isaac,15000,flat,precision_vy_-0.10,7201,tracking_failure,tracking_failure,True,,,,0.8051727414131165,6.664360523223877,0.0
Isaac,15000,flat,precision_vy_-0.10,7202,tracking_failure,tracking_failure,True,,,,0.8015415668487549,6.420722961425781,0.0
Isaac,15000,flat,precision_vy_-0.10,7203,tracking_failure,tracking_failure,True,,,,0.8115763664245605,8.741865158081055,0.0
Isaac,15000,flat,precision_vy_-0.10,7204,tracking_failure,tracking_failure,True,,,,0.8096216917037964,7.325985431671143,0.0
Isaac,15000,flat,precision_vy_-0.10,7205,tracking_failure,tracking_failure,True,,,,0.8022735118865967,8.475532531738281,0.0
Isaac,15000,flat,precision_vy_-0.10,7206,tracking_failure,tracking_failure,True,,,,0.8169878125190735,8.931193351745605,0.0
Isaac,15000,flat,precision_vy_-0.10,7207,tracking_failure,tracking_failure,True,,,,0.8036497831344604,6.942875385284424,0.0
Isaac,15000,flat,precision_vy_-0.10,7208,tracking_failure,tracking_failure,True,,,,0.8110061287879944,9.262282371520996,0.0
Isaac,15000,flat,precision_vy_-0.10,7209,tracking_failure,tracking_failure,True,,,,0.8118076324462891,9.613022804260254,0.0
Isaac,15000,flat,precision_vy_-0.10,7210,tracking_failure,tracking_failure,True,,,,0.8091835975646973,7.849145889282227,0.0
Isaac,15000,flat,precision_vy_-0.10,7211,tracking_failure,tracking_failure,True,,,,0.8072380423545837,6.577635765075684,0.0
Isaac,15000,flat,precision_vy_-0.10,7212,tracking_failure,tracking_failure,True,,,,0.8134175539016724,7.938139915466309,0.0
Isaac,15000,flat,precision_vy_-0.10,7213,tracking_failure,tracking_failure,True,,,,0.8093420267105103,9.06710147857666,0.0
Isaac,15000,flat,precision_vy_-0.10,7214,tracking_failure,tracking_failure,True,,,,0.8038927316665649,8.975255966186523,0.0
Isaac,15000,flat,precision_vy_-0.10,7215,tracking_failure,tracking_failure,True,,,,0.8104719519615173,9.542252540588379,0.0
Isaac,15000,flat,precision_vy_-0.10,7216,tracking_failure,tracking_failure,True,,,,0.8152627944946289,6.770564556121826,0.0
Isaac,15000,flat,precision_vy_+0.10,7201,tracking_failure,tracking_failure,True,,,,0.8197535872459412,6.664360523223877,0.0
Isaac,15000,flat,precision_vy_+0.10,7202,tracking_failure,tracking_failure,True,,,,0.8077647686004639,6.420722961425781,0.0
Isaac,15000,flat,precision_vy_+0.10,7203,tracking_failure,tracking_failure,True,,,,0.8221227526664734,8.741865158081055,0.0
Isaac,15000,flat,precision_vy_+0.10,7204,tracking_failure,tracking_failure,True,,,,0.8168154358863831,7.325985431671143,0.0
Isaac,15000,flat,precision_vy_+0.10,7205,tracking_failure,tracking_failure,True,,,,0.8125976920127869,8.475532531738281,0.0
Isaac,15000,flat,precision_vy_+0.10,7206,tracking_failure,tracking_failure,True,,,,0.822236180305481,8.931193351745605,0.0
Isaac,15000,flat,precision_vy_+0.10,7207,tracking_failure,tracking_failure,True,,,,0.8168752193450928,6.942875385284424,0.0
Isaac,15000,flat,precision_vy_+0.10,7208,tracking_failure,tracking_failure,True,,,,0.8164904713630676,9.262282371520996,0.0
Isaac,15000,flat,precision_vy_+0.10,7209,tracking_failure,tracking_failure,True,,,,0.8158323168754578,9.613022804260254,0.0
Isaac,15000,flat,precision_vy_+0.10,7210,tracking_failure,tracking_failure,True,,,,0.8090812563896179,7.849145889282227,0.0
Isaac,15000,flat,precision_vy_+0.10,7211,tracking_failure,tracking_failure,True,,,,0.8185521364212036,6.577635765075684,0.0
Isaac,15000,flat,precision_vy_+0.10,7212,tracking_failure,tracking_failure,True,,,,0.8206356167793274,7.938139915466309,0.0
Isaac,15000,flat,precision_vy_+0.10,7213,tracking_failure,tracking_failure,True,,,,0.8205240368843079,9.06710147857666,0.0
Isaac,15000,flat,precision_vy_+0.10,7214,tracking_failure,tracking_failure,True,,,,0.8139529824256897,8.975255966186523,0.0
Isaac,15000,flat,precision_vy_+0.10,7215,tracking_failure,tracking_failure,True,,,,0.8164861798286438,9.542252540588379,0.0
Isaac,15000,flat,precision_vy_+0.10,7216,tracking_failure,tracking_failure,True,,,,0.811650812625885,6.770564556121826,0.0
Isaac,15000,flat,precision_wz_-0.10,7201,tracking_failure,tracking_failure,True,,,,0.8145633339881897,6.664360523223877,0.0
Isaac,15000,flat,precision_wz_-0.10,7202,tracking_failure,tracking_failure,True,,,,0.8061486482620239,6.420722961425781,0.0
Isaac,15000,flat,precision_wz_-0.10,7203,tracking_failure,tracking_failure,True,,,,0.8177762627601624,8.741865158081055,0.0
Isaac,15000,flat,precision_wz_-0.10,7204,tracking_failure,tracking_failure,True,,,,0.816893458366394,7.325985431671143,0.0
Isaac,15000,flat,precision_wz_-0.10,7205,tracking_failure,tracking_failure,True,,,,0.8118872046470642,8.475532531738281,0.0
Isaac,15000,flat,precision_wz_-0.10,7206,tracking_failure,tracking_failure,True,,,,0.8300381898880005,8.931193351745605,0.0
Isaac,15000,flat,precision_wz_-0.10,7207,tracking_failure,tracking_failure,True,,,,0.8092154860496521,6.942875385284424,0.0
Isaac,15000,flat,precision_wz_-0.10,7208,tracking_failure,tracking_failure,True,,,,0.8212016224861145,9.262282371520996,0.0
Isaac,15000,flat,precision_wz_-0.10,7209,tracking_failure,tracking_failure,True,,,,0.8216986656188965,9.613022804260254,0.0
Isaac,15000,flat,precision_wz_-0.10,7210,tracking_failure,tracking_failure,True,,,,0.8191523551940918,7.849145889282227,0.0
Isaac,15000,flat,precision_wz_-0.10,7211,tracking_failure,tracking_failure,True,,,,0.814350426197052,6.577635765075684,0.0
Isaac,15000,flat,precision_wz_-0.10,7212,tracking_failure,tracking_failure,True,,,,0.8240342140197754,7.938139915466309,0.0
Isaac,15000,flat,precision_wz_-0.10,7213,tracking_failure,tracking_failure,True,,,,0.8145342469215393,9.06710147857666,0.0
Isaac,15000,flat,precision_wz_-0.10,7214,tracking_failure,tracking_failure,True,,,,0.8151111006736755,8.975255966186523,0.0
Isaac,15000,flat,precision_wz_-0.10,7215,tracking_failure,tracking_failure,True,,,,0.8200533986091614,9.542252540588379,0.0
Isaac,15000,flat,precision_wz_-0.10,7216,tracking_failure,tracking_failure,True,,,,0.8211119174957275,6.770564556121826,0.0
Isaac,15000,flat,precision_wz_+0.10,7201,tracking_failure,tracking_failure,True,,,,0.8185398578643799,6.664360523223877,0.0
Isaac,15000,flat,precision_wz_+0.10,7202,tracking_failure,tracking_failure,True,,,,0.8159812688827515,6.420722961425781,0.0
Isaac,15000,flat,precision_wz_+0.10,7203,tracking_failure,tracking_failure,True,,,,0.8187559247016907,8.741865158081055,0.0
Isaac,15000,flat,precision_wz_+0.10,7204,tracking_failure,tracking_failure,True,,,,0.8212531208992004,7.325985431671143,0.0
Isaac,15000,flat,precision_wz_+0.10,7205,tracking_failure,tracking_failure,True,,,,0.8196959495544434,8.475532531738281,0.0
Isaac,15000,flat,precision_wz_+0.10,7206,tracking_failure,tracking_failure,True,,,,0.8385579586029053,8.931193351745605,0.0
Isaac,15000,flat,precision_wz_+0.10,7207,tracking_failure,tracking_failure,True,,,,0.8140972852706909,6.942875385284424,0.0
Isaac,15000,flat,precision_wz_+0.10,7208,tracking_failure,tracking_failure,True,,,,0.8241636157035828,9.262282371520996,0.0
Isaac,15000,flat,precision_wz_+0.10,7209,tracking_failure,tracking_failure,True,,,,0.8283382654190063,9.613022804260254,0.0
Isaac,15000,flat,precision_wz_+0.10,7210,tracking_failure,tracking_failure,True,,,,0.8204787969589233,7.849145889282227,0.0
Isaac,15000,flat,precision_wz_+0.10,7211,tracking_failure,tracking_failure,True,,,,0.8219966888427734,6.577635765075684,0.0
Isaac,15000,flat,precision_wz_+0.10,7212,tracking_failure,tracking_failure,True,,,,0.830847442150116,7.938139915466309,0.0
Isaac,15000,flat,precision_wz_+0.10,7213,tracking_failure,tracking_failure,True,,,,0.8188344240188599,9.06710147857666,0.0
Isaac,15000,flat,precision_wz_+0.10,7214,tracking_failure,tracking_failure,True,,,,0.8224321603775024,8.975255966186523,0.0
Isaac,15000,flat,precision_wz_+0.10,7215,tracking_failure,tracking_failure,True,,,,0.827905535697937,9.542252540588379,0.0
Isaac,15000,flat,precision_wz_+0.10,7216,tracking_failure,tracking_failure,True,,,,0.8216350674629211,6.770564556121826,0.0
Isaac,15000,flat,diagonal,7201,command_transition_failure,command_transition_failure,True,,,,0.6075918674468994,12.961103439331055,0.00034090909090909094
Isaac,15000,flat,diagonal,7202,command_transition_failure,command_transition_failure,True,,,,0.6113501787185669,19.65587043762207,0.00045454545454545455
Isaac,15000,flat,diagonal,7203,command_transition_failure,command_transition_failure,True,,,,0.6111973524093628,18.305082321166992,0.0006818181818181819
Isaac,15000,flat,diagonal,7204,command_transition_failure,command_transition_failure,True,,,,0.6118614673614502,19.210208892822266,0.00045454545454545455
Isaac,15000,flat,diagonal,7205,command_transition_failure,command_transition_failure,True,,,,0.6081057190895081,21.877735137939453,0.00034090909090909094
Isaac,15000,flat,diagonal,7206,command_transition_failure,command_transition_failure,True,,,,0.6128998398780823,16.221126556396484,0.00045454545454545455
Isaac,15000,flat,diagonal,7207,command_transition_failure,command_transition_failure,True,,,,0.6117309331893921,17.4923095703125,0.0006818181818181819
Isaac,15000,flat,diagonal,7208,command_transition_failure,command_transition_failure,True,,,,0.6067460775375366,18.362960815429688,0.00045454545454545455
Isaac,15000,flat,diagonal,7209,command_transition_failure,command_transition_failure,True,,,,0.6094445586204529,20.369388580322266,0.0005681818181818182
Isaac,15000,flat,diagonal,7210,command_transition_failure,command_transition_failure,True,,,,0.6127694845199585,21.104421615600586,0.00045454545454545455
Isaac,15000,flat,diagonal,7211,command_transition_failure,command_transition_failure,True,,,,0.6093946695327759,17.423303604125977,0.00011363636363636364
Isaac,15000,flat,diagonal,7212,command_transition_failure,command_transition_failure,True,,,,0.6036721467971802,20.832937240600586,0.00034090909090909094
Isaac,15000,flat,diagonal,7213,command_transition_failure,command_transition_failure,True,,,,0.6134108304977417,17.372241973876953,0.00022727272727272727
Isaac,15000,flat,diagonal,7214,command_transition_failure,command_transition_failure,True,,,,0.6128734350204468,20.01666259765625,0.00045454545454545455
Isaac,15000,flat,diagonal,7215,command_transition_failure,command_transition_failure,True,,,,0.6134234666824341,19.30685043334961,0.00034090909090909094
Isaac,15000,flat,diagonal,7216,command_transition_failure,command_transition_failure,True,,,,0.6105501651763916,22.974451065063477,0.00034090909090909094
Isaac,15000,flat,turning,7201,success,,True,,,,0.29365867376327515,28.51203155517578,0.020681818181818183
Isaac,15000,flat,turning,7202,success,,True,,,,0.3065711259841919,26.58285903930664,0.013181818181818182
Isaac,15000,flat,turning,7203,success,,True,,,,0.3194252848625183,25.00880241394043,0.013295454545454546
Isaac,15000,flat,turning,7204,success,,True,,,,0.2823781967163086,26.3735294342041,0.018068181818181817
Isaac,15000,flat,turning,7205,success,,True,,,,0.2958301901817322,26.692380905151367,0.01715909090909091
Isaac,15000,flat,turning,7206,tracking_failure,tracking_failure,True,,,,0.2937251329421997,30.690837860107422,0.012727272727272728
Isaac,15000,flat,turning,7207,success,,True,,,,0.29275405406951904,27.8739070892334,0.014431818181818181
Isaac,15000,flat,turning,7208,success,,True,,,,0.2761639952659607,27.602519989013672,0.014318181818181818
Isaac,15000,flat,turning,7209,standstill_failure,standstill_failure,True,,,,0.27489209175109863,32.90580749511719,0.013068181818181817
Isaac,15000,flat,turning,7210,standstill_failure,standstill_failure,True,,,,0.3150925636291504,25.143871307373047,0.007272727272727273
Isaac,15000,flat,turning,7211,success,,True,,,,0.3062968850135803,26.447179794311523,0.010340909090909092
Isaac,15000,flat,turning,7212,standstill_failure,standstill_failure,True,,,,0.33677393198013306,26.83332061767578,0.013863636363636364
Isaac,15000,flat,turning,7213,success,,True,,,,0.32691460847854614,25.266544342041016,0.012727272727272728
Isaac,15000,flat,turning,7214,tracking_failure,tracking_failure,True,,,,0.33002716302871704,26.870506286621094,0.01
Isaac,15000,flat,turning,7215,standstill_failure,standstill_failure,True,,,,0.3198086619377136,25.549678802490234,0.009431818181818182
Isaac,15000,flat,turning,7216,success,,True,,,,0.26243525743484497,29.789060592651367,0.01125
Isaac,15000,flat,reverse,7201,success,,True,,,,0.6278951168060303,22.617752075195312,0.00033783783783783786
Isaac,15000,flat,reverse,7202,success,,True,,,,0.6196002960205078,19.20391082763672,0.0006756756756756757
Isaac,15000,flat,reverse,7203,success,,True,,,,0.6176920533180237,23.469249725341797,0.0005405405405405405
Isaac,15000,flat,reverse,7204,success,,True,,,,0.618383526802063,19.75820541381836,0.00047297297297297297
Isaac,15000,flat,reverse,7205,success,,True,,,,0.6228196620941162,17.7836856842041,0.00047297297297297297
Isaac,15000,flat,reverse,7206,success,,True,,,,0.6257012486457825,25.501981735229492,0.0002702702702702703
Isaac,15000,flat,reverse,7207,success,,True,,,,0.6236904859542847,21.481767654418945,0.0006081081081081081
Isaac,15000,flat,reverse,7208,success,,True,,,,0.6203433871269226,19.323219299316406,0.00047297297297297297
Isaac,15000,flat,reverse,7209,success,,True,,,,0.6189479827880859,24.14618682861328,0.00047297297297297297
Isaac,15000,flat,reverse,7210,success,,True,,,,0.621147632598877,18.870447158813477,0.00047297297297297297
Isaac,15000,flat,reverse,7211,success,,True,,,,0.6201611757278442,24.28490447998047,0.00047297297297297297
Isaac,15000,flat,reverse,7212,success,,True,,,,0.620796263217926,20.37030792236328,0.0008783783783783784
Isaac,15000,flat,reverse,7213,success,,True,,,,0.6210029125213623,26.340686798095703,0.0004054054054054054
Isaac,15000,flat,reverse,7214,success,,True,,,,0.6284805536270142,22.792701721191406,0.0004054054054054054
Isaac,15000,flat,reverse,7215,success,,True,,,,0.6204564571380615,20.2569522857666,0.0006756756756756757
Isaac,15000,flat,reverse,7216,success,,True,,,,0.61742103099823,22.58417320251465,0.00033783783783783786
Isaac,15000,flat,ramp,7201,tracking_failure,command_transition_failure|tracking_failure,True,,,,0.7119624614715576,22.442195892333984,0.0034375
Isaac,15000,flat,ramp,7202,command_transition_failure,command_transition_failure,True,,,,0.7177181839942932,21.724525451660156,0.0032291666666666666
Isaac,15000,flat,ramp,7203,tracking_failure,command_transition_failure|tracking_failure,True,,,,0.7148945331573486,22.131311416625977,0.0027083333333333334
Isaac,15000,flat,ramp,7204,tracking_failure,command_transition_failure|tracking_failure,True,,,,0.7088000774383545,19.4797306060791,0.0025
Isaac,15000,flat,ramp,7205,tracking_failure,command_transition_failure|tracking_failure,True,,,,0.7075334191322327,23.18860626220703,0.0028125
Isaac,15000,flat,ramp,7206,tracking_failure,command_transition_failure|tracking_failure,True,,,,0.7157341837882996,21.012746810913086,0.0028125
Isaac,15000,flat,ramp,7207,command_transition_failure,command_transition_failure,True,,,,0.7105050683021545,21.530696868896484,0.0032291666666666666
Isaac,15000,flat,ramp,7208,tracking_failure,command_transition_failure|tracking_failure,True,,,,0.7135160565376282,20.057514190673828,0.003958333333333334
Isaac,15000,flat,ramp,7209,tracking_failure,command_transition_failure|tracking_failure,True,,,,0.7183740139007568,23.342140197753906,0.00375
Isaac,15000,flat,ramp,7210,tracking_failure,command_transition_failure|tracking_failure,True,,,,0.717232346534729,20.016658782958984,0.0033333333333333335
Isaac,15000,flat,ramp,7211,tracking_failure,command_transition_failure|tracking_failure,True,,,,0.7170016765594482,21.317237854003906,0.0026041666666666665
Isaac,15000,flat,ramp,7212,tracking_failure,command_transition_failure|tracking_failure,True,,,,0.7177203893661499,21.762470245361328,0.0021875
Isaac,15000,flat,ramp,7213,tracking_failure,command_transition_failure|tracking_failure,True,,,,0.7181711792945862,21.49246597290039,0.0036458333333333334
Isaac,15000,flat,ramp,7214,tracking_failure,command_transition_failure|tracking_failure,True,,,,0.7168572545051575,23.954309463500977,0.0025
Isaac,15000,flat,ramp,7215,tracking_failure,command_transition_failure|tracking_failure,True,,,,0.72049880027771,21.79731559753418,0.0040625
Isaac,15000,flat,ramp,7216,tracking_failure,command_transition_failure|tracking_failure,True,,,,0.7169078588485718,22.525577545166016,0.002916666666666667
Isaac,15000,flat,push_moving,7201,success,,True,,,,0.6416193842887878,14.338153839111328,0.00045454545454545455
Isaac,15000,flat,push_moving,7202,success,,True,,,,0.6409796476364136,15.285859107971191,0.0005681818181818182
Isaac,15000,flat,push_moving,7203,success,,True,,,,0.6382720470428467,14.933648109436035,0.0005681818181818182
Isaac,15000,flat,push_moving,7204,success,,True,,,,0.6369500160217285,14.370424270629883,0.00034090909090909094
Isaac,15000,flat,push_moving,7205,success,,True,,,,0.6428548693656921,13.951925277709961,0.00034090909090909094
Isaac,15000,flat,push_moving,7206,success,,True,,,,0.6416146755218506,13.45167350769043,0.00022727272727272727
Isaac,15000,flat,push_moving,7207,success,,True,,,,0.6370112895965576,13.478694915771484,0.0011363636363636363
Isaac,15000,flat,push_moving,7208,success,,True,,,,0.6405829191207886,16.782642364501953,0.0005681818181818182
Isaac,15000,flat,push_moving,7209,success,,True,,,,0.636031448841095,13.20512580871582,0.0006818181818181819
Isaac,15000,flat,push_moving,7210,success,,True,,,,0.6418641805648804,13.536615371704102,0.0009090909090909091
Isaac,15000,flat,push_moving,7211,success,,True,,,,0.6396007537841797,15.084684371948242,0.0005681818181818182
Isaac,15000,flat,push_moving,7212,success,,True,,,,0.6337474584579468,12.517692565917969,0.00034090909090909094
Isaac,15000,flat,push_moving,7213,success,,True,,,,0.6432307958602905,14.704376220703125,0.0005681818181818182
Isaac,15000,flat,push_moving,7214,success,,True,,,,0.6431594491004944,13.316976547241211,0.0005681818181818182
Isaac,15000,flat,push_moving,7215,success,,True,,,,0.6375137567520142,14.208438873291016,0.0005681818181818182
Isaac,15000,flat,push_moving,7216,success,,True,,,,0.6437429189682007,15.978586196899414,0.00045454545454545455
Isaac,15000,flat,push_standing,7201,success,,True,,,,0.8087140321731567,6.664360523223877,0.0
Isaac,15000,flat,push_standing,7202,success,,True,,,,0.796258807182312,6.420722961425781,0.0
Isaac,15000,flat,push_standing,7203,success,,True,,,,0.817197322845459,8.741865158081055,0.0
Isaac,15000,flat,push_standing,7204,success,,True,,,,0.8076846599578857,7.325985431671143,0.0
Isaac,15000,flat,push_standing,7205,success,,True,,,,0.8027380704879761,8.475532531738281,0.0
Isaac,15000,flat,push_standing,7206,success,,True,,,,0.8121811151504517,8.931193351745605,0.0
Isaac,15000,flat,push_standing,7207,success,,True,,,,0.80499267578125,6.942875385284424,0.0
Isaac,15000,flat,push_standing,7208,success,,True,,,,0.8100824952125549,9.262282371520996,0.0
Isaac,15000,flat,push_standing,7209,success,,True,,,,0.8098788857460022,9.613022804260254,0.0
Isaac,15000,flat,push_standing,7210,success,,True,,,,0.8003880381584167,7.849145889282227,0.0
Isaac,15000,flat,push_standing,7211,success,,True,,,,0.8093838691711426,6.577635765075684,0.0
Isaac,15000,flat,push_standing,7212,success,,True,,,,0.8113064765930176,7.938139915466309,0.0
Isaac,15000,flat,push_standing,7213,success,,True,,,,0.8089077472686768,9.06710147857666,0.0
Isaac,15000,flat,push_standing,7214,success,,True,,,,0.8026464581489563,8.975255966186523,0.0
Isaac,15000,flat,push_standing,7215,success,,True,,,,0.8049919009208679,9.542252540588379,0.0
Isaac,15000,flat,push_standing,7216,success,,True,,,,0.797838032245636,6.770564556121826,0.0
Isaac,19999,flat,stand,7201,success,,True,,,,0.8417668342590332,9.050861358642578,0.0
Isaac,19999,flat,stand,7202,success,,True,,,,0.8292564153671265,8.781846046447754,0.0
Isaac,19999,flat,stand,7203,success,,True,,,,0.8450453877449036,7.968195915222168,0.0
Isaac,19999,flat,stand,7204,success,,True,,,,0.8326836228370667,6.610701084136963,0.0
Isaac,19999,flat,stand,7205,success,,True,,,,0.832404375076294,7.994578838348389,0.0
Isaac,19999,flat,stand,7206,success,,True,,,,0.8396537899971008,7.31012487411499,0.0
Isaac,19999,flat,stand,7207,success,,True,,,,0.8309898376464844,9.545064926147461,0.0
Isaac,19999,flat,stand,7208,success,,True,,,,0.8352066278457642,7.8101091384887695,0.0
Isaac,19999,flat,stand,7209,success,,True,,,,0.8332085013389587,7.47159481048584,0.0
Isaac,19999,flat,stand,7210,success,,True,,,,0.8335516452789307,5.915928363800049,0.0
Isaac,19999,flat,stand,7211,success,,True,,,,0.826285719871521,9.865346908569336,0.0
Isaac,19999,flat,stand,7212,success,,True,,,,0.8408728837966919,6.630342960357666,0.0
Isaac,19999,flat,stand,7213,success,,True,,,,0.8373158574104309,8.176071166992188,0.0
Isaac,19999,flat,stand,7214,success,,True,,,,0.8343294858932495,8.533358573913574,0.0
Isaac,19999,flat,stand,7215,success,,True,,,,0.8375393748283386,7.218381404876709,0.0
Isaac,19999,flat,stand,7216,success,,True,,,,0.8333867788314819,7.99412727355957,0.0
Isaac,19999,flat,vx_-0.50,7201,success,,True,,,,0.6577997207641602,12.133776664733887,0.0005681818181818182
Isaac,19999,flat,vx_-0.50,7202,success,,True,,,,0.6576375961303711,11.795110702514648,0.0005681818181818182
Isaac,19999,flat,vx_-0.50,7203,success,,True,,,,0.6584646701812744,12.1844482421875,0.0009090909090909091
Isaac,19999,flat,vx_-0.50,7204,success,,True,,,,0.6545825004577637,12.594587326049805,0.0006818181818181819
Isaac,19999,flat,vx_-0.50,7205,success,,True,,,,0.6580098867416382,10.025426864624023,0.0005681818181818182
Isaac,19999,flat,vx_-0.50,7206,success,,True,,,,0.6576322317123413,11.39755916595459,0.0011363636363636363
Isaac,19999,flat,vx_-0.50,7207,success,,True,,,,0.6568872928619385,11.87083625793457,0.00022727272727272727
Isaac,19999,flat,vx_-0.50,7208,success,,True,,,,0.6572659015655518,14.268261909484863,0.0018181818181818182
Isaac,19999,flat,vx_-0.50,7209,success,,True,,,,0.6590586304664612,12.498780250549316,0.001931818181818182
Isaac,19999,flat,vx_-0.50,7210,success,,True,,,,0.6559181213378906,11.616040229797363,0.00045454545454545455
Isaac,19999,flat,vx_-0.50,7211,success,,True,,,,0.6558805704116821,11.799951553344727,0.0010227272727272728
Isaac,19999,flat,vx_-0.50,7212,success,,True,,,,0.6539413928985596,11.23101806640625,0.00034090909090909094
Isaac,19999,flat,vx_-0.50,7213,success,,True,,,,0.6597191095352173,9.926387786865234,0.0007954545454545455
Isaac,19999,flat,vx_-0.50,7214,success,,True,,,,0.6538496017456055,10.548896789550781,0.00045454545454545455
Isaac,19999,flat,vx_-0.50,7215,success,,True,,,,0.6590384244918823,11.043416976928711,0.00125
Isaac,19999,flat,vx_-0.50,7216,success,,True,,,,0.6583504676818848,12.546476364135742,0.00022727272727272727
Isaac,19999,flat,vx_+0.50,7201,success,,True,,,,0.6745616793632507,14.217453002929688,0.00011363636363636364
Isaac,19999,flat,vx_+0.50,7202,success,,True,,,,0.6799966096878052,11.488852500915527,0.00022727272727272727
Isaac,19999,flat,vx_+0.50,7203,success,,True,,,,0.6836609244346619,12.921069145202637,0.00011363636363636364
Isaac,19999,flat,vx_+0.50,7204,success,,True,,,,0.6799508333206177,11.806706428527832,0.00011363636363636364
Isaac,19999,flat,vx_+0.50,7205,success,,True,,,,0.6886582374572754,12.168115615844727,0.0
Isaac,19999,flat,vx_+0.50,7206,success,,True,,,,0.6836584210395813,11.198986053466797,0.00034090909090909094
Isaac,19999,flat,vx_+0.50,7207,success,,True,,,,0.6797512769699097,13.866598129272461,0.00011363636363636364
Isaac,19999,flat,vx_+0.50,7208,success,,True,,,,0.6801280379295349,16.486421585083008,0.0
Isaac,19999,flat,vx_+0.50,7209,success,,True,,,,0.6830083131790161,12.535039901733398,0.00011363636363636364
Isaac,19999,flat,vx_+0.50,7210,success,,True,,,,0.6805771589279175,10.797432899475098,0.00011363636363636364
Isaac,19999,flat,vx_+0.50,7211,success,,True,,,,0.6765285730361938,12.263120651245117,0.0
Isaac,19999,flat,vx_+0.50,7212,success,,True,,,,0.6768617630004883,10.111101150512695,0.0007954545454545455
Isaac,19999,flat,vx_+0.50,7213,success,,True,,,,0.6721599698066711,19.069866180419922,0.0005681818181818182
Isaac,19999,flat,vx_+0.50,7214,success,,True,,,,0.6794947385787964,11.742630958557129,0.00034090909090909094
Isaac,19999,flat,vx_+0.50,7215,success,,True,,,,0.6832946538925171,15.542800903320312,0.00045454545454545455
Isaac,19999,flat,vx_+0.50,7216,success,,True,,,,0.6796624660491943,11.726202011108398,0.00034090909090909094
Isaac,19999,flat,vx_+1.00,7201,command_transition_failure,command_transition_failure,True,,,,0.7035561800003052,24.890478134155273,0.0029545454545454545
Isaac,19999,flat,vx_+1.00,7202,command_transition_failure,command_transition_failure,True,,,,0.7057968378067017,28.949575424194336,0.004772727272727273
Isaac,19999,flat,vx_+1.00,7203,command_transition_failure,command_transition_failure,True,,,,0.7057575583457947,27.954200744628906,0.004318181818181818
Isaac,19999,flat,vx_+1.00,7204,command_transition_failure,command_transition_failure,True,,,,0.7056843638420105,29.155174255371094,0.004204545454545455
Isaac,19999,flat,vx_+1.00,7205,command_transition_failure,command_transition_failure,True,,,,0.7059502005577087,28.98681640625,0.006363636363636364
Isaac,19999,flat,vx_+1.00,7206,command_transition_failure,command_transition_failure,True,,,,0.6985838413238525,23.658918380737305,0.003409090909090909
Isaac,19999,flat,vx_+1.00,7207,command_transition_failure,command_transition_failure,True,,,,0.6986111402511597,28.697233200073242,0.005113636363636364
Isaac,19999,flat,vx_+1.00,7208,command_transition_failure,command_transition_failure,True,,,,0.7048137784004211,29.484909057617188,0.003977272727272727
Isaac,19999,flat,vx_+1.00,7209,command_transition_failure,command_transition_failure,True,,,,0.7053501605987549,29.302255630493164,0.003977272727272727
Isaac,19999,flat,vx_+1.00,7210,command_transition_failure,command_transition_failure,True,,,,0.6982524991035461,26.516918182373047,0.003863636363636364
Isaac,19999,flat,vx_+1.00,7211,command_transition_failure,command_transition_failure,True,,,,0.7044558525085449,28.572391510009766,0.005227272727272727
Isaac,19999,flat,vx_+1.00,7212,command_transition_failure,command_transition_failure,True,,,,0.7013294696807861,22.233325958251953,0.0029545454545454545
Isaac,19999,flat,vx_+1.00,7213,command_transition_failure,command_transition_failure,True,,,,0.6958839893341064,25.69902229309082,0.003863636363636364
Isaac,19999,flat,vx_+1.00,7214,command_transition_failure,command_transition_failure,True,,,,0.7032486200332642,24.881244659423828,0.004318181818181818
Isaac,19999,flat,vx_+1.00,7215,command_transition_failure,command_transition_failure,True,,,,0.6997067928314209,27.257526397705078,0.005227272727272727
Isaac,19999,flat,vx_+1.00,7216,command_transition_failure,command_transition_failure,True,,,,0.6997800469398499,26.092174530029297,0.006818181818181818
Isaac,19999,flat,vy_-0.20,7201,tracking_failure,tracking_failure,True,,,,0.8017694354057312,9.050861358642578,0.0
Isaac,19999,flat,vy_-0.20,7202,tracking_failure,command_transition_failure|tracking_failure,True,,,,0.7949626445770264,8.781846046447754,0.0
Isaac,19999,flat,vy_-0.20,7203,tracking_failure,command_transition_failure|tracking_failure,True,,,,0.8068116903305054,7.968195915222168,0.0
Isaac,19999,flat,vy_-0.20,7204,tracking_failure,command_transition_failure|tracking_failure,True,,,,0.8009812831878662,6.610701084136963,0.0
Isaac,19999,flat,vy_-0.20,7205,tracking_failure,command_transition_failure|tracking_failure,True,,,,0.7967970967292786,7.994578838348389,0.0
Isaac,19999,flat,vy_-0.20,7206,tracking_failure,command_transition_failure|tracking_failure,True,,,,0.80513596534729,7.31012487411499,0.0
Isaac,19999,flat,vy_-0.20,7207,tracking_failure,tracking_failure,True,,,,0.8021596670150757,9.545064926147461,0.0
Isaac,19999,flat,vy_-0.20,7208,tracking_failure,command_transition_failure|tracking_failure,True,,,,0.7974264621734619,7.8101091384887695,0.0
Isaac,19999,flat,vy_-0.20,7209,tracking_failure,command_transition_failure|tracking_failure,True,,,,0.8012183308601379,7.47159481048584,0.0
Isaac,19999,flat,vy_-0.20,7210,tracking_failure,command_transition_failure|tracking_failure,True,,,,0.8036317825317383,5.915928363800049,0.0
Isaac,19999,flat,vy_-0.20,7211,tracking_failure,command_transition_failure|tracking_failure,True,,,,0.8022542595863342,9.865346908569336,0.0
Isaac,19999,flat,vy_-0.20,7212,tracking_failure,command_transition_failure|tracking_failure,True,,,,0.8057079315185547,6.630342960357666,0.0
Isaac,19999,flat,vy_-0.20,7213,tracking_failure,command_transition_failure|tracking_failure,True,,,,0.8051145672798157,8.176071166992188,0.0
Isaac,19999,flat,vy_-0.20,7214,tracking_failure,command_transition_failure|tracking_failure,True,,,,0.8007721304893494,8.533358573913574,0.0
Isaac,19999,flat,vy_-0.20,7215,tracking_failure,command_transition_failure|tracking_failure,True,,,,0.8009393215179443,7.218381404876709,0.0
Isaac,19999,flat,vy_-0.20,7216,tracking_failure,command_transition_failure|tracking_failure,True,,,,0.8004745244979858,7.99412727355957,0.0
Isaac,19999,flat,vy_+0.20,7201,tracking_failure,command_transition_failure|tracking_failure,True,,,,0.5610655546188354,20.412229537963867,0.00011363636363636364
Isaac,19999,flat,vy_+0.20,7202,tracking_failure,command_transition_failure|tracking_failure,True,,,,0.560415506362915,20.337095260620117,0.00022727272727272727
Isaac,19999,flat,vy_+0.20,7203,tracking_failure,command_transition_failure|tracking_failure,True,,,,0.5342756509780884,21.066509246826172,0.00022727272727272727
Isaac,19999,flat,vy_+0.20,7204,tracking_failure,command_transition_failure|tracking_failure,True,,,,0.5689059495925903,20.82975959777832,0.00011363636363636364
Isaac,19999,flat,vy_+0.20,7205,tracking_failure,command_transition_failure|tracking_failure,True,,,,0.5475848317146301,24.316463470458984,0.00011363636363636364
Isaac,19999,flat,vy_+0.20,7206,tracking_failure,command_transition_failure|tracking_failure,True,,,,0.5615719556808472,23.66547203063965,0.00011363636363636364
Isaac,19999,flat,vy_+0.20,7207,tracking_failure,command_transition_failure|tracking_failure,True,,,,0.5635649561882019,19.61699676513672,0.00045454545454545455
Isaac,19999,flat,vy_+0.20,7208,tracking_failure,command_transition_failure|tracking_failure,True,,,,0.5248364210128784,24.809106826782227,0.00011363636363636364
Isaac,19999,flat,vy_+0.20,7209,tracking_failure,command_transition_failure|tracking_failure,True,,,,0.5624411106109619,22.630569458007812,0.00045454545454545455
Isaac,19999,flat,vy_+0.20,7210,tracking_failure,command_transition_failure|tracking_failure,True,,,,0.5586536526679993,16.766490936279297,0.0
Isaac,19999,flat,vy_+0.20,7211,tracking_failure,command_transition_failure|tracking_failure,True,,,,0.564221203327179,21.44567108154297,0.0
Isaac,19999,flat,vy_+0.20,7212,tracking_failure,command_transition_failure|tracking_failure,True,,,,0.5651163458824158,20.59477996826172,0.00045454545454545455
Isaac,19999,flat,vy_+0.20,7213,tracking_failure,tracking_failure,True,,,,0.571038544178009,22.087059020996094,0.00034090909090909094
Isaac,19999,flat,vy_+0.20,7214,tracking_failure,command_transition_failure|tracking_failure,True,,,,0.5700951814651489,21.368370056152344,0.00034090909090909094
Isaac,19999,flat,vy_+0.20,7215,tracking_failure,command_transition_failure|tracking_failure,True,,,,0.5721002221107483,19.764850616455078,0.00034090909090909094
Isaac,19999,flat,vy_+0.20,7216,tracking_failure,command_transition_failure|tracking_failure,True,,,,0.584654688835144,20.554988861083984,0.0005681818181818182
Isaac,19999,flat,wz_-0.50,7201,command_transition_failure,command_transition_failure,True,,,,0.25107550621032715,22.477127075195312,0.0009090909090909091
Isaac,19999,flat,wz_-0.50,7202,command_transition_failure,command_transition_failure,True,,,,0.29821568727493286,23.616653442382812,0.0005681818181818182
Isaac,19999,flat,wz_-0.50,7203,command_transition_failure,command_transition_failure,True,,,,0.3287140727043152,28.099788665771484,0.00034090909090909094
Isaac,19999,flat,wz_-0.50,7204,success,,True,,,,0.3534851670265198,21.021934509277344,0.0006818181818181819
Isaac,19999,flat,wz_-0.50,7205,command_transition_failure,command_transition_failure|standstill_failure,True,,,,0.24003803730010986,25.758251190185547,0.0005681818181818182
Isaac,19999,flat,wz_-0.50,7206,command_transition_failure,command_transition_failure,True,,,,0.3062276840209961,24.815536499023438,0.00022727272727272727
Isaac,19999,flat,wz_-0.50,7207,command_transition_failure,command_transition_failure,True,,,,0.32157760858535767,22.722789764404297,0.0006818181818181819
Isaac,19999,flat,wz_-0.50,7208,command_transition_failure,command_transition_failure,True,,,,0.2979084849357605,22.575851440429688,0.0006818181818181819
Isaac,19999,flat,wz_-0.50,7209,command_transition_failure,command_transition_failure,True,,,,0.2487431764602661,27.637100219726562,0.00034090909090909094
Isaac,19999,flat,wz_-0.50,7210,command_transition_failure,command_transition_failure,True,,,,0.3205426335334778,21.163209915161133,0.00045454545454545455
Isaac,19999,flat,wz_-0.50,7211,command_transition_failure,command_transition_failure,True,,,,0.2757473587989807,22.273849487304688,0.0006818181818181819
Isaac,19999,flat,wz_-0.50,7212,success,,True,,,,0.33968502283096313,23.43532943725586,0.0005681818181818182
Isaac,19999,flat,wz_-0.50,7213,command_transition_failure,command_transition_failure,True,,,,0.3416716456413269,23.47875213623047,0.00034090909090909094
Isaac,19999,flat,wz_-0.50,7214,command_transition_failure,command_transition_failure|standstill_failure,True,,,,0.27868741750717163,28.997352600097656,0.0006818181818181819
Isaac,19999,flat,wz_-0.50,7215,command_transition_failure,command_transition_failure,True,,,,0.2774617075920105,22.923328399658203,0.0006818181818181819
Isaac,19999,flat,wz_-0.50,7216,success,,True,,,,0.302729070186615,30.684894561767578,0.0011363636363636363
Isaac,19999,flat,wz_+0.50,7201,success,,True,,,,0.1863858699798584,23.418624877929688,0.0014772727272727272
Isaac,19999,flat,wz_+0.50,7202,success,,True,,,,0.27873915433883667,25.803892135620117,0.0023863636363636366
Isaac,19999,flat,wz_+0.50,7203,success,,True,,,,0.27532005310058594,26.484905242919922,0.0020454545454545456
Isaac,19999,flat,wz_+0.50,7204,standstill_failure,standstill_failure,True,,,,0.15567201375961304,23.978965759277344,0.002159090909090909
Isaac,19999,flat,wz_+0.50,7205,standstill_failure,standstill_failure,True,,,,0.16169309616088867,23.01534652709961,0.0013636363636363637
Isaac,19999,flat,wz_+0.50,7206,success,,True,,,,0.15292608737945557,23.893898010253906,0.001931818181818182
Isaac,19999,flat,wz_+0.50,7207,success,,True,,,,0.2833879590034485,27.298992156982422,0.0006818181818181819
Isaac,19999,flat,wz_+0.50,7208,success,,True,,,,0.17842000722885132,24.395620346069336,0.0017045454545454545
Isaac,19999,flat,wz_+0.50,7209,success,,True,,,,0.22085678577423096,22.769962310791016,0.0014772727272727272
Isaac,19999,flat,wz_+0.50,7210,success,,True,,,,0.1555679440498352,24.304702758789062,0.002159090909090909
Isaac,19999,flat,wz_+0.50,7211,standstill_failure,standstill_failure,True,,,,0.1462545394897461,33.069461822509766,0.0017045454545454545
Isaac,19999,flat,wz_+0.50,7212,success,,True,,,,0.2599702477455139,25.17682647705078,0.0025
Isaac,19999,flat,wz_+0.50,7213,success,,True,,,,0.3006371855735779,23.49432945251465,0.0018181818181818182
Isaac,19999,flat,wz_+0.50,7214,success,,True,,,,0.2720601558685303,24.379009246826172,0.001931818181818182
Isaac,19999,flat,wz_+0.50,7215,success,,True,,,,0.2897303104400635,24.332460403442383,0.0029545454545454545
Isaac,19999,flat,wz_+0.50,7216,success,,True,,,,0.24328476190567017,25.497417449951172,0.001931818181818182
Isaac,19999,flat,precision_vx_-0.10,7201,tracking_failure,tracking_failure,True,,,,0.8344364166259766,9.050861358642578,0.0
Isaac,19999,flat,precision_vx_-0.10,7202,tracking_failure,tracking_failure,True,,,,0.8216177225112915,8.781846046447754,0.0
Isaac,19999,flat,precision_vx_-0.10,7203,tracking_failure,tracking_failure,True,,,,0.8369491696357727,7.968195915222168,0.0
Isaac,19999,flat,precision_vx_-0.10,7204,tracking_failure,tracking_failure,True,,,,0.8326836228370667,6.610701084136963,0.0
Isaac,19999,flat,precision_vx_-0.10,7205,tracking_failure,tracking_failure,True,,,,0.8289414048194885,7.994578838348389,0.0
Isaac,19999,flat,precision_vx_-0.10,7206,tracking_failure,tracking_failure,True,,,,0.8416784405708313,7.31012487411499,0.0
Isaac,19999,flat,precision_vx_-0.10,7207,tracking_failure,tracking_failure,True,,,,0.8257511258125305,9.545064926147461,0.0
Isaac,19999,flat,precision_vx_-0.10,7208,tracking_failure,tracking_failure,True,,,,0.8352066278457642,7.8101091384887695,0.0
Isaac,19999,flat,precision_vx_-0.10,7209,tracking_failure,tracking_failure,True,,,,0.8332085013389587,7.47159481048584,0.0
Isaac,19999,flat,precision_vx_-0.10,7210,tracking_failure,tracking_failure,True,,,,0.835516631603241,5.915928363800049,0.0
Isaac,19999,flat,precision_vx_-0.10,7211,tracking_failure,tracking_failure,True,,,,0.826285719871521,9.865346908569336,0.0
Isaac,19999,flat,precision_vx_-0.10,7212,tracking_failure,tracking_failure,True,,,,0.8381075263023376,6.630342960357666,0.0
Isaac,19999,flat,precision_vx_-0.10,7213,tracking_failure,tracking_failure,True,,,,0.831222653388977,8.176071166992188,0.0
Isaac,19999,flat,precision_vx_-0.10,7214,tracking_failure,tracking_failure,True,,,,0.8343294858932495,8.533358573913574,0.0
Isaac,19999,flat,precision_vx_-0.10,7215,tracking_failure,tracking_failure,True,,,,0.8375393748283386,7.218381404876709,0.0
Isaac,19999,flat,precision_vx_-0.10,7216,tracking_failure,tracking_failure,True,,,,0.8333867788314819,7.99412727355957,0.0
Isaac,19999,flat,precision_vx_+0.10,7201,success,,True,,,,0.8335959315299988,9.050861358642578,0.0
Isaac,19999,flat,precision_vx_+0.10,7202,success,,True,,,,0.8089424967765808,8.781846046447754,0.0
Isaac,19999,flat,precision_vx_+0.10,7203,success,,True,,,,0.844304621219635,7.968195915222168,0.0
Isaac,19999,flat,precision_vx_+0.10,7204,success,,True,,,,0.8315147757530212,6.610701084136963,0.0
Isaac,19999,flat,precision_vx_+0.10,7205,success,,True,,,,0.8269884586334229,7.994578838348389,0.0
Isaac,19999,flat,precision_vx_+0.10,7206,success,,True,,,,0.8306627869606018,7.31012487411499,0.0
Isaac,19999,flat,precision_vx_+0.10,7207,success,,True,,,,0.8309898376464844,9.545064926147461,0.0
Isaac,19999,flat,precision_vx_+0.10,7208,success,,True,,,,0.8330415487289429,7.8101091384887695,0.0
Isaac,19999,flat,precision_vx_+0.10,7209,success,,True,,,,0.8277573585510254,7.47159481048584,0.0
Isaac,19999,flat,precision_vx_+0.10,7210,success,,True,,,,0.8240885138511658,5.915928363800049,0.0
Isaac,19999,flat,precision_vx_+0.10,7211,success,,True,,,,0.826285719871521,9.865346908569336,0.0
Isaac,19999,flat,precision_vx_+0.10,7212,success,,True,,,,0.8402871489524841,6.630342960357666,0.0
Isaac,19999,flat,precision_vx_+0.10,7213,success,,True,,,,0.8373158574104309,8.176071166992188,0.0
Isaac,19999,flat,precision_vx_+0.10,7214,success,,True,,,,0.8267470598220825,8.533358573913574,0.0
Isaac,19999,flat,precision_vx_+0.10,7215,success,,True,,,,0.8280144929885864,7.218381404876709,0.0
Isaac,19999,flat,precision_vx_+0.10,7216,success,,True,,,,0.8231186866760254,7.99412727355957,0.0
Isaac,19999,flat,precision_vy_-0.10,7201,tracking_failure,tracking_failure,True,,,,0.8263207077980042,9.050861358642578,0.0
Isaac,19999,flat,precision_vy_-0.10,7202,tracking_failure,tracking_failure,True,,,,0.8242937326431274,8.781846046447754,0.0
Isaac,19999,flat,precision_vy_-0.10,7203,tracking_failure,tracking_failure,True,,,,0.8297579884529114,7.968195915222168,0.0
Isaac,19999,flat,precision_vy_-0.10,7204,tracking_failure,tracking_failure,True,,,,0.8256523609161377,6.610701084136963,0.0
Isaac,19999,flat,precision_vy_-0.10,7205,tracking_failure,tracking_failure,True,,,,0.8219374418258667,7.994578838348389,0.0
Isaac,19999,flat,precision_vy_-0.10,7206,tracking_failure,tracking_failure,True,,,,0.8336355686187744,7.31012487411499,0.0
Isaac,19999,flat,precision_vy_-0.10,7207,tracking_failure,tracking_failure,True,,,,0.8247561454772949,9.545064926147461,0.0
Isaac,19999,flat,precision_vy_-0.10,7208,tracking_failure,tracking_failure,True,,,,0.8249572515487671,7.8101091384887695,0.0
Isaac,19999,flat,precision_vy_-0.10,7209,tracking_failure,tracking_failure,True,,,,0.8224068284034729,7.47159481048584,0.0
Isaac,19999,flat,precision_vy_-0.10,7210,tracking_failure,tracking_failure,True,,,,0.8305537104606628,5.915928363800049,0.0
Isaac,19999,flat,precision_vy_-0.10,7211,tracking_failure,tracking_failure,True,,,,0.826285719871521,9.865346908569336,0.0
Isaac,19999,flat,precision_vy_-0.10,7212,tracking_failure,tracking_failure,True,,,,0.8307604789733887,6.630342960357666,0.0
Isaac,19999,flat,precision_vy_-0.10,7213,tracking_failure,tracking_failure,True,,,,0.8253843784332275,8.176071166992188,0.0
Isaac,19999,flat,precision_vy_-0.10,7214,tracking_failure,tracking_failure,True,,,,0.8267457485198975,8.533358573913574,0.0
Isaac,19999,flat,precision_vy_-0.10,7215,tracking_failure,tracking_failure,True,,,,0.8309377431869507,7.218381404876709,0.0
Isaac,19999,flat,precision_vy_-0.10,7216,tracking_failure,tracking_failure,True,,,,0.8323239684104919,7.99412727355957,0.0
Isaac,19999,flat,precision_vy_+0.10,7201,tracking_failure,tracking_failure,True,,,,0.8181241154670715,9.050861358642578,0.0
Isaac,19999,flat,precision_vy_+0.10,7202,tracking_failure,tracking_failure,True,,,,0.8058214783668518,8.781846046447754,0.0
Isaac,19999,flat,precision_vy_+0.10,7203,tracking_failure,tracking_failure,True,,,,0.8260906338691711,7.968195915222168,0.0
Isaac,19999,flat,precision_vy_+0.10,7204,tracking_failure,tracking_failure,True,,,,0.8145610690116882,6.610701084136963,0.0
Isaac,19999,flat,precision_vy_+0.10,7205,tracking_failure,tracking_failure,True,,,,0.8136097192764282,7.994578838348389,0.0
Isaac,19999,flat,precision_vy_+0.10,7206,tracking_failure,tracking_failure,True,,,,0.8229061961174011,7.31012487411499,0.0
Isaac,19999,flat,precision_vy_+0.10,7207,tracking_failure,tracking_failure,True,,,,0.814731240272522,9.545064926147461,0.0
Isaac,19999,flat,precision_vy_+0.10,7208,tracking_failure,tracking_failure,True,,,,0.8124516606330872,7.8101091384887695,0.0
Isaac,19999,flat,precision_vy_+0.10,7209,tracking_failure,tracking_failure,True,,,,0.8107377290725708,7.47159481048584,0.0
Isaac,19999,flat,precision_vy_+0.10,7210,tracking_failure,tracking_failure,True,,,,0.8131877779960632,5.915928363800049,0.0
Isaac,19999,flat,precision_vy_+0.10,7211,tracking_failure,tracking_failure,True,,,,0.8167583346366882,9.865346908569336,0.0
Isaac,19999,flat,precision_vy_+0.10,7212,tracking_failure,tracking_failure,True,,,,0.8231427073478699,6.630342960357666,0.0
Isaac,19999,flat,precision_vy_+0.10,7213,tracking_failure,tracking_failure,True,,,,0.8184714317321777,8.176071166992188,0.0
Isaac,19999,flat,precision_vy_+0.10,7214,tracking_failure,tracking_failure,True,,,,0.8140808939933777,8.533358573913574,0.0
Isaac,19999,flat,precision_vy_+0.10,7215,tracking_failure,tracking_failure,True,,,,0.8157745599746704,7.218381404876709,0.0
Isaac,19999,flat,precision_vy_+0.10,7216,tracking_failure,tracking_failure,True,,,,0.8143956661224365,7.99412727355957,0.0
Isaac,19999,flat,precision_wz_-0.10,7201,tracking_failure,tracking_failure,True,,,,0.8358256220817566,9.050861358642578,0.0
Isaac,19999,flat,precision_wz_-0.10,7202,tracking_failure,tracking_failure,True,,,,0.8287503719329834,8.781846046447754,0.0
Isaac,19999,flat,precision_wz_-0.10,7203,tracking_failure,tracking_failure,True,,,,0.8377158641815186,7.968195915222168,0.0
Isaac,19999,flat,precision_wz_-0.10,7204,tracking_failure,tracking_failure,True,,,,0.8304563164710999,6.610701084136963,0.0
Isaac,19999,flat,precision_wz_-0.10,7205,tracking_failure,tracking_failure,True,,,,0.8249599933624268,7.994578838348389,0.0
Isaac,19999,flat,precision_wz_-0.10,7206,tracking_failure,tracking_failure,True,,,,0.8389394879341125,7.31012487411499,0.0
Isaac,19999,flat,precision_wz_-0.10,7207,tracking_failure,tracking_failure,True,,,,0.8309898376464844,9.545064926147461,0.0
Isaac,19999,flat,precision_wz_-0.10,7208,tracking_failure,tracking_failure,True,,,,0.8352066278457642,7.8101091384887695,0.0
Isaac,19999,flat,precision_wz_-0.10,7209,tracking_failure,tracking_failure,True,,,,0.8321993947029114,7.47159481048584,0.0
Isaac,19999,flat,precision_wz_-0.10,7210,tracking_failure,tracking_failure,True,,,,0.8330094814300537,5.915928363800049,0.0
Isaac,19999,flat,precision_wz_-0.10,7211,tracking_failure,tracking_failure,True,,,,0.826285719871521,9.865346908569336,0.0
Isaac,19999,flat,precision_wz_-0.10,7212,tracking_failure,tracking_failure,True,,,,0.8346096277236938,6.630342960357666,0.0
Isaac,19999,flat,precision_wz_-0.10,7213,tracking_failure,tracking_failure,True,,,,0.8308933973312378,8.176071166992188,0.0
Isaac,19999,flat,precision_wz_-0.10,7214,tracking_failure,tracking_failure,True,,,,0.8297158479690552,8.533358573913574,0.0
Isaac,19999,flat,precision_wz_-0.10,7215,tracking_failure,tracking_failure,True,,,,0.832186222076416,7.218381404876709,0.0
Isaac,19999,flat,precision_wz_-0.10,7216,tracking_failure,tracking_failure,True,,,,0.8314018845558167,7.99412727355957,0.0
Isaac,19999,flat,precision_wz_+0.10,7201,tracking_failure,tracking_failure,True,,,,0.8205075263977051,9.050861358642578,0.0
Isaac,19999,flat,precision_wz_+0.10,7202,tracking_failure,tracking_failure,True,,,,0.7993061542510986,8.781846046447754,0.0
Isaac,19999,flat,precision_wz_+0.10,7203,tracking_failure,tracking_failure,True,,,,0.8254157900810242,7.968195915222168,0.0
Isaac,19999,flat,precision_wz_+0.10,7204,tracking_failure,tracking_failure,True,,,,0.8149712085723877,6.610701084136963,0.0
Isaac,19999,flat,precision_wz_+0.10,7205,tracking_failure,tracking_failure,True,,,,0.8109668493270874,7.994578838348389,0.0
Isaac,19999,flat,precision_wz_+0.10,7206,tracking_failure,tracking_failure,True,,,,0.8253737092018127,7.31012487411499,0.0
Isaac,19999,flat,precision_wz_+0.10,7207,tracking_failure,tracking_failure,True,,,,0.8211394548416138,9.545064926147461,0.0
Isaac,19999,flat,precision_wz_+0.10,7208,tracking_failure,tracking_failure,True,,,,0.817035973072052,7.8101091384887695,0.0
Isaac,19999,flat,precision_wz_+0.10,7209,tracking_failure,tracking_failure,True,,,,0.8289704322814941,7.47159481048584,0.0
Isaac,19999,flat,precision_wz_+0.10,7210,tracking_failure,tracking_failure,True,,,,0.8124639987945557,5.915928363800049,0.0
Isaac,19999,flat,precision_wz_+0.10,7211,tracking_failure,tracking_failure,True,,,,0.8184823989868164,9.865346908569336,0.0
Isaac,19999,flat,precision_wz_+0.10,7212,tracking_failure,tracking_failure,True,,,,0.8208303451538086,6.630342960357666,0.0
Isaac,19999,flat,precision_wz_+0.10,7213,tracking_failure,tracking_failure,True,,,,0.8231000304222107,8.176071166992188,0.0
Isaac,19999,flat,precision_wz_+0.10,7214,tracking_failure,tracking_failure,True,,,,0.8129973411560059,8.533358573913574,0.0
Isaac,19999,flat,precision_wz_+0.10,7215,tracking_failure,tracking_failure,True,,,,0.8146075010299683,7.218381404876709,0.0
Isaac,19999,flat,precision_wz_+0.10,7216,tracking_failure,tracking_failure,True,,,,0.8132990598678589,7.99412727355957,0.0
Isaac,19999,flat,diagonal,7201,command_transition_failure,command_transition_failure,True,,,,0.6237525939941406,22.202163696289062,0.00034090909090909094
Isaac,19999,flat,diagonal,7202,success,,True,,,,0.6216892600059509,19.663978576660156,0.0006818181818181819
Isaac,19999,flat,diagonal,7203,success,,True,,,,0.6113119721412659,20.53394317626953,0.00034090909090909094
Isaac,19999,flat,diagonal,7204,command_transition_failure,command_transition_failure,True,,,,0.6167891621589661,21.515594482421875,0.00022727272727272727
Isaac,19999,flat,diagonal,7205,command_transition_failure,command_transition_failure,True,,,,0.60016930103302,20.910581588745117,0.00034090909090909094
Isaac,19999,flat,diagonal,7206,success,,True,,,,0.6151611804962158,21.231735229492188,0.00022727272727272727
Isaac,19999,flat,diagonal,7207,command_transition_failure,command_transition_failure,True,,,,0.614454984664917,21.63811492919922,0.00034090909090909094
Isaac,19999,flat,diagonal,7208,command_transition_failure,command_transition_failure,True,,,,0.6128517985343933,22.497724533081055,0.00034090909090909094
Isaac,19999,flat,diagonal,7209,command_transition_failure,command_transition_failure,True,,,,0.6095452308654785,19.416412353515625,0.00022727272727272727
Isaac,19999,flat,diagonal,7210,command_transition_failure,command_transition_failure,True,,,,0.6244837641716003,21.85232925415039,0.00022727272727272727
Isaac,19999,flat,diagonal,7211,command_transition_failure,command_transition_failure,True,,,,0.6775104999542236,21.708240509033203,0.00022727272727272727
Isaac,19999,flat,diagonal,7212,success,,True,,,,0.6242928504943848,20.278249740600586,0.00011363636363636364
Isaac,19999,flat,diagonal,7213,command_transition_failure,command_transition_failure,True,,,,0.6283444166183472,20.004283905029297,0.00022727272727272727
Isaac,19999,flat,diagonal,7214,command_transition_failure,command_transition_failure,True,,,,0.6227036118507385,21.979488372802734,0.00011363636363636364
Isaac,19999,flat,diagonal,7215,success,,True,,,,0.6154012084007263,20.65740966796875,0.00045454545454545455
Isaac,19999,flat,diagonal,7216,success,,True,,,,0.6033545732498169,21.60862922668457,0.0005681818181818182
Isaac,19999,flat,turning,7201,success,,True,,,,0.36180800199508667,25.19248390197754,0.003863636363636364
Isaac,19999,flat,turning,7202,success,,True,,,,0.29782265424728394,25.36518096923828,0.004431818181818182
Isaac,19999,flat,turning,7203,success,,True,,,,0.33895647525787354,26.354019165039062,0.004545454545454545
Isaac,19999,flat,turning,7204,success,,True,,,,0.3324317932128906,26.817611694335938,0.004318181818181818
Isaac,19999,flat,turning,7205,success,,True,,,,0.35181868076324463,27.002206802368164,0.0026136363636363636
Isaac,19999,flat,turning,7206,success,,True,,,,0.3476017713546753,25.315099716186523,0.003409090909090909
Isaac,19999,flat,turning,7207,success,,True,,,,0.340378999710083,34.85675811767578,0.00375
Isaac,19999,flat,turning,7208,success,,True,,,,0.33708471059799194,29.259239196777344,0.0036363636363636364
Isaac,19999,flat,turning,7209,success,,True,,,,0.3570336699485779,25.883895874023438,0.003409090909090909
Isaac,19999,flat,turning,7210,success,,True,,,,0.3435068726539612,28.857065200805664,0.004090909090909091
Isaac,19999,flat,turning,7211,success,,True,,,,0.32413250207901,27.022737503051758,0.004090909090909091
Isaac,19999,flat,turning,7212,success,,True,,,,0.3148214817047119,27.46978759765625,0.003522727272727273
Isaac,19999,flat,turning,7213,success,,True,,,,0.3355293869972229,29.02149200439453,0.003863636363636364
Isaac,19999,flat,turning,7214,success,,True,,,,0.3471483588218689,26.228252410888672,0.004659090909090909
Isaac,19999,flat,turning,7215,success,,True,,,,0.28837859630584717,24.90604591369629,0.003181818181818182
Isaac,19999,flat,turning,7216,success,,True,,,,0.2689751386642456,24.16530990600586,0.003863636363636364
Isaac,19999,flat,reverse,7201,success,,True,,,,0.6370671987533569,14.217453002929688,0.0005405405405405405
Isaac,19999,flat,reverse,7202,success,,True,,,,0.6438306570053101,13.17231559753418,0.0006081081081081081
Isaac,19999,flat,reverse,7203,success,,True,,,,0.6444461345672607,15.78065013885498,0.0009459459459459459
Isaac,19999,flat,reverse,7204,success,,True,,,,0.6456925272941589,14.576142311096191,0.0006081081081081081
Isaac,19999,flat,reverse,7205,success,,True,,,,0.6476125121116638,20.3258056640625,0.0009459459459459459
Isaac,19999,flat,reverse,7206,success,,True,,,,0.648274838924408,13.011260032653809,0.0008783783783783784
Isaac,19999,flat,reverse,7207,success,,True,,,,0.6428394913673401,22.347509384155273,0.00047297297297297297
Isaac,19999,flat,reverse,7208,success,,True,,,,0.6386803388595581,16.486421585083008,0.0012162162162162162
Isaac,19999,flat,reverse,7209,success,,True,,,,0.6444047689437866,16.097843170166016,0.001081081081081081
Isaac,19999,flat,reverse,7210,success,,True,,,,0.6544957756996155,20.804771423339844,0.0012837837837837837
Isaac,19999,flat,reverse,7211,success,,True,,,,0.6399773359298706,19.914966583251953,0.0006081081081081081
Isaac,19999,flat,reverse,7212,success,,True,,,,0.6488043665885925,12.29094409942627,0.0012837837837837837
Isaac,19999,flat,reverse,7213,success,,True,,,,0.6424304246902466,19.069866180419922,0.0012162162162162162
Isaac,19999,flat,reverse,7214,success,,True,,,,0.6368640661239624,12.667966842651367,0.0004054054054054054
Isaac,19999,flat,reverse,7215,success,,True,,,,0.6470139026641846,15.542800903320312,0.0006081081081081081
Isaac,19999,flat,reverse,7216,success,,True,,,,0.6496142148971558,12.477092742919922,0.0004054054054054054
Isaac,19999,flat,ramp,7201,command_transition_failure,command_transition_failure,True,,,,0.7029974460601807,21.314014434814453,0.0027083333333333334
Isaac,19999,flat,ramp,7202,command_transition_failure,command_transition_failure,True,,,,0.7025200128555298,21.878204345703125,0.0034375
Isaac,19999,flat,ramp,7203,command_transition_failure,command_transition_failure,True,,,,0.6933231353759766,22.577787399291992,0.0036458333333333334
Isaac,19999,flat,ramp,7204,command_transition_failure,command_transition_failure,True,,,,0.7045475244522095,22.923416137695312,0.0034375
Isaac,19999,flat,ramp,7205,command_transition_failure,command_transition_failure,True,,,,0.6977825164794922,22.201112747192383,0.003125
Isaac,19999,flat,ramp,7206,command_transition_failure,command_transition_failure,True,,,,0.7049483060836792,21.56412696838379,0.0030208333333333333
Isaac,19999,flat,ramp,7207,command_transition_failure,command_transition_failure,True,,,,0.6979312896728516,22.14291000366211,0.0027083333333333334
Isaac,19999,flat,ramp,7208,command_transition_failure,command_transition_failure,True,,,,0.7038565874099731,20.71875,0.0033333333333333335
Isaac,19999,flat,ramp,7209,command_transition_failure,command_transition_failure,True,,,,0.7013814449310303,22.418798446655273,0.0025
Isaac,19999,flat,ramp,7210,command_transition_failure,command_transition_failure,True,,,,0.7008770108222961,22.553007125854492,0.0026041666666666665
Isaac,19999,flat,ramp,7211,command_transition_failure,command_transition_failure,True,,,,0.7083081007003784,23.238473892211914,0.0036458333333333334
Isaac,19999,flat,ramp,7212,command_transition_failure,command_transition_failure,True,,,,0.6998350024223328,21.03693199157715,0.0034375
Isaac,19999,flat,ramp,7213,command_transition_failure,command_transition_failure,True,,,,0.7002357840538025,24.60654067993164,0.00375
Isaac,19999,flat,ramp,7214,command_transition_failure,command_transition_failure,True,,,,0.7053727507591248,22.647092819213867,0.0033333333333333335
Isaac,19999,flat,ramp,7215,command_transition_failure,command_transition_failure,True,,,,0.6969656348228455,25.765121459960938,0.0034375
Isaac,19999,flat,ramp,7216,command_transition_failure,command_transition_failure,True,,,,0.698120653629303,22.4039363861084,0.0030208333333333333
Isaac,19999,flat,push_moving,7201,success,,True,,,,0.6857356429100037,14.53875732421875,0.00011363636363636364
Isaac,19999,flat,push_moving,7202,success,,True,,,,0.6783373951911926,11.911316871643066,0.00022727272727272727
Isaac,19999,flat,push_moving,7203,success,,True,,,,0.678392767906189,12.921069145202637,0.00022727272727272727
Isaac,19999,flat,push_moving,7204,success,,True,,,,0.6758381128311157,11.806706428527832,0.0005681818181818182
Isaac,19999,flat,push_moving,7205,success,,True,,,,0.6800485849380493,11.26290225982666,0.00034090909090909094
Isaac,19999,flat,push_moving,7206,success,,True,,,,0.6806857585906982,11.198986053466797,0.00022727272727272727
Isaac,19999,flat,push_moving,7207,success,,True,,,,0.6746785640716553,12.273311614990234,0.00011363636363636364
Isaac,19999,flat,push_moving,7208,success,,True,,,,0.679632306098938,16.486421585083008,0.0
Isaac,19999,flat,push_moving,7209,success,,True,,,,0.6807551383972168,16.92106056213379,0.00011363636363636364
Isaac,19999,flat,push_moving,7210,success,,True,,,,0.6803504228591919,12.285560607910156,0.0
Isaac,19999,flat,push_moving,7211,success,,True,,,,0.6784427165985107,12.263120651245117,0.0
Isaac,19999,flat,push_moving,7212,success,,True,,,,0.6774410009384155,10.101167678833008,0.00011363636363636364
Isaac,19999,flat,push_moving,7213,success,,True,,,,0.6788992881774902,12.718498229980469,0.00011363636363636364
Isaac,19999,flat,push_moving,7214,success,,True,,,,0.6787915229797363,13.644664764404297,0.00034090909090909094
Isaac,19999,flat,push_moving,7215,success,,True,,,,0.6835119128227234,15.542800903320312,0.00022727272727272727
Isaac,19999,flat,push_moving,7216,success,,True,,,,0.6759546399116516,11.401440620422363,0.00011363636363636364
Isaac,19999,flat,push_standing,7201,success,,True,,,,0.8122640252113342,9.050861358642578,0.0
Isaac,19999,flat,push_standing,7202,success,,True,,,,0.8034954071044922,8.781846046447754,0.0
Isaac,19999,flat,push_standing,7203,success,,True,,,,0.8202228546142578,7.968195915222168,0.0
Isaac,19999,flat,push_standing,7204,success,,True,,,,0.8101661801338196,6.610701084136963,0.0
Isaac,19999,flat,push_standing,7205,success,,True,,,,0.8054254055023193,7.994578838348389,0.0
Isaac,19999,flat,push_standing,7206,success,,True,,,,0.8073407411575317,7.31012487411499,0.0
Isaac,19999,flat,push_standing,7207,success,,True,,,,0.8102876543998718,9.545064926147461,0.0
Isaac,19999,flat,push_standing,7208,success,,True,,,,0.8082392811775208,7.8101091384887695,0.0
Isaac,19999,flat,push_standing,7209,success,,True,,,,0.8045608401298523,7.47159481048584,0.0
Isaac,19999,flat,push_standing,7210,success,,True,,,,0.803295373916626,5.915928363800049,0.0
Isaac,19999,flat,push_standing,7211,success,,True,,,,0.807885468006134,9.865346908569336,0.0
Isaac,19999,flat,push_standing,7212,success,,True,,,,0.8148462772369385,6.630342960357666,0.0
Isaac,19999,flat,push_standing,7213,success,,True,,,,0.8166255950927734,8.176071166992188,0.0
Isaac,19999,flat,push_standing,7214,success,,True,,,,0.8092032670974731,8.533358573913574,0.0
Isaac,19999,flat,push_standing,7215,success,,True,,,,0.8121693134307861,7.218381404876709,0.0
Isaac,19999,flat,push_standing,7216,success,,True,,,,0.8080607056617737,7.99412727355957,0.0
Isaac,10000,random_rough,forward_0.30,7201,success,,True,True,,,0.6638641953468323,17.055187225341797,0.007222222222222222
Isaac,10000,random_rough,forward_0.30,7202,success,,True,True,,,0.6636283993721008,18.471500396728516,0.007
Isaac,10000,random_rough,forward_0.30,7203,success,,True,True,,,0.6666216850280762,15.83213996887207,0.006333333333333333
Isaac,10000,random_rough,forward_0.30,7204,success,,True,True,,,0.6630377173423767,18.847604751586914,0.0064444444444444445
Isaac,10000,random_rough,forward_0.30,7205,success,,True,True,,,0.6672587394714355,16.6732177734375,0.008444444444444444
Isaac,10000,random_rough,forward_0.30,7206,success,,True,True,,,0.6689039468765259,16.494422912597656,0.009555555555555555
Isaac,10000,random_rough,forward_0.30,7207,command_transition_failure,command_transition_failure|standstill_failure|terrain_stall,True,False,,,0.5128707885742188,33.60131072998047,0.057666666666666665
Isaac,10000,random_rough,forward_0.30,7208,success,,True,True,,,0.6643117666244507,32.27806854248047,0.013666666666666667
Isaac,10000,random_rough,forward_0.30,7209,success,,True,True,,,0.6580994129180908,17.945011138916016,0.008666666666666666
Isaac,10000,random_rough,forward_0.30,7210,tracking_failure,command_transition_failure|terrain_stall|tracking_failure,True,False,,,0.6369837522506714,30.865894317626953,0.011666666666666667
Isaac,10000,random_rough,forward_0.30,7211,success,,True,True,,,0.5458078384399414,34.52370071411133,0.025444444444444443
Isaac,10000,random_rough,forward_0.30,7212,success,,True,True,,,0.668275773525238,17.78156280517578,0.005111111111111111
Isaac,10000,random_rough,forward_0.30,7213,success,,True,True,,,0.651659369468689,31.252899169921875,0.011
Isaac,10000,random_rough,forward_0.30,7214,success,,True,True,,,0.665195643901825,18.945281982421875,0.007666666666666666
Isaac,10000,random_rough,forward_0.30,7215,success,,True,True,,,0.6680886149406433,21.741641998291016,0.006111111111111111
Isaac,10000,random_rough,forward_0.30,7216,success,,True,True,,,0.6692612171173096,15.198477745056152,0.011
Isaac,10000,random_rough,forward_0.70,7201,success,,True,True,,,0.6767810583114624,34.930110931396484,0.0071111111111111115
Isaac,10000,random_rough,forward_0.70,7202,success,,True,True,,,0.6709121465682983,35.0577392578125,0.0067777777777777775
Isaac,10000,random_rough,forward_0.70,7203,success,,True,True,,,0.6671746969223022,35.30888366699219,0.009
Isaac,10000,random_rough,forward_0.70,7204,success,,True,True,,,0.6636697053909302,28.815088272094727,0.0047777777777777775
Isaac,10000,random_rough,forward_0.70,7205,success,,True,True,,,0.6210293769836426,36.232486724853516,0.012444444444444444
Isaac,10000,random_rough,forward_0.70,7206,success,,True,True,,,0.675483763217926,35.62278366088867,0.008222222222222223
Isaac,10000,random_rough,forward_0.70,7207,success,,True,True,,,0.6838644742965698,37.07890319824219,0.00811111111111111
Isaac,10000,random_rough,forward_0.70,7208,success,,True,True,,,0.6838667392730713,35.840633392333984,0.005666666666666667
Isaac,10000,random_rough,forward_0.70,7209,success,,True,True,,,0.6766858100891113,30.404521942138672,0.004111111111111111
Isaac,10000,random_rough,forward_0.70,7210,success,,True,True,,,0.6804291605949402,35.41598129272461,0.0071111111111111115
Isaac,10000,random_rough,forward_0.70,7211,success,,True,True,,,0.6817028522491455,29.03150749206543,0.005
Isaac,10000,random_rough,forward_0.70,7212,success,,True,True,,,0.6748495101928711,34.4601936340332,0.006222222222222222
Isaac,10000,random_rough,forward_0.70,7213,success,,True,True,,,0.6695070266723633,33.77439498901367,0.007222222222222222
Isaac,10000,random_rough,forward_0.70,7214,success,,True,True,,,0.6842188239097595,35.74123001098633,0.006111111111111111
Isaac,10000,random_rough,forward_0.70,7215,success,,True,True,,,0.6793357729911804,35.60563659667969,0.0067777777777777775
Isaac,10000,random_rough,forward_0.70,7216,success,,True,True,,,0.6796908378601074,30.50371551513672,0.005333333333333333
Isaac,10000,random_rough,interrupted,7201,success,,True,True,,,0.6733353137969971,30.223299026489258,0.006129032258064516
Isaac,10000,random_rough,interrupted,7202,success,,True,True,,,0.6658742427825928,29.62268829345703,0.005403225806451613
Isaac,10000,random_rough,interrupted,7203,success,,True,True,,,0.6656107306480408,27.352270126342773,0.005967741935483871
Isaac,10000,random_rough,interrupted,7204,success,,True,True,,,0.6775885224342346,31.27752113342285,0.005403225806451613
Isaac,10000,random_rough,interrupted,7205,success,,True,True,,,0.6795922517776489,25.378376007080078,0.0066935483870967745
Isaac,10000,random_rough,interrupted,7206,success,,True,True,,,0.6670286655426025,33.44870376586914,0.0067741935483870966
Isaac,10000,random_rough,interrupted,7207,success,,True,True,,,0.6763114333152771,26.754941940307617,0.005725806451612903
Isaac,10000,random_rough,interrupted,7208,success,,True,True,,,0.6639342308044434,32.88470458984375,0.005967741935483871
Isaac,10000,random_rough,interrupted,7209,success,,True,True,,,0.6695665121078491,29.30316925048828,0.006935483870967742
Isaac,10000,random_rough,interrupted,7210,success,,True,True,,,0.6746761798858643,31.11311912536621,0.0068548387096774195
Isaac,10000,random_rough,interrupted,7211,success,,True,True,,,0.65708327293396,27.677133560180664,0.005806451612903226
Isaac,10000,random_rough,interrupted,7212,success,,True,True,,,0.674488365650177,30.73352813720703,0.006935483870967742
Isaac,10000,random_rough,interrupted,7213,success,,True,True,,,0.6743879914283752,30.055200576782227,0.006129032258064516
Isaac,10000,random_rough,interrupted,7214,success,,True,True,,,0.6750104427337646,30.83651351928711,0.007983870967741936
Isaac,10000,random_rough,interrupted,7215,success,,True,True,,,0.6686998009681702,31.24650764465332,0.006532258064516129
Isaac,10000,random_rough,interrupted,7216,success,,True,True,,,0.6677712202072144,24.319698333740234,0.0064516129032258064
Isaac,10000,random_rough,push_moving,7201,success,,True,True,,,0.6654311418533325,18.065105438232422,0.005666666666666667
Isaac,10000,random_rough,push_moving,7202,success,,True,True,,,0.6613245010375977,17.867238998413086,0.006
Isaac,10000,random_rough,push_moving,7203,success,,True,True,,,0.6683160662651062,30.860349655151367,0.015555555555555555
Isaac,10000,random_rough,push_moving,7204,success,,True,True,,,0.666819155216217,18.847604751586914,0.0054444444444444445
Isaac,10000,random_rough,push_moving,7205,success,,True,True,,,0.6718921065330505,21.326406478881836,0.008444444444444444
Isaac,10000,random_rough,push_moving,7206,success,,True,True,,,0.6688354015350342,16.494422912597656,0.011333333333333334
Isaac,10000,random_rough,push_moving,7207,terrain_stall,terrain_stall,True,False,,,0.511520504951477,34.39255142211914,0.023333333333333334
Isaac,10000,random_rough,push_moving,7208,success,,True,True,,,0.6690374612808228,17.645477294921875,0.009666666666666667
Isaac,10000,random_rough,push_moving,7209,success,,True,True,,,0.6656720638275146,18.466760635375977,0.010555555555555556
Isaac,10000,random_rough,push_moving,7210,tracking_failure,command_transition_failure|terrain_stall|tracking_failure,True,False,,,0.6516498923301697,32.327720642089844,0.011333333333333334
Isaac,10000,random_rough,push_moving,7211,command_transition_failure,command_transition_failure,True,True,,,0.5926666259765625,36.24624252319336,0.02011111111111111
Isaac,10000,random_rough,push_moving,7212,success,,True,True,,,0.6639767289161682,20.33619499206543,0.005666666666666667
Isaac,10000,random_rough,push_moving,7213,success,,True,True,,,0.6626903414726257,31.252899169921875,0.008888888888888889
Isaac,10000,random_rough,push_moving,7214,success,,True,True,,,0.6672022342681885,18.945281982421875,0.010444444444444444
Isaac,10000,random_rough,push_moving,7215,success,,True,True,,,0.670649528503418,17.585262298583984,0.0054444444444444445
Isaac,10000,random_rough,push_moving,7216,success,,True,True,,,0.671450138092041,15.009305000305176,0.00788888888888889
Isaac,15000,random_rough,forward_0.30,7201,success,,True,True,,,0.6073780059814453,39.307281494140625,0.025111111111111112
Isaac,15000,random_rough,forward_0.30,7202,success,,True,True,,,0.6088783144950867,33.5750846862793,0.02677777777777778
Isaac,15000,random_rough,forward_0.30,7203,success,,True,True,,,0.6021981835365295,25.365215301513672,0.019666666666666666
Isaac,15000,random_rough,forward_0.30,7204,success,,True,True,,,0.60552978515625,15.840984344482422,0.01711111111111111
Isaac,15000,random_rough,forward_0.30,7205,success,,True,True,,,0.6069202423095703,20.53904914855957,0.022
Isaac,15000,random_rough,forward_0.30,7206,success,,True,True,,,0.6069034337997437,25.04139518737793,0.021111111111111112
Isaac,15000,random_rough,forward_0.30,7207,success,,True,True,,,0.6280938386917114,35.7209358215332,0.025444444444444443
Isaac,15000,random_rough,forward_0.30,7208,success,,True,True,,,0.6006916761398315,23.31470489501953,0.01622222222222222
Isaac,15000,random_rough,forward_0.30,7209,success,,True,True,,,0.6006176471710205,35.24998092651367,0.029
Isaac,15000,random_rough,forward_0.30,7210,tracking_failure,command_transition_failure|terrain_stall|tracking_failure,True,False,,,0.6147597432136536,29.964969635009766,0.01988888888888889
Isaac,15000,random_rough,forward_0.30,7211,success,,True,True,,,0.6234220862388611,34.67621994018555,0.019444444444444445
Isaac,15000,random_rough,forward_0.30,7212,success,,True,True,,,0.602683424949646,20.544492721557617,0.019444444444444445
Isaac,15000,random_rough,forward_0.30,7213,success,,True,True,,,0.6059794425964355,22.078521728515625,0.02011111111111111
Isaac,15000,random_rough,forward_0.30,7214,success,,True,True,,,0.6067137718200684,23.645084381103516,0.020888888888888887
Isaac,15000,random_rough,forward_0.30,7215,success,,True,True,,,0.6140381097793579,22.094772338867188,0.019333333333333334
Isaac,15000,random_rough,forward_0.30,7216,success,,True,True,,,0.6041382551193237,21.896272659301758,0.02011111111111111
Isaac,15000,random_rough,forward_0.70,7201,success,,True,True,,,0.6715651154518127,36.14577102661133,0.01011111111111111
Isaac,15000,random_rough,forward_0.70,7202,success,,True,True,,,0.6527129411697388,37.441097259521484,0.018111111111111113
Isaac,15000,random_rough,forward_0.70,7203,success,,True,True,,,0.6710006594657898,34.977115631103516,0.00811111111111111
Isaac,15000,random_rough,forward_0.70,7204,success,,True,True,,,0.6669451594352722,36.16608810424805,0.01011111111111111
Isaac,15000,random_rough,forward_0.70,7205,success,,True,True,,,0.6778273582458496,37.38271713256836,0.009333333333333334
Isaac,15000,random_rough,forward_0.70,7206,success,,True,True,,,0.6727822422981262,37.57347869873047,0.01011111111111111
Isaac,15000,random_rough,forward_0.70,7207,success,,True,True,,,0.6497155427932739,35.72705841064453,0.022444444444444444
Isaac,15000,random_rough,forward_0.70,7208,success,,True,True,,,0.6748340129852295,35.763187408447266,0.006333333333333333
Isaac,15000,random_rough,forward_0.70,7209,success,,True,True,,,0.6770921945571899,37.20970916748047,0.009444444444444445
Isaac,15000,random_rough,forward_0.70,7210,success,,True,True,,,0.673552393913269,35.58025360107422,0.009555555555555555
Isaac,15000,random_rough,forward_0.70,7211,success,,True,True,,,0.6466913223266602,37.52423858642578,0.019333333333333334
Isaac,15000,random_rough,forward_0.70,7212,success,,True,True,,,0.6776955127716064,34.76243209838867,0.008888888888888889
Isaac,15000,random_rough,forward_0.70,7213,success,,True,True,,,0.6727705001831055,35.16999435424805,0.010555555555555556
Isaac,15000,random_rough,forward_0.70,7214,success,,True,True,,,0.676398754119873,36.93878173828125,0.014333333333333333
Isaac,15000,random_rough,forward_0.70,7215,success,,True,True,,,0.6745176315307617,34.68050765991211,0.011333333333333334
Isaac,15000,random_rough,forward_0.70,7216,success,,True,True,,,0.6706393361091614,36.82337188720703,0.01011111111111111
Isaac,15000,random_rough,interrupted,7201,standstill_failure,standstill_failure,True,True,,,0.645149827003479,32.61482238769531,0.012661290322580645
Isaac,15000,random_rough,interrupted,7202,standstill_failure,standstill_failure,True,True,,,0.5963568091392517,34.16767120361328,0.030564516129032257
Isaac,15000,random_rough,interrupted,7203,standstill_failure,standstill_failure,True,True,,,0.6406834125518799,23.59524154663086,0.0075
Isaac,15000,random_rough,interrupted,7204,standstill_failure,standstill_failure,True,True,,,0.6374379992485046,31.56568145751953,0.013225806451612903
Isaac,15000,random_rough,interrupted,7205,standstill_failure,standstill_failure,True,True,,,0.6457191705703735,29.194944381713867,0.0068548387096774195
Isaac,15000,random_rough,interrupted,7206,standstill_failure,standstill_failure,True,True,,,0.6428750157356262,31.078170776367188,0.011612903225806452
Isaac,15000,random_rough,interrupted,7207,standstill_failure,standstill_failure,True,True,,,0.6246508359909058,37.88605880737305,0.029274193548387097
Isaac,15000,random_rough,interrupted,7208,standstill_failure,standstill_failure,True,True,,,0.6402766704559326,31.31336212158203,0.00903225806451613
Isaac,15000,random_rough,interrupted,7209,command_transition_failure,command_transition_failure|standstill_failure,True,True,,,0.6418115496635437,35.61674880981445,0.025241935483870968
Isaac,15000,random_rough,interrupted,7210,standstill_failure,standstill_failure,True,True,,,0.5652800798416138,33.83877944946289,0.02532258064516129
Isaac,15000,random_rough,interrupted,7211,standstill_failure,standstill_failure,True,True,,,0.6338573694229126,35.681427001953125,0.02120967741935484
Isaac,15000,random_rough,interrupted,7212,standstill_failure,standstill_failure,True,True,,,0.6407412886619568,23.824628829956055,0.007661290322580645
Isaac,15000,random_rough,interrupted,7213,standstill_failure,standstill_failure,True,True,,,0.6425402164459229,32.92438507080078,0.00967741935483871
Isaac,15000,random_rough,interrupted,7214,standstill_failure,standstill_failure,True,True,,,0.6432218551635742,32.578590393066406,0.008709677419354838
Isaac,15000,random_rough,interrupted,7215,standstill_failure,standstill_failure,True,True,,,0.6408458352088928,33.231597900390625,0.008951612903225806
Isaac,15000,random_rough,interrupted,7216,standstill_failure,standstill_failure,True,True,,,0.6447136998176575,31.236295700073242,0.007258064516129033
Isaac,15000,random_rough,push_moving,7201,success,,True,True,,,0.6224725246429443,33.1795539855957,0.020777777777777777
Isaac,15000,random_rough,push_moving,7202,success,,True,True,,,0.6071779727935791,34.89889144897461,0.024777777777777777
Isaac,15000,random_rough,push_moving,7203,success,,True,True,,,0.593684196472168,24.52104949951172,0.018333333333333333
Isaac,15000,random_rough,push_moving,7204,success,,True,True,,,0.6099848747253418,23.350208282470703,0.01888888888888889
Isaac,15000,random_rough,push_moving,7205,success,,True,True,,,0.6118459701538086,23.470558166503906,0.02411111111111111
Isaac,15000,random_rough,push_moving,7206,success,,True,True,,,0.6151895523071289,24.80783462524414,0.024
Isaac,15000,random_rough,push_moving,7207,success,,True,True,,,0.6178379058837891,31.199750900268555,0.021666666666666667
Isaac,15000,random_rough,push_moving,7208,success,,True,True,,,0.6100258827209473,24.01897430419922,0.018222222222222223
Isaac,15000,random_rough,push_moving,7209,success,,True,True,,,0.5160841345787048,33.0750732421875,0.052
Isaac,15000,random_rough,push_moving,7210,command_transition_failure,command_transition_failure,True,True,,,0.624814510345459,32.8791389465332,0.021555555555555557
Isaac,15000,random_rough,push_moving,7211,success,,True,True,,,0.6103070974349976,33.89353561401367,0.022111111111111113
Isaac,15000,random_rough,push_moving,7212,success,,True,True,,,0.6090401411056519,20.898956298828125,0.01911111111111111
Isaac,15000,random_rough,push_moving,7213,success,,True,True,,,0.6150873899459839,22.91185188293457,0.024555555555555556
Isaac,15000,random_rough,push_moving,7214,success,,True,True,,,0.6078635454177856,22.82147979736328,0.02022222222222222
Isaac,15000,random_rough,push_moving,7215,success,,True,True,,,0.6035854816436768,16.901992797851562,0.016555555555555556
Isaac,15000,random_rough,push_moving,7216,success,,True,True,,,0.6010093688964844,21.200916290283203,0.019555555555555555
Isaac,19999,random_rough,forward_0.30,7201,success,,True,True,,,0.6582577228546143,18.57137680053711,0.012666666666666666
Isaac,19999,random_rough,forward_0.30,7202,success,,True,True,,,0.6593932509422302,17.717479705810547,0.01211111111111111
Isaac,19999,random_rough,forward_0.30,7203,success,,True,True,,,0.655813455581665,26.395858764648438,0.01577777777777778
Isaac,19999,random_rough,forward_0.30,7204,success,,True,True,,,0.6528233885765076,26.24957275390625,0.011111111111111112
Isaac,19999,random_rough,forward_0.30,7205,success,,True,True,,,0.6672939658164978,21.883853912353516,0.009222222222222222
Isaac,19999,random_rough,forward_0.30,7206,success,,True,True,,,0.6541101932525635,26.067840576171875,0.012222222222222223
Isaac,19999,random_rough,forward_0.30,7207,success,,True,True,,,0.6509464979171753,32.70030975341797,0.02033333333333333
Isaac,19999,random_rough,forward_0.30,7208,success,,True,True,,,0.6595276594161987,19.807584762573242,0.011666666666666667
Isaac,19999,random_rough,forward_0.30,7209,success,,True,True,,,0.6573013067245483,19.158071517944336,0.011333333333333334
Isaac,19999,random_rough,forward_0.30,7210,success,,True,True,,,0.6586623787879944,21.57451820373535,0.012333333333333333
Isaac,19999,random_rough,forward_0.30,7211,success,,True,True,,,0.6520841121673584,16.169700622558594,0.009666666666666667
Isaac,19999,random_rough,forward_0.30,7212,success,,True,True,,,0.6546624898910522,20.976884841918945,0.011777777777777778
Isaac,19999,random_rough,forward_0.30,7213,success,,True,True,,,0.6585816144943237,36.678897857666016,0.011444444444444445
Isaac,19999,random_rough,forward_0.30,7214,success,,True,True,,,0.6826660633087158,26.958969116210938,0.011111111111111112
Isaac,19999,random_rough,forward_0.30,7215,success,,True,True,,,0.6646581292152405,17.86263084411621,0.012444444444444444
Isaac,19999,random_rough,forward_0.30,7216,success,,True,True,,,0.6628166437149048,28.617525100708008,0.011333333333333334
Isaac,19999,random_rough,forward_0.70,7201,success,,True,True,,,0.6990728378295898,35.66004180908203,0.0067777777777777775
Isaac,19999,random_rough,forward_0.70,7202,success,,True,True,,,0.69441819190979,36.030357360839844,0.010666666666666666
Isaac,19999,random_rough,forward_0.70,7203,success,,True,True,,,0.6921734809875488,34.69947814941406,0.010777777777777778
Isaac,19999,random_rough,forward_0.70,7204,success,,True,True,,,0.6937147378921509,33.2935791015625,0.005555555555555556
Isaac,19999,random_rough,forward_0.70,7205,success,,True,True,,,0.6981968879699707,32.882789611816406,0.011888888888888888
Isaac,19999,random_rough,forward_0.70,7206,success,,True,True,,,0.6827227473258972,34.89101791381836,0.009444444444444445
Isaac,19999,random_rough,forward_0.70,7207,success,,True,True,,,0.6972867250442505,31.896615982055664,0.011777777777777778
Isaac,19999,random_rough,forward_0.70,7208,success,,True,True,,,0.6945656538009644,35.52702331542969,0.010888888888888889
Isaac,19999,random_rough,forward_0.70,7209,success,,True,True,,,0.6927013397216797,34.50419235229492,0.01
Isaac,19999,random_rough,forward_0.70,7210,success,,True,True,,,0.6907557249069214,34.54169464111328,0.008333333333333333
Isaac,19999,random_rough,forward_0.70,7211,success,,True,True,,,0.6901722550392151,33.973777770996094,0.01588888888888889
Isaac,19999,random_rough,forward_0.70,7212,success,,True,True,,,0.6970441341400146,34.14374542236328,0.009111111111111111
Isaac,19999,random_rough,forward_0.70,7213,success,,True,True,,,0.6895251274108887,34.40165328979492,0.011111111111111112
Isaac,19999,random_rough,forward_0.70,7214,success,,True,True,,,0.6938073635101318,34.46571731567383,0.009555555555555555
Isaac,19999,random_rough,forward_0.70,7215,success,,True,True,,,0.6974155902862549,31.29500389099121,0.008444444444444444
Isaac,19999,random_rough,forward_0.70,7216,success,,True,True,,,0.6936283111572266,35.3713493347168,0.009888888888888888
Isaac,19999,random_rough,interrupted,7201,success,,True,True,,,0.677874743938446,30.29093360900879,0.05112903225806452
Isaac,19999,random_rough,interrupted,7202,success,,True,True,,,0.6813595294952393,28.7165584564209,0.0066129032258064515
Isaac,19999,random_rough,interrupted,7203,success,,True,True,,,0.6796286106109619,33.968299865722656,0.06064516129032258
Isaac,19999,random_rough,interrupted,7204,success,,True,True,,,0.6804978847503662,32.61021423339844,0.025241935483870968
Isaac,19999,random_rough,interrupted,7205,success,,True,True,,,0.6874979734420776,29.123924255371094,0.04879032258064516
Isaac,19999,random_rough,interrupted,7206,standstill_failure,standstill_failure,True,True,,,0.6688593626022339,31.15216064453125,0.009112903225806452
Isaac,19999,random_rough,interrupted,7207,success,,True,True,,,0.6815454959869385,29.621809005737305,0.0557258064516129
Isaac,19999,random_rough,interrupted,7208,success,,True,True,,,0.6811243295669556,33.18782043457031,0.028870967741935483
Isaac,19999,random_rough,interrupted,7209,standstill_failure,standstill_failure,True,True,,,0.6780595183372498,31.136037826538086,0.04588709677419355
Isaac,19999,random_rough,interrupted,7210,standstill_failure,standstill_failure,True,True,,,0.680044949054718,30.941986083984375,0.04129032258064516
Isaac,19999,random_rough,interrupted,7211,success,,True,True,,,0.6786775588989258,33.33307647705078,0.013387096774193549
Isaac,19999,random_rough,interrupted,7212,standstill_failure,standstill_failure,True,True,,,0.6781136989593506,31.422992706298828,0.034274193548387094
Isaac,19999,random_rough,interrupted,7213,success,,True,True,,,0.679634690284729,32.4725341796875,0.07314516129032259
Isaac,19999,random_rough,interrupted,7214,standstill_failure,standstill_failure,True,True,,,0.689866304397583,28.775869369506836,0.06314516129032258
Isaac,19999,random_rough,interrupted,7215,success,,True,True,,,0.6784848570823669,31.59820556640625,0.009112903225806452
Isaac,19999,random_rough,interrupted,7216,success,,True,True,,,0.6800493001937866,31.70009994506836,0.0317741935483871
Isaac,19999,random_rough,push_moving,7201,success,,True,True,,,0.6590231657028198,20.439176559448242,0.012666666666666666
Isaac,19999,random_rough,push_moving,7202,success,,True,True,,,0.6584433913230896,22.296100616455078,0.013333333333333334
Isaac,19999,random_rough,push_moving,7203,success,,True,True,,,0.6689152717590332,26.395858764648438,0.012444444444444444
Isaac,19999,random_rough,push_moving,7204,success,,True,True,,,0.6509696841239929,26.24957275390625,0.011777777777777778
Isaac,19999,random_rough,push_moving,7205,success,,True,True,,,0.6869909167289734,20.619184494018555,0.009777777777777778
Isaac,19999,random_rough,push_moving,7206,success,,True,True,,,0.6458233594894409,24.52703857421875,0.01211111111111111
Isaac,19999,random_rough,push_moving,7207,success,,True,True,,,0.6210181713104248,33.29197692871094,0.024444444444444446
Isaac,19999,random_rough,push_moving,7208,success,,True,True,,,0.6574522256851196,21.52862548828125,0.011555555555555555
Isaac,19999,random_rough,push_moving,7209,success,,True,True,,,0.6584004163742065,19.158071517944336,0.015333333333333332
Isaac,19999,random_rough,push_moving,7210,success,,True,True,,,0.6550391912460327,21.619115829467773,0.012
Isaac,19999,random_rough,push_moving,7211,success,,True,True,,,0.6552600264549255,26.92742156982422,0.008666666666666666
Isaac,19999,random_rough,push_moving,7212,success,,True,True,,,0.6627081632614136,20.976884841918945,0.012222222222222223
Isaac,19999,random_rough,push_moving,7213,success,,True,True,,,0.6604335904121399,36.678897857666016,0.011888888888888888
Isaac,19999,random_rough,push_moving,7214,success,,True,True,,,0.6869586110115051,26.67145347595215,0.012444444444444444
Isaac,19999,random_rough,push_moving,7215,success,,True,True,,,0.6578699350357056,23.503740310668945,0.012222222222222223
Isaac,19999,random_rough,push_moving,7216,success,,True,True,,,0.6729122996330261,28.617525100708008,0.01
Isaac,10000,obstacles,forward_0.30,7201,success,,True,True,,,0.682224690914154,34.57131576538086,0.04011111111111111
Isaac,10000,obstacles,forward_0.30,7202,success,,True,True,,,0.6892300844192505,31.870765686035156,0.06966666666666667
Isaac,10000,obstacles,forward_0.30,7203,success,,True,True,,,0.6888489723205566,29.921968460083008,0.050222222222222224
Isaac,10000,obstacles,forward_0.30,7204,success,,True,True,,,0.6712805032730103,33.57692337036133,0.057666666666666665
Isaac,10000,obstacles,forward_0.30,7205,success,,True,True,,,0.703976035118103,33.0913200378418,0.04788888888888889
Isaac,10000,obstacles,forward_0.30,7206,success,,True,True,,,0.6956189870834351,36.33894348144531,0.07444444444444444
Isaac,10000,obstacles,forward_0.30,7207,success,,True,True,,,0.6775403022766113,34.757450103759766,0.07366666666666667
Isaac,10000,obstacles,forward_0.30,7208,success,,True,True,,,0.679804801940918,35.25320053100586,0.076
Isaac,10000,obstacles,forward_0.30,7209,success,,True,True,,,0.6895614862442017,33.25514221191406,0.059444444444444446
Isaac,10000,obstacles,forward_0.30,7210,success,,True,True,,,0.6996563673019409,31.445981979370117,0.06533333333333333
Isaac,10000,obstacles,forward_0.30,7211,success,,True,True,,,0.6773211359977722,35.80131530761719,0.06577777777777778
Isaac,10000,obstacles,forward_0.30,7212,success,,True,True,,,0.686387836933136,33.51666259765625,0.07711111111111112
Isaac,10000,obstacles,forward_0.30,7213,success,,True,True,,,0.6838853359222412,32.89348220825195,0.056
Isaac,10000,obstacles,forward_0.30,7214,success,,True,True,,,0.6703774929046631,34.88439178466797,0.06944444444444445
Isaac,10000,obstacles,forward_0.30,7215,success,,True,True,,,0.6745890378952026,32.85166931152344,0.058444444444444445
Isaac,10000,obstacles,forward_0.30,7216,success,,True,True,,,0.6879808902740479,31.213768005371094,0.04077777777777778
Isaac,10000,obstacles,forward_0.70,7201,success,,True,True,,,0.6891817450523376,37.14555740356445,0.026555555555555554
Isaac,10000,obstacles,forward_0.70,7202,success,,True,True,,,0.6378157138824463,37.125526428222656,0.028
Isaac,10000,obstacles,forward_0.70,7203,success,,True,True,,,0.6104936599731445,37.83538055419922,0.02988888888888889
Isaac,10000,obstacles,forward_0.70,7204,success,,True,True,,,0.6814664602279663,36.752906799316406,0.025333333333333333
Isaac,10000,obstacles,forward_0.70,7205,success,,True,True,,,0.6810368895530701,36.9784049987793,0.023777777777777776
Isaac,10000,obstacles,forward_0.70,7206,success,,True,True,,,0.6613333225250244,36.35540771484375,0.028
Isaac,10000,obstacles,forward_0.70,7207,success,,True,True,,,0.6881869435310364,36.97454833984375,0.025555555555555557
Isaac,10000,obstacles,forward_0.70,7208,success,,True,True,,,0.6310927867889404,42.22615051269531,0.022222222222222223
Isaac,10000,obstacles,forward_0.70,7209,success,,True,True,,,0.6594415903091431,38.33169937133789,0.025222222222222222
Isaac,10000,obstacles,forward_0.70,7210,success,,True,True,,,0.6851242780685425,37.87419128417969,0.02277777777777778
Isaac,10000,obstacles,forward_0.70,7211,success,,True,True,,,0.6854576468467712,37.42335891723633,0.025333333333333333
Isaac,10000,obstacles,forward_0.70,7212,success,,True,True,,,0.6822512149810791,36.87916564941406,0.026555555555555554
Isaac,10000,obstacles,forward_0.70,7213,success,,True,True,,,0.625173807144165,36.092735290527344,0.024555555555555556
Isaac,10000,obstacles,forward_0.70,7214,success,,True,True,,,0.682373583316803,35.82478332519531,0.019555555555555555
Isaac,10000,obstacles,forward_0.70,7215,success,,True,True,,,0.6762737035751343,36.748775482177734,0.022333333333333334
Isaac,10000,obstacles,forward_0.70,7216,success,,True,True,,,0.6313250064849854,36.673377990722656,0.01888888888888889
Isaac,10000,obstacles,interrupted,7201,standstill_failure,standstill_failure,True,True,,,0.648029088973999,37.69453430175781,0.05435483870967742
Isaac,10000,obstacles,interrupted,7202,standstill_failure,standstill_failure,True,True,,,0.6884918212890625,35.582584381103516,0.11346774193548387
Isaac,10000,obstacles,interrupted,7203,standstill_failure,standstill_failure,True,True,,,0.6846524477005005,36.682044982910156,0.1385483870967742
Isaac,10000,obstacles,interrupted,7204,standstill_failure,standstill_failure,True,True,,,0.6759406328201294,34.08727264404297,0.12548387096774194
Isaac,10000,obstacles,interrupted,7205,standstill_failure,standstill_failure,True,True,,,0.6822225451469421,35.2418212890625,0.12161290322580645
Isaac,10000,obstacles,interrupted,7206,standstill_failure,standstill_failure,True,True,,,0.6858369708061218,36.9853515625,0.12387096774193548
Isaac,10000,obstacles,interrupted,7207,standstill_failure,standstill_failure,True,True,,,0.6842548251152039,37.28468704223633,0.11758064516129033
Isaac,10000,obstacles,interrupted,7208,standstill_failure,standstill_failure,True,True,,,0.6876354217529297,35.56866455078125,0.16233870967741937
Isaac,10000,obstacles,interrupted,7209,success,,True,True,,,0.6850064396858215,35.959205627441406,0.02056451612903226
Isaac,10000,obstacles,interrupted,7210,standstill_failure,standstill_failure,True,True,,,0.6820682287216187,35.153709411621094,0.10306451612903225
Isaac,10000,obstacles,interrupted,7211,standstill_failure,standstill_failure,True,True,,,0.6776881217956543,35.13960647583008,0.0917741935483871
Isaac,10000,obstacles,interrupted,7212,success,,True,True,,,0.6806665658950806,35.87413024902344,0.02193548387096774
Isaac,10000,obstacles,interrupted,7213,success,,True,True,,,0.6891297101974487,36.121334075927734,0.020725806451612903
Isaac,10000,obstacles,interrupted,7214,standstill_failure,standstill_failure,True,True,,,0.6779377460479736,35.08061218261719,0.10370967741935484
Isaac,10000,obstacles,interrupted,7215,standstill_failure,standstill_failure,True,True,,,0.6747507452964783,37.97578811645508,0.10483870967741936
Isaac,10000,obstacles,interrupted,7216,standstill_failure,standstill_failure,True,True,,,0.6863335967063904,36.8718147277832,0.11161290322580646
Isaac,15000,obstacles,forward_0.30,7201,success,,True,True,,,0.6170703172683716,35.13594055175781,0.05455555555555556
Isaac,15000,obstacles,forward_0.30,7202,success,,True,True,,,0.6170030832290649,31.559490203857422,0.038
Isaac,15000,obstacles,forward_0.30,7203,success,,True,True,,,0.6190577745437622,34.81028747558594,0.05188888888888889
Isaac,15000,obstacles,forward_0.30,7204,success,,True,True,,,0.6151236295700073,32.58759307861328,0.03766666666666667
Isaac,15000,obstacles,forward_0.30,7205,success,,True,True,,,0.5875098705291748,37.36012268066406,0.049444444444444444
Isaac,15000,obstacles,forward_0.30,7206,success,,True,True,,,0.6182701587677002,33.47076416015625,0.048666666666666664
Isaac,15000,obstacles,forward_0.30,7207,success,,True,True,,,0.6160717010498047,32.93849182128906,0.043111111111111114
Isaac,15000,obstacles,forward_0.30,7208,success,,True,True,,,0.6112752556800842,32.83004379272461,0.048666666666666664
Isaac,15000,obstacles,forward_0.30,7209,success,,True,True,,,0.6248771548271179,35.584285736083984,0.05188888888888889
Isaac,15000,obstacles,forward_0.30,7210,success,,True,True,,,0.624366044998169,35.20557403564453,0.041444444444444443
Isaac,15000,obstacles,forward_0.30,7211,success,,True,True,,,0.6213650107383728,34.335575103759766,0.04655555555555556
Isaac,15000,obstacles,forward_0.30,7212,success,,True,True,,,0.6049777269363403,34.84785461425781,0.0651111111111111
Isaac,15000,obstacles,forward_0.30,7213,success,,True,True,,,0.6267139315605164,34.0620002746582,0.049555555555555554
Isaac,15000,obstacles,forward_0.30,7214,success,,True,True,,,0.5320026874542236,41.152889251708984,0.059222222222222225
Isaac,15000,obstacles,forward_0.30,7215,success,,True,True,,,0.6229453682899475,35.57209014892578,0.058222222222222224
Isaac,15000,obstacles,forward_0.30,7216,success,,True,True,,,0.6145542860031128,36.35245132446289,0.05733333333333333
Isaac,15000,obstacles,forward_0.70,7201,success,,True,True,,,0.6788046360015869,36.364315032958984,0.028555555555555556
Isaac,15000,obstacles,forward_0.70,7202,success,,True,True,,,0.4949202537536621,40.652957916259766,0.03944444444444444
Isaac,15000,obstacles,forward_0.70,7203,success,,True,True,,,0.6758942604064941,37.20118713378906,0.03133333333333333
Isaac,15000,obstacles,forward_0.70,7204,success,,True,True,,,0.678155779838562,37.04416275024414,0.024
Isaac,15000,obstacles,forward_0.70,7205,success,,True,True,,,0.6797338724136353,37.58656692504883,0.026555555555555554
Isaac,15000,obstacles,forward_0.70,7206,success,,True,True,,,0.679699182510376,37.872615814208984,0.029222222222222222
Isaac,15000,obstacles,forward_0.70,7207,success,,True,True,,,0.6801210641860962,35.694732666015625,0.029111111111111112
Isaac,15000,obstacles,forward_0.70,7208,success,,True,True,,,0.676456868648529,36.1463508605957,0.03111111111111111
Isaac,15000,obstacles,forward_0.70,7209,success,,True,True,,,0.6815134286880493,37.816429138183594,0.029222222222222222
Isaac,15000,obstacles,forward_0.70,7210,success,,True,True,,,0.6806304454803467,35.786922454833984,0.03133333333333333
Isaac,15000,obstacles,forward_0.70,7211,success,,True,True,,,0.6713861227035522,35.46568298339844,0.02822222222222222
Isaac,15000,obstacles,forward_0.70,7212,success,,True,True,,,0.677062451839447,36.368770599365234,0.03255555555555555
Isaac,15000,obstacles,forward_0.70,7213,success,,True,True,,,0.6697041988372803,38.75065231323242,0.03211111111111111
Isaac,15000,obstacles,forward_0.70,7214,success,,True,True,,,0.6755337715148926,37.00252914428711,0.02677777777777778
Isaac,15000,obstacles,forward_0.70,7215,success,,True,True,,,0.6742879152297974,38.52510452270508,0.02688888888888889
Isaac,15000,obstacles,forward_0.70,7216,success,,True,True,,,0.6704672574996948,37.683250427246094,0.027333333333333334
Isaac,15000,obstacles,interrupted,7201,standstill_failure,standstill_failure,True,True,,,0.6067285537719727,40.477386474609375,0.16282258064516128
Isaac,15000,obstacles,interrupted,7202,standstill_failure,standstill_failure,True,True,,,0.6479673385620117,37.129268646240234,0.14620967741935484
Isaac,15000,obstacles,interrupted,7203,success,,True,True,,,0.6495844125747681,35.105342864990234,0.06048387096774194
Isaac,15000,obstacles,interrupted,7204,standstill_failure,standstill_failure,True,True,,,0.643822431564331,35.07365417480469,0.09024193548387097
Isaac,15000,obstacles,interrupted,7205,standstill_failure,standstill_failure,True,True,,,0.6505292057991028,37.92051315307617,0.04258064516129032
Isaac,15000,obstacles,interrupted,7206,success,,True,True,,,0.6249141693115234,36.40564727783203,0.15266129032258063
Isaac,15000,obstacles,interrupted,7207,success,,True,True,,,0.6485201120376587,35.37886047363281,0.13540322580645162
Isaac,15000,obstacles,interrupted,7208,standstill_failure,standstill_failure,True,True,,,0.6483147144317627,35.93540573120117,0.12580645161290321
Isaac,15000,obstacles,interrupted,7209,success,,True,True,,,0.6465477347373962,35.63999557495117,0.05056451612903226
Isaac,15000,obstacles,interrupted,7210,success,,True,True,,,0.6330875158309937,36.859676361083984,0.03919354838709677
Isaac,15000,obstacles,interrupted,7211,success,,True,True,,,0.6333134174346924,36.37275695800781,0.0857258064516129
Isaac,15000,obstacles,interrupted,7212,standstill_failure,standstill_failure,True,True,,,0.6415727138519287,38.94912338256836,0.10596774193548388
Isaac,15000,obstacles,interrupted,7213,success,,True,True,,,0.6420261859893799,35.24528884887695,0.0567741935483871
Isaac,15000,obstacles,interrupted,7214,standstill_failure,standstill_failure,True,True,,,0.6446647644042969,38.08340835571289,0.05193548387096774
Isaac,15000,obstacles,interrupted,7215,standstill_failure,standstill_failure,True,True,,,0.6487573385238647,35.969146728515625,0.12112903225806451
Isaac,15000,obstacles,interrupted,7216,success,,True,True,,,0.6439916491508484,36.889862060546875,0.08258064516129032
Isaac,19999,obstacles,forward_0.30,7201,success,,True,True,,,0.7201966047286987,33.381736755371094,0.034666666666666665
Isaac,19999,obstacles,forward_0.30,7202,success,,True,True,,,0.712112545967102,31.648366928100586,0.03344444444444444
Isaac,19999,obstacles,forward_0.30,7203,success,,True,True,,,0.7292516827583313,35.30226135253906,0.04077777777777778
Isaac,19999,obstacles,forward_0.30,7204,success,,True,True,,,0.7322031855583191,32.57437515258789,0.043666666666666666
Isaac,19999,obstacles,forward_0.30,7205,success,,True,True,,,0.7112767696380615,34.6562385559082,0.049666666666666665
Isaac,19999,obstacles,forward_0.30,7206,success,,True,True,,,0.6308705806732178,33.696529388427734,0.048666666666666664
Isaac,19999,obstacles,forward_0.30,7207,success,,True,True,,,0.7205584049224854,41.438194274902344,0.03144444444444444
Isaac,19999,obstacles,forward_0.30,7208,success,,True,True,,,0.701416015625,32.78896713256836,0.03944444444444444
Isaac,19999,obstacles,forward_0.30,7209,success,,True,True,,,0.7041302919387817,31.527015686035156,0.036333333333333336
Isaac,19999,obstacles,forward_0.30,7210,success,,True,True,,,0.7186234593391418,41.185646057128906,0.036333333333333336
Isaac,19999,obstacles,forward_0.30,7211,success,,True,True,,,0.6974196434020996,31.88322639465332,0.035333333333333335
Isaac,19999,obstacles,forward_0.30,7212,success,,True,True,,,0.7284464240074158,34.18907928466797,0.03955555555555555
Isaac,19999,obstacles,forward_0.30,7213,success,,True,True,,,0.7233967781066895,33.74761199951172,0.051111111111111114
Isaac,19999,obstacles,forward_0.30,7214,success,,True,True,,,0.6937832832336426,38.28852081298828,0.050666666666666665
Isaac,19999,obstacles,forward_0.30,7215,success,,True,True,,,0.7070773243904114,34.15103530883789,0.04011111111111111
Isaac,19999,obstacles,forward_0.30,7216,success,,True,True,,,0.7123206853866577,33.94756317138672,0.04533333333333334
Isaac,19999,obstacles,forward_0.70,7201,success,,True,True,,,0.6893550157546997,35.65151596069336,0.023
Isaac,19999,obstacles,forward_0.70,7202,success,,True,True,,,0.5671648979187012,35.972599029541016,0.029333333333333333
Isaac,19999,obstacles,forward_0.70,7203,success,,True,True,,,0.6234545707702637,36.1253662109375,0.029555555555555557
Isaac,19999,obstacles,forward_0.70,7204,success,,True,True,,,0.6546719074249268,35.357669830322266,0.024555555555555556
Isaac,19999,obstacles,forward_0.70,7205,success,,True,True,,,0.5441279411315918,37.650787353515625,0.03166666666666667
Isaac,19999,obstacles,forward_0.70,7206,success,,True,True,,,0.5557150840759277,37.29962921142578,0.027777777777777776
Isaac,19999,obstacles,forward_0.70,7207,success,,True,True,,,0.6890689134597778,35.31616973876953,0.026222222222222223
Isaac,19999,obstacles,forward_0.70,7208,success,,True,True,,,0.6834841966629028,35.643131256103516,0.02666666666666667
Isaac,19999,obstacles,forward_0.70,7209,success,,True,True,,,0.6942288875579834,35.42216873168945,0.027555555555555555
Isaac,19999,obstacles,forward_0.70,7210,success,,True,True,,,0.6926104426383972,36.69835662841797,0.026555555555555554
Isaac,19999,obstacles,forward_0.70,7211,success,,True,True,,,0.557120680809021,36.189666748046875,0.025444444444444443
Isaac,19999,obstacles,forward_0.70,7212,success,,True,True,,,0.5627049207687378,36.829952239990234,0.03111111111111111
Isaac,19999,obstacles,forward_0.70,7213,success,,True,True,,,0.6397223472595215,36.665889739990234,0.023555555555555555
Isaac,19999,obstacles,forward_0.70,7214,success,,True,True,,,0.5729411840438843,37.31712341308594,0.029555555555555557
Isaac,19999,obstacles,forward_0.70,7215,success,,True,True,,,0.6284469366073608,36.03652572631836,0.028666666666666667
Isaac,19999,obstacles,forward_0.70,7216,success,,True,True,,,0.6128244400024414,36.25518798828125,0.029555555555555557
Isaac,19999,obstacles,interrupted,7201,success,,True,True,,,0.67959064245224,33.65507507324219,0.01903225806451613
Isaac,19999,obstacles,interrupted,7202,success,,True,True,,,0.6826035976409912,33.446502685546875,0.018548387096774192
Isaac,19999,obstacles,interrupted,7203,success,,True,True,,,0.6780438423156738,37.145599365234375,0.02032258064516129
Isaac,19999,obstacles,interrupted,7204,success,,True,True,,,0.6751406192779541,35.45485305786133,0.02032258064516129
Isaac,19999,obstacles,interrupted,7205,success,,True,True,,,0.6830500364303589,34.87455749511719,0.023951612903225807
Isaac,19999,obstacles,interrupted,7206,success,,True,True,,,0.664860725402832,35.34141540527344,0.02620967741935484
Isaac,19999,obstacles,interrupted,7207,success,,True,True,,,0.6836614608764648,33.548606872558594,0.018225806451612904
Isaac,19999,obstacles,interrupted,7208,success,,True,True,,,0.6763462424278259,36.32100296020508,0.021048387096774195
Isaac,19999,obstacles,interrupted,7209,success,,True,True,,,0.6806415915489197,33.81513977050781,0.020161290322580645
Isaac,19999,obstacles,interrupted,7210,success,,True,True,,,0.676439642906189,33.753299713134766,0.02
Isaac,19999,obstacles,interrupted,7211,success,,True,True,,,0.6757384538650513,32.59661102294922,0.014758064516129031
Isaac,19999,obstacles,interrupted,7212,success,,True,True,,,0.6726531982421875,37.54826736450195,0.023709677419354837
Isaac,19999,obstacles,interrupted,7213,success,,True,True,,,0.6840876340866089,35.071136474609375,0.022258064516129033
Isaac,19999,obstacles,interrupted,7214,success,,True,True,,,0.6834836006164551,35.18128204345703,0.02661290322580645
Isaac,19999,obstacles,interrupted,7215,success,,True,True,,,0.6487740278244019,34.757568359375,0.02153225806451613
Isaac,19999,obstacles,interrupted,7216,success,,True,True,,,0.6822671890258789,35.31838607788086,0.022983870967741935
Isaac,10000,inverse,forward_0.30,7201,tracking_failure,command_transition_failure|terrain_stall|tracking_failure,True,False,,,0.6513938903808594,35.24680709838867,0.19777777777777777
Isaac,10000,inverse,forward_0.30,7202,tracking_failure,command_transition_failure|terrain_stall|tracking_failure,True,False,,,0.6706563234329224,36.41234588623047,0.17022222222222222
Isaac,10000,inverse,forward_0.30,7203,tracking_failure,command_transition_failure|terrain_stall|tracking_failure,True,False,,,0.6283354163169861,34.430519104003906,0.142
Isaac,10000,inverse,forward_0.30,7204,tracking_failure,command_transition_failure|terrain_stall|tracking_failure,True,False,,,0.633782148361206,33.52595138549805,0.15255555555555556
Isaac,10000,inverse,forward_0.30,7205,tracking_failure,command_transition_failure|terrain_stall|tracking_failure,True,False,,,0.6398769617080688,32.72372817993164,0.15533333333333332
Isaac,10000,inverse,forward_0.30,7206,tracking_failure,command_transition_failure|standstill_failure|terrain_stall|tracking_failure,True,False,,,0.6027439832687378,38.39704895019531,0.2627777777777778
Isaac,10000,inverse,forward_0.30,7207,tracking_failure,command_transition_failure|terrain_stall|tracking_failure,True,False,,,0.4328700006008148,37.62363815307617,0.182
Isaac,10000,inverse,forward_0.30,7208,tracking_failure,command_transition_failure|terrain_stall|tracking_failure,True,False,,,0.6512773633003235,36.11754608154297,0.16177777777777777
Isaac,10000,inverse,forward_0.30,7209,tracking_failure,command_transition_failure|terrain_stall|tracking_failure,True,False,,,0.6567205190658569,36.869659423828125,0.17633333333333334
Isaac,10000,inverse,forward_0.30,7210,tracking_failure,command_transition_failure|terrain_stall|tracking_failure,True,False,,,0.6203081607818604,36.92544174194336,0.19066666666666668
Isaac,10000,inverse,forward_0.30,7211,tracking_failure,command_transition_failure|terrain_stall|tracking_failure,True,False,,,0.6567817330360413,37.556888580322266,0.16533333333333333
Isaac,10000,inverse,forward_0.30,7212,tracking_failure,command_transition_failure|terrain_stall|tracking_failure,True,False,,,0.6568481922149658,34.376644134521484,0.15
Isaac,10000,inverse,forward_0.30,7213,tracking_failure,command_transition_failure|terrain_stall|tracking_failure,True,False,,,0.31051871180534363,34.51193618774414,0.13855555555555554
Isaac,10000,inverse,forward_0.30,7214,tracking_failure,command_transition_failure|terrain_stall|tracking_failure,True,False,,,0.6321929693222046,35.900840759277344,0.189
Isaac,10000,inverse,forward_0.30,7215,tracking_failure,command_transition_failure|terrain_stall|tracking_failure,True,False,,,0.4985828697681427,35.80884552001953,0.1228888888888889
Isaac,10000,inverse,forward_0.30,7216,tracking_failure,command_transition_failure|terrain_stall|tracking_failure,True,False,,,0.640693187713623,36.70090866088867,0.15188888888888888
Isaac,10000,inverse,forward_0.70,7201,command_transition_failure,command_transition_failure,True,True,,,0.3949275314807892,37.7849006652832,0.052222222222222225
Isaac,10000,inverse,forward_0.70,7202,success,,True,True,,,0.43123772740364075,36.587181091308594,0.03133333333333333
Isaac,10000,inverse,forward_0.70,7203,success,,True,True,,,0.37335196137428284,45.72801971435547,0.03888888888888889
Isaac,10000,inverse,forward_0.70,7204,success,,True,True,,,0.49530449509620667,35.25246047973633,0.042444444444444444
Isaac,10000,inverse,forward_0.70,7205,success,,True,True,,,0.4284832179546356,38.46360778808594,0.041
Isaac,10000,inverse,forward_0.70,7206,success,,True,True,,,0.3691246807575226,38.690372467041016,0.03844444444444445
Isaac,10000,inverse,forward_0.70,7207,success,,True,True,,,0.37380388379096985,53.61579132080078,0.04655555555555556
Isaac,10000,inverse,forward_0.70,7208,command_transition_failure,command_transition_failure,True,True,,,0.44248226284980774,36.857845306396484,0.04533333333333334
Isaac,10000,inverse,forward_0.70,7209,success,,True,True,,,0.32659444212913513,35.465518951416016,0.03955555555555555
Isaac,10000,inverse,forward_0.70,7210,command_transition_failure,command_transition_failure,True,True,,,0.5160800218582153,38.194698333740234,0.049666666666666665
Isaac,10000,inverse,forward_0.70,7211,success,,True,True,,,0.45833447575569153,39.05434036254883,0.050555555555555555
Isaac,10000,inverse,forward_0.70,7212,success,,True,True,,,0.4198248088359833,41.885704040527344,0.04044444444444444
Isaac,10000,inverse,forward_0.70,7213,success,,True,True,,,0.3778362572193146,37.077110290527344,0.03888888888888889
Isaac,10000,inverse,forward_0.70,7214,command_transition_failure,command_transition_failure,True,True,,,0.3707468807697296,37.96222686767578,0.037
Isaac,10000,inverse,forward_0.70,7215,success,,True,True,,,0.39088377356529236,39.61586380004883,0.041
Isaac,10000,inverse,forward_0.70,7216,success,,True,True,,,0.421554297208786,36.81122970581055,0.035666666666666666
Isaac,10000,inverse,interrupted,7201,command_transition_failure,command_transition_failure,True,True,,,0.41625872254371643,39.30363082885742,0.08846774193548387
Isaac,10000,inverse,interrupted,7202,command_transition_failure,command_transition_failure,True,True,,,0.4279627501964569,39.72022247314453,0.055161290322580644
Isaac,10000,inverse,interrupted,7203,success,,True,True,,,0.4399760663509369,37.993492126464844,0.04491935483870968
Isaac,10000,inverse,interrupted,7204,command_transition_failure,command_transition_failure,True,True,,,0.3812759220600128,35.534210205078125,0.06774193548387097
Isaac,10000,inverse,interrupted,7205,command_transition_failure,command_transition_failure,True,True,,,0.4758950173854828,35.57352066040039,0.08451612903225807
Isaac,10000,inverse,interrupted,7206,command_transition_failure,command_transition_failure,True,True,,,0.2567577660083771,37.78056716918945,0.049193548387096775
Isaac,10000,inverse,interrupted,7207,success,,True,True,,,0.3369176685810089,38.51277160644531,0.06435483870967743
Isaac,10000,inverse,interrupted,7208,command_transition_failure,command_transition_failure,True,True,,,0.4207957088947296,35.16619110107422,0.06266129032258065
Isaac,10000,inverse,interrupted,7209,command_transition_failure,command_transition_failure,True,True,,,0.4141450822353363,37.743309020996094,0.06846774193548387
Isaac,10000,inverse,interrupted,7210,command_transition_failure,command_transition_failure,True,True,,,0.51637864112854,36.63167190551758,0.06830645161290323
Isaac,10000,inverse,interrupted,7211,command_transition_failure,command_transition_failure,True,True,,,0.3396441638469696,37.21207046508789,0.061854838709677416
Isaac,10000,inverse,interrupted,7212,success,,True,True,,,0.4018957316875458,38.48946762084961,0.053548387096774196
Isaac,10000,inverse,interrupted,7213,success,,True,True,,,0.4371946156024933,36.11774826049805,0.06064516129032258
Isaac,10000,inverse,interrupted,7214,command_transition_failure,command_transition_failure,True,True,,,0.18522587418556213,40.44648361206055,0.05879032258064516
Isaac,10000,inverse,interrupted,7215,command_transition_failure,command_transition_failure,True,True,,,0.4387398064136505,36.24155044555664,0.09266129032258065
Isaac,10000,inverse,interrupted,7216,success,,True,True,,,0.542906641960144,38.54762649536133,0.056129032258064517
Isaac,15000,inverse,forward_0.30,7201,tracking_failure,command_transition_failure|terrain_stall|tracking_failure,True,False,,,0.632109522819519,39.36684799194336,0.2467777777777778
Isaac,15000,inverse,forward_0.30,7202,command_transition_failure,command_transition_failure,True,True,,,0.3488481342792511,60.30306625366211,0.17055555555555554
Isaac,15000,inverse,forward_0.30,7203,command_transition_failure,command_transition_failure,True,True,,,0.5266561508178711,36.02403259277344,0.11788888888888889
Isaac,15000,inverse,forward_0.30,7204,command_transition_failure,command_transition_failure,True,True,,,0.37717005610466003,38.85429382324219,0.11455555555555555
Isaac,15000,inverse,forward_0.30,7205,tracking_failure,command_transition_failure|standstill_failure|terrain_stall|tracking_failure,True,False,,,0.2637123763561249,39.57968521118164,0.19666666666666666
Isaac,15000,inverse,forward_0.30,7206,tracking_failure,command_transition_failure|terrain_stall|tracking_failure,True,False,,,0.2867523729801178,36.12632751464844,0.15844444444444444
Isaac,15000,inverse,forward_0.30,7207,tracking_failure,command_transition_failure|terrain_stall|tracking_failure,True,False,,,0.5932062864303589,39.49846649169922,0.1708888888888889
Isaac,15000,inverse,forward_0.30,7208,tracking_failure,command_transition_failure|standstill_failure|terrain_stall|tracking_failure,True,False,,,0.5207184553146362,37.17353820800781,0.3828888888888889
Isaac,15000,inverse,forward_0.30,7209,command_transition_failure,command_transition_failure,True,True,,,0.45901140570640564,37.901885986328125,0.11655555555555555
Isaac,15000,inverse,forward_0.30,7210,tracking_failure,command_transition_failure|terrain_stall|tracking_failure,True,False,,,0.6066226959228516,37.263641357421875,0.18933333333333333
Isaac,15000,inverse,forward_0.30,7211,tracking_failure,command_transition_failure|terrain_stall|tracking_failure,True,False,,,0.6035717725753784,38.62440490722656,0.23566666666666666
Isaac,15000,inverse,forward_0.30,7212,command_transition_failure,command_transition_failure,True,True,,,0.3928515613079071,36.63213348388672,0.11688888888888889
Isaac,15000,inverse,forward_0.30,7213,command_transition_failure,command_transition_failure,True,True,,,0.5164574384689331,33.98755645751953,0.14333333333333334
Isaac,15000,inverse,forward_0.30,7214,command_transition_failure,command_transition_failure,True,True,,,0.4684290587902069,38.812255859375,0.11822222222222223
Isaac,15000,inverse,forward_0.30,7215,command_transition_failure,command_transition_failure,True,True,,,0.46273913979530334,35.92873001098633,0.12977777777777777
Isaac,15000,inverse,forward_0.30,7216,command_transition_failure,command_transition_failure,True,True,,,0.36766305565834045,37.06665802001953,0.12377777777777778
Isaac,15000,inverse,forward_0.70,7201,command_transition_failure,command_transition_failure,True,True,,,0.44260191917419434,42.64199447631836,0.06055555555555556
Isaac,15000,inverse,forward_0.70,7202,command_transition_failure,command_transition_failure,True,True,,,0.5528210401535034,36.47503662109375,0.05433333333333333
Isaac,15000,inverse,forward_0.70,7203,command_transition_failure,command_transition_failure,True,True,,,0.4645967483520508,42.33088302612305,0.05411111111111111
Isaac,15000,inverse,forward_0.70,7204,command_transition_failure,command_transition_failure,True,True,,,0.5600429773330688,39.861000061035156,0.07011111111111111
Isaac,15000,inverse,forward_0.70,7205,success,,True,True,,,0.5555169582366943,41.348594665527344,0.06633333333333333
Isaac,15000,inverse,forward_0.70,7206,command_transition_failure,command_transition_failure,True,True,,,0.4231998026371002,40.01969528198242,0.06477777777777778
Isaac,15000,inverse,forward_0.70,7207,command_transition_failure,command_transition_failure,True,True,,,0.5924016237258911,37.912811279296875,0.058777777777777776
Isaac,15000,inverse,forward_0.70,7208,command_transition_failure,command_transition_failure,True,True,,,0.5716755390167236,36.77751159667969,0.052333333333333336
Isaac,15000,inverse,forward_0.70,7209,command_transition_failure,command_transition_failure,True,True,,,0.4647040367126465,42.06889724731445,0.056
Isaac,15000,inverse,forward_0.70,7210,command_transition_failure,command_transition_failure,True,True,,,0.3676580488681793,36.7883186340332,0.051111111111111114
Isaac,15000,inverse,forward_0.70,7211,command_transition_failure,command_transition_failure,True,True,,,0.44055798649787903,40.586788177490234,0.05677777777777778
Isaac,15000,inverse,forward_0.70,7212,command_transition_failure,command_transition_failure,True,True,,,0.5200045108795166,43.199546813964844,0.05477777777777778
Isaac,15000,inverse,forward_0.70,7213,success,,True,True,,,0.4774444103240967,41.350467681884766,0.05477777777777778
Isaac,15000,inverse,forward_0.70,7214,command_transition_failure,command_transition_failure,True,True,,,0.5027605295181274,41.80426788330078,0.06811111111111111
Isaac,15000,inverse,forward_0.70,7215,command_transition_failure,command_transition_failure,True,True,,,0.5184929370880127,37.94493103027344,0.052
Isaac,15000,inverse,forward_0.70,7216,command_transition_failure,command_transition_failure,True,True,,,0.5640428066253662,36.249046325683594,0.06222222222222222
Isaac,15000,inverse,interrupted,7201,command_transition_failure,command_transition_failure,True,True,,,0.4093434810638428,43.01756286621094,0.053629032258064514
Isaac,15000,inverse,interrupted,7202,command_transition_failure,command_transition_failure,True,True,,,0.44126585125923157,37.57475280761719,0.05935483870967742
Isaac,15000,inverse,interrupted,7203,command_transition_failure,command_transition_failure,True,True,,,0.5146626234054565,42.9835090637207,0.056935483870967744
Isaac,15000,inverse,interrupted,7204,command_transition_failure,command_transition_failure,True,True,,,0.5340102910995483,39.48108673095703,0.06306451612903226
Isaac,15000,inverse,interrupted,7205,command_transition_failure,command_transition_failure,True,True,,,0.5164523124694824,39.29575729370117,0.05870967741935484
Isaac,15000,inverse,interrupted,7206,command_transition_failure,command_transition_failure,True,True,,,0.565584659576416,38.40679931640625,0.06774193548387097
Isaac,15000,inverse,interrupted,7207,command_transition_failure,command_transition_failure,True,True,,,0.4954610764980316,36.182228088378906,0.06088709677419355
Isaac,15000,inverse,interrupted,7208,command_transition_failure,command_transition_failure,True,True,,,0.51424241065979,40.780296325683594,0.059274193548387095
Isaac,15000,inverse,interrupted,7209,command_transition_failure,command_transition_failure,True,True,,,0.5443353652954102,40.77057647705078,0.08048387096774194
Isaac,15000,inverse,interrupted,7210,success,,True,True,,,0.5941047668457031,40.172794342041016,0.06024193548387097
Isaac,15000,inverse,interrupted,7211,command_transition_failure,command_transition_failure,True,True,,,0.5681037902832031,36.149375915527344,0.04983870967741935
Isaac,15000,inverse,interrupted,7212,command_transition_failure,command_transition_failure,True,True,,,0.5639965534210205,39.90605926513672,0.07
Isaac,15000,inverse,interrupted,7213,command_transition_failure,command_transition_failure,True,True,,,0.5760393142700195,35.44022750854492,0.07112903225806452
Isaac,15000,inverse,interrupted,7214,command_transition_failure,command_transition_failure,True,True,,,0.6359579563140869,37.73847198486328,0.06798387096774193
Isaac,15000,inverse,interrupted,7215,success,,True,True,,,0.506725549697876,40.32026290893555,0.04838709677419355
Isaac,15000,inverse,interrupted,7216,command_transition_failure,command_transition_failure,True,True,,,0.3024488389492035,39.03501892089844,0.044838709677419354
Isaac,19999,inverse,forward_0.30,7201,success,,True,True,,,0.34094277024269104,38.02204513549805,0.11344444444444444
Isaac,19999,inverse,forward_0.30,7202,success,,True,True,,,0.32801756262779236,49.2859001159668,0.14555555555555555
Isaac,19999,inverse,forward_0.30,7203,command_transition_failure,command_transition_failure,True,True,,,0.35198524594306946,35.0571174621582,0.1497777777777778
Isaac,19999,inverse,forward_0.30,7204,command_transition_failure,command_transition_failure,True,True,,,0.33293214440345764,37.60206604003906,0.14555555555555555
Isaac,19999,inverse,forward_0.30,7205,command_transition_failure,command_transition_failure,True,True,,,0.35747960209846497,37.872283935546875,0.17466666666666666
Isaac,19999,inverse,forward_0.30,7206,command_transition_failure,command_transition_failure,True,True,,,0.32836517691612244,35.73625183105469,0.12966666666666668
Isaac,19999,inverse,forward_0.30,7207,command_transition_failure,command_transition_failure,True,True,,,0.3502907454967499,36.16622543334961,0.176
Isaac,19999,inverse,forward_0.30,7208,success,,True,True,,,0.3178243935108185,34.717384338378906,0.12211111111111111
Isaac,19999,inverse,forward_0.30,7209,command_transition_failure,command_transition_failure,True,True,,,0.3942866027355194,35.08782196044922,0.13822222222222222
Isaac,19999,inverse,forward_0.30,7210,success,,True,True,,,0.34606191515922546,37.08149719238281,0.11677777777777777
Isaac,19999,inverse,forward_0.30,7211,command_transition_failure,command_transition_failure,True,True,,,0.4126999080181122,34.87575149536133,0.22366666666666668
Isaac,19999,inverse,forward_0.30,7212,command_transition_failure,command_transition_failure,True,True,,,0.29858848452568054,36.37374496459961,0.1358888888888889
Isaac,19999,inverse,forward_0.30,7213,command_transition_failure,command_transition_failure,True,True,,,0.2202359139919281,40.5830192565918,0.14544444444444443
Isaac,19999,inverse,forward_0.30,7214,success,,True,True,,,0.3249404728412628,35.77763748168945,0.12766666666666668
Isaac,19999,inverse,forward_0.30,7215,success,,True,True,,,0.3930329382419586,38.89211654663086,0.1358888888888889
Isaac,19999,inverse,forward_0.30,7216,command_transition_failure,command_transition_failure,True,True,,,0.17287155985832214,40.771053314208984,0.16011111111111112
Isaac,19999,inverse,forward_0.70,7201,success,,True,True,,,0.33149078488349915,36.82407760620117,0.04044444444444444
Isaac,19999,inverse,forward_0.70,7202,success,,True,True,,,0.35862669348716736,35.97346878051758,0.03277777777777778
Isaac,19999,inverse,forward_0.70,7203,success,,True,True,,,0.2324516475200653,37.68852996826172,0.03344444444444444
Isaac,19999,inverse,forward_0.70,7204,success,,True,True,,,0.2564447820186615,44.099884033203125,0.03911111111111111
Isaac,19999,inverse,forward_0.70,7205,success,,True,True,,,0.367898553609848,38.329349517822266,0.03611111111111111
Isaac,19999,inverse,forward_0.70,7206,success,,True,True,,,0.26591530442237854,37.43876266479492,0.034888888888888886
Isaac,19999,inverse,forward_0.70,7207,success,,True,True,,,0.3281218111515045,36.50750732421875,0.05255555555555556
Isaac,19999,inverse,forward_0.70,7208,success,,True,True,,,0.40848490595817566,36.70098876953125,0.036333333333333336
Isaac,19999,inverse,forward_0.70,7209,success,,True,True,,,0.427510529756546,37.56524658203125,0.03966666666666667
Isaac,19999,inverse,forward_0.70,7210,success,,True,True,,,0.32582196593284607,37.51441955566406,0.03966666666666667
Isaac,19999,inverse,forward_0.70,7211,success,,True,True,,,0.32422885298728943,43.77106475830078,0.043
Isaac,19999,inverse,forward_0.70,7212,success,,True,True,,,0.3746650516986847,36.806705474853516,0.035777777777777776
Isaac,19999,inverse,forward_0.70,7213,success,,True,True,,,0.30877992510795593,36.53942108154297,0.04388888888888889
Isaac,19999,inverse,forward_0.70,7214,success,,True,True,,,0.27052417397499084,37.98445510864258,0.03922222222222222
Isaac,19999,inverse,forward_0.70,7215,success,,True,True,,,0.2696891129016876,36.458717346191406,0.035333333333333335
Isaac,19999,inverse,forward_0.70,7216,success,,True,True,,,0.23961856961250305,38.32079315185547,0.04066666666666666
Isaac,19999,inverse,interrupted,7201,success,,True,True,,,0.4867750108242035,46.114524841308594,0.044596774193548384
Isaac,19999,inverse,interrupted,7202,success,,True,True,,,0.427516907453537,35.542762756347656,0.043548387096774194
Isaac,19999,inverse,interrupted,7203,success,,True,True,,,0.4268862307071686,35.677276611328125,0.03516129032258065
Isaac,19999,inverse,interrupted,7204,success,,True,True,,,0.44662758708000183,35.74408721923828,0.046129032258064515
Isaac,19999,inverse,interrupted,7205,success,,True,True,,,0.32280656695365906,36.624088287353516,0.04564516129032258
Isaac,19999,inverse,interrupted,7206,success,,True,True,,,0.3365729749202728,35.451698303222656,0.037096774193548385
Isaac,19999,inverse,interrupted,7207,success,,True,True,,,0.43756303191185,36.130165100097656,0.045
Isaac,19999,inverse,interrupted,7208,success,,True,True,,,0.43211784958839417,36.8810920715332,0.04758064516129032
Isaac,19999,inverse,interrupted,7209,success,,True,True,,,0.446542888879776,35.90652084350586,0.03943548387096774
Isaac,19999,inverse,interrupted,7210,command_transition_failure,command_transition_failure,True,True,,,0.3990664780139923,40.758544921875,0.039919354838709675
Isaac,19999,inverse,interrupted,7211,success,,True,True,,,0.2006150186061859,36.83784484863281,0.03491935483870968
Isaac,19999,inverse,interrupted,7212,success,,True,True,,,0.35062113404273987,35.3043327331543,0.0407258064516129
Isaac,19999,inverse,interrupted,7213,success,,True,True,,,0.36168918013572693,35.8538932800293,0.04443548387096774
Isaac,19999,inverse,interrupted,7214,success,,True,True,,,0.3906010091304779,36.037269592285156,0.048951612903225805
Isaac,19999,inverse,interrupted,7215,success,,True,True,,,0.4110945761203766,34.76143264770508,0.04564516129032258
Isaac,19999,inverse,interrupted,7216,success,,True,True,,,0.43936970829963684,37.02872085571289,0.04314516129032258
Isaac,10000,slope_up,forward_0.30,7201,success,,True,True,,,0.6744361519813538,10.187169075012207,0.00011111111111111112
Isaac,10000,slope_up,forward_0.30,7202,success,,True,True,,,0.6734849214553833,12.226249694824219,0.0003333333333333333
Isaac,10000,slope_up,forward_0.30,7203,success,,True,True,,,0.6721437573432922,12.674362182617188,0.0006666666666666666
Isaac,10000,slope_up,forward_0.30,7204,success,,True,True,,,0.6781787276268005,10.884496688842773,0.00044444444444444447
Isaac,10000,slope_up,forward_0.30,7205,success,,True,True,,,0.6670051217079163,12.506629943847656,0.00044444444444444447
Isaac,10000,slope_up,forward_0.30,7206,success,,True,True,,,0.6767849326133728,10.853021621704102,0.00044444444444444447
Isaac,10000,slope_up,forward_0.30,7207,success,,True,True,,,0.666773796081543,11.581411361694336,0.00022222222222222223
Isaac,10000,slope_up,forward_0.30,7208,success,,True,True,,,0.6685547232627869,11.314255714416504,0.0006666666666666666
Isaac,10000,slope_up,forward_0.30,7209,success,,True,True,,,0.6695002317428589,11.865522384643555,0.00044444444444444447
Isaac,10000,slope_up,forward_0.30,7210,success,,True,True,,,0.6739721894264221,14.981361389160156,0.0003333333333333333
Isaac,10000,slope_up,forward_0.30,7211,success,,True,True,,,0.6776973605155945,11.442312240600586,0.00022222222222222223
Isaac,10000,slope_up,forward_0.30,7212,success,,True,True,,,0.6782004237174988,11.204521179199219,0.0003333333333333333
Isaac,10000,slope_up,forward_0.30,7213,success,,True,True,,,0.6734603643417358,11.123968124389648,0.00022222222222222223
Isaac,10000,slope_up,forward_0.30,7214,success,,True,True,,,0.6720714569091797,12.09090805053711,0.00022222222222222223
Isaac,10000,slope_up,forward_0.30,7215,success,,True,True,,,0.6714134812355042,12.914273262023926,0.00044444444444444447
Isaac,10000,slope_up,forward_0.30,7216,success,,True,True,,,0.6780129671096802,11.14854621887207,0.00022222222222222223
Isaac,10000,slope_up,forward_0.70,7201,success,,True,True,,,0.6891850233078003,23.264602661132812,0.004111111111111111
Isaac,10000,slope_up,forward_0.70,7202,success,,True,True,,,0.6806530952453613,21.98003387451172,0.003777777777777778
Isaac,10000,slope_up,forward_0.70,7203,success,,True,True,,,0.6890478134155273,24.44780158996582,0.0026666666666666666
Isaac,10000,slope_up,forward_0.70,7204,success,,True,True,,,0.6869466304779053,23.601085662841797,0.004333333333333333
Isaac,10000,slope_up,forward_0.70,7205,success,,True,True,,,0.6888060569763184,19.553903579711914,0.0035555555555555557
Isaac,10000,slope_up,forward_0.70,7206,success,,True,True,,,0.6874498128890991,20.549165725708008,0.0038888888888888888
Isaac,10000,slope_up,forward_0.70,7207,success,,True,True,,,0.6850060224533081,21.569477081298828,0.004888888888888889
Isaac,10000,slope_up,forward_0.70,7208,success,,True,True,,,0.6892847418785095,24.763046264648438,0.0034444444444444444
Isaac,10000,slope_up,forward_0.70,7209,success,,True,True,,,0.6897836923599243,22.811126708984375,0.004
Isaac,10000,slope_up,forward_0.70,7210,success,,True,True,,,0.687885582447052,21.7098388671875,0.002777777777777778
Isaac,10000,slope_up,forward_0.70,7211,success,,True,True,,,0.6857408285140991,22.566818237304688,0.003777777777777778
Isaac,10000,slope_up,forward_0.70,7212,success,,True,True,,,0.6865236163139343,22.60863494873047,0.004222222222222222
Isaac,10000,slope_up,forward_0.70,7213,success,,True,True,,,0.6860066056251526,20.67999267578125,0.004111111111111111
Isaac,10000,slope_up,forward_0.70,7214,success,,True,True,,,0.6886099576950073,25.71651840209961,0.004111111111111111
Isaac,10000,slope_up,forward_0.70,7215,success,,True,True,,,0.6882687211036682,20.127065658569336,0.0036666666666666666
Isaac,10000,slope_up,forward_0.70,7216,success,,True,True,,,0.6850494742393494,20.764101028442383,0.003777777777777778
Isaac,10000,slope_up,interrupted,7201,success,,True,True,,,0.6894214749336243,15.551023483276367,0.0011290322580645162
Isaac,10000,slope_up,interrupted,7202,success,,True,True,,,0.6890288591384888,19.708126068115234,0.0010483870967741935
Isaac,10000,slope_up,interrupted,7203,success,,True,True,,,0.6893513798713684,15.15566349029541,0.0006451612903225806
Isaac,10000,slope_up,interrupted,7204,success,,True,True,,,0.6848543882369995,16.594158172607422,0.000967741935483871
Isaac,10000,slope_up,interrupted,7205,success,,True,True,,,0.6896904110908508,15.464314460754395,0.0011290322580645162
Isaac,10000,slope_up,interrupted,7206,success,,True,True,,,0.6866991519927979,15.881088256835938,0.0007258064516129033
Isaac,10000,slope_up,interrupted,7207,success,,True,True,,,0.6789654493331909,16.78191375732422,0.0007258064516129033
Isaac,10000,slope_up,interrupted,7208,success,,True,True,,,0.6873940229415894,15.866655349731445,0.0010483870967741935
Isaac,10000,slope_up,interrupted,7209,success,,True,True,,,0.6890944242477417,15.293306350708008,0.000967741935483871
Isaac,10000,slope_up,interrupted,7210,success,,True,True,,,0.6886572241783142,17.77670669555664,0.0011290322580645162
Isaac,10000,slope_up,interrupted,7211,success,,True,True,,,0.6890976428985596,14.360343933105469,0.0008870967741935484
Isaac,10000,slope_up,interrupted,7212,success,,True,True,,,0.6859891414642334,15.749914169311523,0.000967741935483871
Isaac,10000,slope_up,interrupted,7213,success,,True,True,,,0.6827900409698486,15.409087181091309,0.0012096774193548388
Isaac,10000,slope_up,interrupted,7214,success,,True,True,,,0.6880620718002319,14.963240623474121,0.000967741935483871
Isaac,10000,slope_up,interrupted,7215,success,,True,True,,,0.6882188320159912,17.38779640197754,0.0007258064516129033
Isaac,10000,slope_up,interrupted,7216,success,,True,True,,,0.690007209777832,15.308505058288574,0.0013709677419354838
Isaac,15000,slope_up,forward_0.30,7201,success,,True,True,,,0.6200186610221863,12.346827507019043,0.00022222222222222223
Isaac,15000,slope_up,forward_0.30,7202,success,,True,True,,,0.6164562702178955,11.853940963745117,0.0005555555555555556
Isaac,15000,slope_up,forward_0.30,7203,success,,True,True,,,0.6119390726089478,12.709413528442383,0.00022222222222222223
Isaac,15000,slope_up,forward_0.30,7204,success,,True,True,,,0.6135698556900024,12.66055679321289,0.0005555555555555556
Isaac,15000,slope_up,forward_0.30,7205,success,,True,True,,,0.6129494905471802,15.000118255615234,0.00044444444444444447
Isaac,15000,slope_up,forward_0.30,7206,success,,True,True,,,0.616334080696106,12.493961334228516,0.0005555555555555556
Isaac,15000,slope_up,forward_0.30,7207,success,,True,True,,,0.6084659099578857,12.462797164916992,0.0007777777777777777
Isaac,15000,slope_up,forward_0.30,7208,success,,True,True,,,0.6118031740188599,10.838644981384277,0.0005555555555555556
Isaac,15000,slope_up,forward_0.30,7209,success,,True,True,,,0.6110826730728149,13.687089920043945,0.0005555555555555556
Isaac,15000,slope_up,forward_0.30,7210,success,,True,True,,,0.6132150888442993,12.84070873260498,0.00044444444444444447
Isaac,15000,slope_up,forward_0.30,7211,success,,True,True,,,0.6137236952781677,11.273639678955078,0.0005555555555555556
Isaac,15000,slope_up,forward_0.30,7212,success,,True,True,,,0.6121023893356323,14.716983795166016,0.0003333333333333333
Isaac,15000,slope_up,forward_0.30,7213,success,,True,True,,,0.6099435687065125,10.743328094482422,0.00044444444444444447
Isaac,15000,slope_up,forward_0.30,7214,success,,True,True,,,0.6116188764572144,11.033154487609863,0.00044444444444444447
Isaac,15000,slope_up,forward_0.30,7215,success,,True,True,,,0.6134088039398193,12.18823528289795,0.0005555555555555556
Isaac,15000,slope_up,forward_0.30,7216,success,,True,True,,,0.617443323135376,13.204573631286621,0.0007777777777777777
Isaac,15000,slope_up,forward_0.70,7201,success,,True,True,,,0.6759954690933228,19.253435134887695,0.0025555555555555557
Isaac,15000,slope_up,forward_0.70,7202,success,,True,True,,,0.6689369678497314,23.338016510009766,0.0036666666666666666
Isaac,15000,slope_up,forward_0.70,7203,success,,True,True,,,0.6738351583480835,19.49225616455078,0.0036666666666666666
Isaac,15000,slope_up,forward_0.70,7204,success,,True,True,,,0.6815885901451111,18.080806732177734,0.002777777777777778
Isaac,15000,slope_up,forward_0.70,7205,success,,True,True,,,0.6738532781600952,18.224979400634766,0.0036666666666666666
Isaac,15000,slope_up,forward_0.70,7206,success,,True,True,,,0.6805992722511292,19.506080627441406,0.0024444444444444444
Isaac,15000,slope_up,forward_0.70,7207,success,,True,True,,,0.6770829558372498,20.274751663208008,0.0025555555555555557
Isaac,15000,slope_up,forward_0.70,7208,success,,True,True,,,0.6755473613739014,19.52909278869629,0.002111111111111111
Isaac,15000,slope_up,forward_0.70,7209,success,,True,True,,,0.682094395160675,19.43962287902832,0.0026666666666666666
Isaac,15000,slope_up,forward_0.70,7210,success,,True,True,,,0.6776372194290161,18.752056121826172,0.0033333333333333335
Isaac,15000,slope_up,forward_0.70,7211,success,,True,True,,,0.6763931512832642,18.5213565826416,0.002
Isaac,15000,slope_up,forward_0.70,7212,success,,True,True,,,0.6809079051017761,19.39038848876953,0.0026666666666666666
Isaac,15000,slope_up,forward_0.70,7213,success,,True,True,,,0.667212963104248,20.023252487182617,0.002
Isaac,15000,slope_up,forward_0.70,7214,success,,True,True,,,0.6763603091239929,18.784923553466797,0.0026666666666666666
Isaac,15000,slope_up,forward_0.70,7215,success,,True,True,,,0.676079511642456,18.708316802978516,0.002111111111111111
Isaac,15000,slope_up,forward_0.70,7216,success,,True,True,,,0.6796349287033081,22.633708953857422,0.0023333333333333335
Isaac,15000,slope_up,interrupted,7201,standstill_failure,standstill_failure,True,True,,,0.6437527537345886,14.998246192932129,0.0012903225806451613
Isaac,15000,slope_up,interrupted,7202,standstill_failure,standstill_failure,True,True,,,0.6453260779380798,18.543766021728516,0.0008870967741935484
Isaac,15000,slope_up,interrupted,7203,standstill_failure,standstill_failure,True,True,,,0.6465792059898376,16.682907104492188,0.0008064516129032258
Isaac,15000,slope_up,interrupted,7204,standstill_failure,standstill_failure,True,True,,,0.6461604833602905,18.628662109375,0.0010483870967741935
Isaac,15000,slope_up,interrupted,7205,standstill_failure,standstill_failure,True,True,,,0.6450934410095215,15.64610767364502,0.0011290322580645162
Isaac,15000,slope_up,interrupted,7206,standstill_failure,standstill_failure,True,True,,,0.6399905681610107,17.09284210205078,0.0008870967741935484
Isaac,15000,slope_up,interrupted,7207,standstill_failure,standstill_failure,True,True,,,0.6445824503898621,16.18365478515625,0.0014516129032258066
Isaac,15000,slope_up,interrupted,7208,standstill_failure,standstill_failure,True,True,,,0.6452580094337463,18.80768585205078,0.0010483870967741935
Isaac,15000,slope_up,interrupted,7209,standstill_failure,standstill_failure,True,True,,,0.6453548669815063,13.917288780212402,0.0008064516129032258
Isaac,15000,slope_up,interrupted,7210,standstill_failure,standstill_failure,True,True,,,0.6483371257781982,15.278406143188477,0.0011290322580645162
Isaac,15000,slope_up,interrupted,7211,standstill_failure,standstill_failure,True,True,,,0.6445631980895996,15.88337516784668,0.0008064516129032258
Isaac,15000,slope_up,interrupted,7212,standstill_failure,standstill_failure,True,True,,,0.6418094635009766,17.906572341918945,0.0007258064516129033
Isaac,15000,slope_up,interrupted,7213,standstill_failure,standstill_failure,True,True,,,0.6449466943740845,17.301939010620117,0.0012903225806451613
Isaac,15000,slope_up,interrupted,7214,standstill_failure,standstill_failure,True,True,,,0.643207311630249,16.768474578857422,0.0012096774193548388
Isaac,15000,slope_up,interrupted,7215,standstill_failure,standstill_failure,True,True,,,0.6455094218254089,16.195058822631836,0.0008064516129032258
Isaac,15000,slope_up,interrupted,7216,standstill_failure,standstill_failure,True,True,,,0.6436445713043213,16.238996505737305,0.0016129032258064516
Isaac,19999,slope_up,forward_0.30,7201,success,,True,True,,,0.6795710921287537,9.52005386352539,0.0
Isaac,19999,slope_up,forward_0.30,7202,success,,True,True,,,0.678516149520874,10.240667343139648,0.0003333333333333333
Isaac,19999,slope_up,forward_0.30,7203,success,,True,True,,,0.6791566610336304,10.880559921264648,0.0003333333333333333
Isaac,19999,slope_up,forward_0.30,7204,success,,True,True,,,0.6812224388122559,8.791099548339844,0.00011111111111111112
Isaac,19999,slope_up,forward_0.30,7205,success,,True,True,,,0.6612644195556641,10.429868698120117,0.00022222222222222223
Isaac,19999,slope_up,forward_0.30,7206,success,,True,True,,,0.6894718408584595,11.192028999328613,0.0003333333333333333
Isaac,19999,slope_up,forward_0.30,7207,success,,True,True,,,0.6651245951652527,9.429287910461426,0.00011111111111111112
Isaac,19999,slope_up,forward_0.30,7208,success,,True,True,,,0.6890892386436462,8.672473907470703,0.00022222222222222223
Isaac,19999,slope_up,forward_0.30,7209,success,,True,True,,,0.6747803688049316,10.841558456420898,0.00011111111111111112
Isaac,19999,slope_up,forward_0.30,7210,success,,True,True,,,0.6838892698287964,12.221599578857422,0.0005555555555555556
Isaac,19999,slope_up,forward_0.30,7211,success,,True,True,,,0.6692413687705994,9.949995040893555,0.0003333333333333333
Isaac,19999,slope_up,forward_0.30,7212,success,,True,True,,,0.6733525991439819,10.602936744689941,0.0003333333333333333
Isaac,19999,slope_up,forward_0.30,7213,success,,True,True,,,0.6694455742835999,10.330484390258789,0.00022222222222222223
Isaac,19999,slope_up,forward_0.30,7214,success,,True,True,,,0.6730524301528931,9.30081558227539,0.00011111111111111112
Isaac,19999,slope_up,forward_0.30,7215,success,,True,True,,,0.6851084232330322,12.543280601501465,0.0006666666666666666
Isaac,19999,slope_up,forward_0.30,7216,success,,True,True,,,0.6846144199371338,9.982368469238281,0.00022222222222222223
Isaac,19999,slope_up,forward_0.70,7201,success,,True,True,,,0.6989190578460693,20.703067779541016,0.0032222222222222222
Isaac,19999,slope_up,forward_0.70,7202,success,,True,True,,,0.691954493522644,20.25511932373047,0.0026666666666666666
Isaac,19999,slope_up,forward_0.70,7203,success,,True,True,,,0.6974716186523438,19.42193603515625,0.0024444444444444444
Isaac,19999,slope_up,forward_0.70,7204,success,,True,True,,,0.7016501426696777,20.088579177856445,0.0034444444444444444
Isaac,19999,slope_up,forward_0.70,7205,success,,True,True,,,0.6975393295288086,21.418031692504883,0.0034444444444444444
Isaac,19999,slope_up,forward_0.70,7206,success,,True,True,,,0.6938064694404602,19.94086265563965,0.002111111111111111
Isaac,19999,slope_up,forward_0.70,7207,success,,True,True,,,0.6936811208724976,22.898548126220703,0.002111111111111111
Isaac,19999,slope_up,forward_0.70,7208,success,,True,True,,,0.6983171105384827,22.807329177856445,0.0028888888888888888
Isaac,19999,slope_up,forward_0.70,7209,success,,True,True,,,0.6911592483520508,23.04417610168457,0.0035555555555555557
Isaac,19999,slope_up,forward_0.70,7210,success,,True,True,,,0.7029498219490051,18.667949676513672,0.002111111111111111
Isaac,19999,slope_up,forward_0.70,7211,success,,True,True,,,0.6961957812309265,19.688980102539062,0.0026666666666666666
Isaac,19999,slope_up,forward_0.70,7212,success,,True,True,,,0.6984759569168091,24.168807983398438,0.0032222222222222222
Isaac,19999,slope_up,forward_0.70,7213,success,,True,True,,,0.6952957510948181,25.22016143798828,0.0022222222222222222
Isaac,19999,slope_up,forward_0.70,7214,success,,True,True,,,0.6923159956932068,25.120174407958984,0.0023333333333333335
Isaac,19999,slope_up,forward_0.70,7215,success,,True,True,,,0.6946330666542053,23.93584442138672,0.003111111111111111
Isaac,19999,slope_up,forward_0.70,7216,success,,True,True,,,0.6952869296073914,19.339672088623047,0.002111111111111111
Isaac,19999,slope_up,interrupted,7201,success,,True,True,,,0.6839141845703125,16.361148834228516,0.0008064516129032258
Isaac,19999,slope_up,interrupted,7202,success,,True,True,,,0.6826845407485962,14.812387466430664,0.0011290322580645162
Isaac,19999,slope_up,interrupted,7203,success,,True,True,,,0.6762624979019165,21.28569221496582,0.0008870967741935484
Isaac,19999,slope_up,interrupted,7204,success,,True,True,,,0.6785380840301514,23.176368713378906,0.0014516129032258066
Isaac,19999,slope_up,interrupted,7205,success,,True,True,,,0.6864296793937683,14.208444595336914,0.0007258064516129033
Isaac,19999,slope_up,interrupted,7206,success,,True,True,,,0.6790860891342163,22.857677459716797,0.0010483870967741935
Isaac,19999,slope_up,interrupted,7207,success,,True,True,,,0.6782960891723633,23.730722427368164,0.0008870967741935484
Isaac,19999,slope_up,interrupted,7208,success,,True,True,,,0.6827974915504456,22.696582794189453,0.0008064516129032258
Isaac,19999,slope_up,interrupted,7209,success,,True,True,,,0.6792673468589783,20.20037269592285,0.0006451612903225806
Isaac,19999,slope_up,interrupted,7210,success,,True,True,,,0.683048665523529,18.203384399414062,0.0008870967741935484
Isaac,19999,slope_up,interrupted,7211,success,,True,True,,,0.6850925087928772,17.31855583190918,0.0007258064516129033
Isaac,19999,slope_up,interrupted,7212,success,,True,True,,,0.6793764233589172,14.504802703857422,0.0011290322580645162
Isaac,19999,slope_up,interrupted,7213,success,,True,True,,,0.6803127527236938,23.14893341064453,0.0016935483870967741
Isaac,19999,slope_up,interrupted,7214,success,,True,True,,,0.6843804121017456,21.1254940032959,0.0022580645161290325
Isaac,19999,slope_up,interrupted,7215,success,,True,True,,,0.6754465103149414,21.854204177856445,0.0004838709677419355
Isaac,19999,slope_up,interrupted,7216,success,,True,True,,,0.6798237562179565,15.698800086975098,0.0008870967741935484
Isaac,10000,slope_down,forward_0.30,7201,success,,True,True,,,0.6589508056640625,9.177644729614258,0.0
Isaac,10000,slope_down,forward_0.30,7202,success,,True,True,,,0.6643110513687134,7.874875068664551,0.0
Isaac,10000,slope_down,forward_0.30,7203,success,,True,True,,,0.6625300049781799,8.339159965515137,0.0
Isaac,10000,slope_down,forward_0.30,7204,success,,True,True,,,0.6552616953849792,7.5821146965026855,0.0
Isaac,10000,slope_down,forward_0.30,7205,success,,True,True,,,0.6577936410903931,8.719639778137207,0.0
Isaac,10000,slope_down,forward_0.30,7206,success,,True,True,,,0.661780834197998,7.962867736816406,0.0
Isaac,10000,slope_down,forward_0.30,7207,success,,True,True,,,0.658463716506958,8.850204467773438,0.0
Isaac,10000,slope_down,forward_0.30,7208,success,,True,True,,,0.6509771347045898,10.465799331665039,0.0
Isaac,10000,slope_down,forward_0.30,7209,success,,True,True,,,0.6571136116981506,8.32602596282959,0.0
Isaac,10000,slope_down,forward_0.30,7210,success,,True,True,,,0.6650810241699219,9.214664459228516,0.0
Isaac,10000,slope_down,forward_0.30,7211,success,,True,True,,,0.6591455340385437,7.257539749145508,0.0
Isaac,10000,slope_down,forward_0.30,7212,success,,True,True,,,0.6621426343917847,10.978864669799805,0.0
Isaac,10000,slope_down,forward_0.30,7213,success,,True,True,,,0.6556164026260376,9.376504898071289,0.0
Isaac,10000,slope_down,forward_0.30,7214,success,,True,True,,,0.6618350744247437,8.505504608154297,0.0
Isaac,10000,slope_down,forward_0.30,7215,success,,True,True,,,0.6588680744171143,7.306299209594727,0.0
Isaac,10000,slope_down,forward_0.30,7216,success,,True,True,,,0.6657158732414246,10.317852020263672,0.0
Isaac,10000,slope_down,forward_0.70,7201,success,,True,True,,,0.6584411263465881,22.87028694152832,0.0007777777777777777
Isaac,10000,slope_down,forward_0.70,7202,success,,True,True,,,0.6637144088745117,23.887989044189453,0.0007777777777777777
Isaac,10000,slope_down,forward_0.70,7203,success,,True,True,,,0.6543643474578857,23.244281768798828,0.0006666666666666666
Isaac,10000,slope_down,forward_0.70,7204,success,,True,True,,,0.661291778087616,21.535207748413086,0.001
Isaac,10000,slope_down,forward_0.70,7205,success,,True,True,,,0.6643094420433044,20.611875534057617,0.0006666666666666666
Isaac,10000,slope_down,forward_0.70,7206,success,,True,True,,,0.6648683547973633,20.510269165039062,0.00044444444444444447
Isaac,10000,slope_down,forward_0.70,7207,success,,True,True,,,0.663101315498352,21.586471557617188,0.001
Isaac,10000,slope_down,forward_0.70,7208,success,,True,True,,,0.6622002124786377,24.76737403869629,0.0007777777777777777
Isaac,10000,slope_down,forward_0.70,7209,success,,True,True,,,0.6623271703720093,24.43228530883789,0.0006666666666666666
Isaac,10000,slope_down,forward_0.70,7210,success,,True,True,,,0.6633086204528809,23.682519912719727,0.0008888888888888889
Isaac,10000,slope_down,forward_0.70,7211,success,,True,True,,,0.662162184715271,19.898624420166016,0.0014444444444444444
Isaac,10000,slope_down,forward_0.70,7212,success,,True,True,,,0.6636188626289368,22.312089920043945,0.0007777777777777777
Isaac,10000,slope_down,forward_0.70,7213,success,,True,True,,,0.6627711057662964,20.429018020629883,0.0013333333333333333
Isaac,10000,slope_down,forward_0.70,7214,success,,True,True,,,0.6601390838623047,25.78295135498047,0.0008888888888888889
Isaac,10000,slope_down,forward_0.70,7215,success,,True,True,,,0.6642577648162842,17.59097671508789,0.001
Isaac,10000,slope_down,forward_0.70,7216,success,,True,True,,,0.6645094752311707,21.472190856933594,0.0007777777777777777
Isaac,10000,slope_down,interrupted,7201,success,,True,True,,,0.6657883524894714,13.293594360351562,8.064516129032258e-05
Isaac,10000,slope_down,interrupted,7202,success,,True,True,,,0.6645320653915405,15.738714218139648,8.064516129032258e-05
Isaac,10000,slope_down,interrupted,7203,success,,True,True,,,0.6666094064712524,15.16516399383545,0.00016129032258064516
Isaac,10000,slope_down,interrupted,7204,success,,True,True,,,0.664411723613739,13.625502586364746,0.00016129032258064516
Isaac,10000,slope_down,interrupted,7205,success,,True,True,,,0.6683589816093445,14.909995079040527,0.0
Isaac,10000,slope_down,interrupted,7206,success,,True,True,,,0.6672449111938477,15.729762077331543,0.0003225806451612903
Isaac,10000,slope_down,interrupted,7207,success,,True,True,,,0.6646888256072998,15.089990615844727,0.00016129032258064516
Isaac,10000,slope_down,interrupted,7208,success,,True,True,,,0.6676340103149414,15.314114570617676,0.00016129032258064516
Isaac,10000,slope_down,interrupted,7209,success,,True,True,,,0.6633495092391968,14.953375816345215,0.00016129032258064516
Isaac,10000,slope_down,interrupted,7210,success,,True,True,,,0.6653537750244141,14.433267593383789,0.00016129032258064516
Isaac,10000,slope_down,interrupted,7211,success,,True,True,,,0.6656532883644104,12.831826210021973,0.00016129032258064516
Isaac,10000,slope_down,interrupted,7212,success,,True,True,,,0.6610249280929565,15.295644760131836,0.00016129032258064516
Isaac,10000,slope_down,interrupted,7213,success,,True,True,,,0.669806182384491,14.947550773620605,8.064516129032258e-05
Isaac,10000,slope_down,interrupted,7214,success,,True,True,,,0.6666044592857361,14.895262718200684,0.0
Isaac,10000,slope_down,interrupted,7215,success,,True,True,,,0.6660225987434387,13.052800178527832,8.064516129032258e-05
Isaac,10000,slope_down,interrupted,7216,success,,True,True,,,0.665928304195404,15.308955192565918,8.064516129032258e-05
Isaac,15000,slope_down,forward_0.30,7201,success,,True,True,,,0.5703651905059814,8.718399047851562,0.0
Isaac,15000,slope_down,forward_0.30,7202,success,,True,True,,,0.5710828304290771,7.953021049499512,0.0
Isaac,15000,slope_down,forward_0.30,7203,success,,True,True,,,0.5806729793548584,8.763754844665527,0.0
Isaac,15000,slope_down,forward_0.30,7204,success,,True,True,,,0.5786148309707642,7.842170238494873,0.0
Isaac,15000,slope_down,forward_0.30,7205,success,,True,True,,,0.5732945203781128,9.422043800354004,0.00022222222222222223
Isaac,15000,slope_down,forward_0.30,7206,success,,True,True,,,0.5758136510848999,8.950754165649414,0.00022222222222222223
Isaac,15000,slope_down,forward_0.30,7207,success,,True,True,,,0.576449453830719,8.077359199523926,0.00011111111111111112
Isaac,15000,slope_down,forward_0.30,7208,success,,True,True,,,0.5723527669906616,9.248787879943848,0.0
Isaac,15000,slope_down,forward_0.30,7209,success,,True,True,,,0.5785430073738098,9.61309814453125,0.00011111111111111112
Isaac,15000,slope_down,forward_0.30,7210,success,,True,True,,,0.576174259185791,8.261041641235352,0.0
Isaac,15000,slope_down,forward_0.30,7211,success,,True,True,,,0.5660877227783203,9.956328392028809,0.0
Isaac,15000,slope_down,forward_0.30,7212,success,,True,True,,,0.5817002654075623,8.551095962524414,0.0
Isaac,15000,slope_down,forward_0.30,7213,success,,True,True,,,0.5789215564727783,9.08642578125,0.0
Isaac,15000,slope_down,forward_0.30,7214,success,,True,True,,,0.5714550018310547,8.979011535644531,0.0
Isaac,15000,slope_down,forward_0.30,7215,success,,True,True,,,0.5727260112762451,9.509726524353027,0.00011111111111111112
Isaac,15000,slope_down,forward_0.30,7216,success,,True,True,,,0.5793440341949463,8.188465118408203,0.00011111111111111112
Isaac,15000,slope_down,forward_0.70,7201,success,,True,True,,,0.6487030982971191,20.582304000854492,0.001
Isaac,15000,slope_down,forward_0.70,7202,success,,True,True,,,0.6460465788841248,13.782934188842773,0.0008888888888888889
Isaac,15000,slope_down,forward_0.70,7203,success,,True,True,,,0.6402744054794312,19.490528106689453,0.0008888888888888889
Isaac,15000,slope_down,forward_0.70,7204,success,,True,True,,,0.6489586234092712,16.968568801879883,0.0011111111111111111
Isaac,15000,slope_down,forward_0.70,7205,success,,True,True,,,0.6530179381370544,17.664188385009766,0.0007777777777777777
Isaac,15000,slope_down,forward_0.70,7206,success,,True,True,,,0.6448323726654053,24.37755012512207,0.0011111111111111111
Isaac,15000,slope_down,forward_0.70,7207,success,,True,True,,,0.6516839265823364,20.277267456054688,0.001
Isaac,15000,slope_down,forward_0.70,7208,success,,True,True,,,0.6408029794692993,18.697839736938477,0.00044444444444444447
Isaac,15000,slope_down,forward_0.70,7209,success,,True,True,,,0.646268367767334,16.808048248291016,0.0005555555555555556
Isaac,15000,slope_down,forward_0.70,7210,success,,True,True,,,0.6492208242416382,16.8973331451416,0.0005555555555555556
Isaac,15000,slope_down,forward_0.70,7211,success,,True,True,,,0.6476826667785645,18.10873794555664,0.0006666666666666666
Isaac,15000,slope_down,forward_0.70,7212,success,,True,True,,,0.6482381224632263,16.673648834228516,0.0005555555555555556
Isaac,15000,slope_down,forward_0.70,7213,success,,True,True,,,0.6479284167289734,16.78496742248535,0.0008888888888888889
Isaac,15000,slope_down,forward_0.70,7214,success,,True,True,,,0.6486636996269226,20.234394073486328,0.0008888888888888889
Isaac,15000,slope_down,forward_0.70,7215,success,,True,True,,,0.6507172584533691,18.383522033691406,0.001888888888888889
Isaac,15000,slope_down,forward_0.70,7216,success,,True,True,,,0.647423267364502,15.713754653930664,0.00044444444444444447
Isaac,15000,slope_down,interrupted,7201,success,,True,True,,,0.6043812036514282,13.8563814163208,0.0004838709677419355
Isaac,15000,slope_down,interrupted,7202,success,,True,True,,,0.6068063974380493,15.45562744140625,0.0004032258064516129
Isaac,15000,slope_down,interrupted,7203,success,,True,True,,,0.6056027412414551,14.037799835205078,0.0005645161290322581
Isaac,15000,slope_down,interrupted,7204,success,,True,True,,,0.6045306921005249,12.620718002319336,0.00024193548387096774
Isaac,15000,slope_down,interrupted,7205,success,,True,True,,,0.6018272638320923,12.461514472961426,0.0003225806451612903
Isaac,15000,slope_down,interrupted,7206,success,,True,True,,,0.5988304615020752,14.473867416381836,0.0004838709677419355
Isaac,15000,slope_down,interrupted,7207,success,,True,True,,,0.6080709099769592,12.902006149291992,0.00024193548387096774
Isaac,15000,slope_down,interrupted,7208,success,,True,True,,,0.6110982894897461,13.55557632446289,0.0003225806451612903
Isaac,15000,slope_down,interrupted,7209,success,,True,True,,,0.6063790321350098,14.090498924255371,0.00016129032258064516
Isaac,15000,slope_down,interrupted,7210,success,,True,True,,,0.6048657298088074,14.237167358398438,0.0003225806451612903
Isaac,15000,slope_down,interrupted,7211,success,,True,True,,,0.6056842803955078,12.834657669067383,0.00024193548387096774
Isaac,15000,slope_down,interrupted,7212,success,,True,True,,,0.6065348982810974,18.94647979736328,0.0004032258064516129
Isaac,15000,slope_down,interrupted,7213,success,,True,True,,,0.6056253910064697,12.537179946899414,0.0003225806451612903
Isaac,15000,slope_down,interrupted,7214,success,,True,True,,,0.6044725775718689,15.829766273498535,0.0004032258064516129
Isaac,15000,slope_down,interrupted,7215,success,,True,True,,,0.6014702916145325,14.239635467529297,0.0004032258064516129
Isaac,15000,slope_down,interrupted,7216,success,,True,True,,,0.6106866002082825,12.260377883911133,0.0004032258064516129
Isaac,19999,slope_down,forward_0.30,7201,success,,True,True,,,0.641753077507019,9.581954002380371,0.00011111111111111112
Isaac,19999,slope_down,forward_0.30,7202,success,,True,True,,,0.6458818912506104,8.750788688659668,0.0
Isaac,19999,slope_down,forward_0.30,7203,success,,True,True,,,0.63816237449646,9.895905494689941,0.0
Isaac,19999,slope_down,forward_0.30,7204,success,,True,True,,,0.6449301242828369,9.217752456665039,0.0
Isaac,19999,slope_down,forward_0.30,7205,success,,True,True,,,0.6289589405059814,10.013565063476562,0.0
Isaac,19999,slope_down,forward_0.30,7206,success,,True,True,,,0.6620321869850159,9.765477180480957,0.0
Isaac,19999,slope_down,forward_0.30,7207,success,,True,True,,,0.6278286576271057,9.419641494750977,0.0
Isaac,19999,slope_down,forward_0.30,7208,success,,True,True,,,0.6467732191085815,9.536849021911621,0.0
Isaac,19999,slope_down,forward_0.30,7209,success,,True,True,,,0.6320523023605347,8.527539253234863,0.0
Isaac,19999,slope_down,forward_0.30,7210,success,,True,True,,,0.6598519086837769,9.938382148742676,0.0
Isaac,19999,slope_down,forward_0.30,7211,success,,True,True,,,0.6358227729797363,9.973272323608398,0.0
Isaac,19999,slope_down,forward_0.30,7212,success,,True,True,,,0.6414444446563721,10.173227310180664,0.0
Isaac,19999,slope_down,forward_0.30,7213,success,,True,True,,,0.6309682130813599,10.49171257019043,0.0
Isaac,19999,slope_down,forward_0.30,7214,success,,True,True,,,0.6566632390022278,10.874114990234375,0.0
Isaac,19999,slope_down,forward_0.30,7215,success,,True,True,,,0.6555012464523315,9.323576927185059,0.0
Isaac,19999,slope_down,forward_0.30,7216,success,,True,True,,,0.667378306388855,9.822671890258789,0.0
Isaac,19999,slope_down,forward_0.70,7201,success,,True,True,,,0.6555147767066956,20.69797134399414,0.0012222222222222222
Isaac,19999,slope_down,forward_0.70,7202,success,,True,True,,,0.6530884504318237,17.59294319152832,0.0013333333333333333
Isaac,19999,slope_down,forward_0.70,7203,success,,True,True,,,0.6508284211158752,17.702285766601562,0.0006666666666666666
Isaac,19999,slope_down,forward_0.70,7204,success,,True,True,,,0.6515988111495972,19.664588928222656,0.0011111111111111111
Isaac,19999,slope_down,forward_0.70,7205,success,,True,True,,,0.654787540435791,24.897384643554688,0.0015555555555555555
Isaac,19999,slope_down,forward_0.70,7206,success,,True,True,,,0.6544102430343628,19.990049362182617,0.0005555555555555556
Isaac,19999,slope_down,forward_0.70,7207,success,,True,True,,,0.650760293006897,22.64765167236328,0.001
Isaac,19999,slope_down,forward_0.70,7208,success,,True,True,,,0.6504145860671997,23.12114906311035,0.0012222222222222222
Isaac,19999,slope_down,forward_0.70,7209,success,,True,True,,,0.6522296667098999,20.409128189086914,0.0008888888888888889
Isaac,19999,slope_down,forward_0.70,7210,success,,True,True,,,0.6552789211273193,18.319074630737305,0.00044444444444444447
Isaac,19999,slope_down,forward_0.70,7211,success,,True,True,,,0.6500927805900574,17.63486099243164,0.0008888888888888889
Isaac,19999,slope_down,forward_0.70,7212,success,,True,True,,,0.6480844020843506,17.88889503479004,0.0006666666666666666
Isaac,19999,slope_down,forward_0.70,7213,success,,True,True,,,0.6484352946281433,25.368141174316406,0.0005555555555555556
Isaac,19999,slope_down,forward_0.70,7214,success,,True,True,,,0.6545091867446899,19.344926834106445,0.0007777777777777777
Isaac,19999,slope_down,forward_0.70,7215,success,,True,True,,,0.6579840779304504,23.547597885131836,0.0007777777777777777
Isaac,19999,slope_down,forward_0.70,7216,success,,True,True,,,0.6514585614204407,18.200599670410156,0.0006666666666666666
Isaac,19999,slope_down,interrupted,7201,success,,True,True,,,0.6384647488594055,14.095224380493164,0.00024193548387096774
Isaac,19999,slope_down,interrupted,7202,success,,True,True,,,0.642218828201294,12.866918563842773,8.064516129032258e-05
Isaac,19999,slope_down,interrupted,7203,success,,True,True,,,0.636839747428894,14.39482593536377,0.00016129032258064516
Isaac,19999,slope_down,interrupted,7204,success,,True,True,,,0.6411132216453552,11.868167877197266,8.064516129032258e-05
Isaac,19999,slope_down,interrupted,7205,success,,True,True,,,0.6420942544937134,11.381326675415039,0.0
Isaac,19999,slope_down,interrupted,7206,success,,True,True,,,0.6403594613075256,12.451273918151855,0.00016129032258064516
Isaac,19999,slope_down,interrupted,7207,success,,True,True,,,0.6421843767166138,11.51687240600586,0.00024193548387096774
Isaac,19999,slope_down,interrupted,7208,success,,True,True,,,0.6370030045509338,12.254837036132812,8.064516129032258e-05
Isaac,19999,slope_down,interrupted,7209,success,,True,True,,,0.6355912685394287,12.541906356811523,8.064516129032258e-05
Isaac,19999,slope_down,interrupted,7210,success,,True,True,,,0.641143798828125,13.209980010986328,0.0004032258064516129
Isaac,19999,slope_down,interrupted,7211,success,,True,True,,,0.6367682218551636,11.66480827331543,8.064516129032258e-05
Isaac,19999,slope_down,interrupted,7212,success,,True,True,,,0.6422645449638367,10.345422744750977,8.064516129032258e-05
Isaac,19999,slope_down,interrupted,7213,success,,True,True,,,0.6380151510238647,12.871706008911133,0.00016129032258064516
Isaac,19999,slope_down,interrupted,7214,success,,True,True,,,0.6345934867858887,12.210151672363281,8.064516129032258e-05
Isaac,19999,slope_down,interrupted,7215,success,,True,True,,,0.6394704580307007,13.176504135131836,0.00016129032258064516
Isaac,19999,slope_down,interrupted,7216,success,,True,True,,,0.6390130519866943,9.533092498779297,0.0
Isaac,10000,up_12x38,forward_0.30,7201,success,,True,True,,,0.45881161093711853,36.75792694091797,0.057777777777777775
Isaac,10000,up_12x38,forward_0.30,7202,success,,True,True,,,0.49691274762153625,37.56755065917969,0.06688888888888889
Isaac,10000,up_12x38,forward_0.30,7203,success,,True,True,,,0.4571629464626312,36.32900619506836,0.062
Isaac,10000,up_12x38,forward_0.30,7204,success,,True,True,,,0.47493991255760193,40.87806701660156,0.08466666666666667
Isaac,10000,up_12x38,forward_0.30,7205,success,,True,True,,,0.44859203696250916,35.830318450927734,0.09388888888888888
Isaac,10000,up_12x38,forward_0.30,7206,success,,True,True,,,0.4362986385822296,41.734371185302734,0.07155555555555555
Isaac,10000,up_12x38,forward_0.30,7207,success,,True,True,,,0.4092697203159332,37.783966064453125,0.05655555555555555
Isaac,10000,up_12x38,forward_0.30,7208,success,,True,True,,,0.42572155594825745,34.75114440917969,0.06633333333333333
Isaac,10000,up_12x38,forward_0.30,7209,success,,True,True,,,0.43898966908454895,35.6640625,0.06422222222222222
Isaac,10000,up_12x38,forward_0.30,7210,success,,True,True,,,0.4581104815006256,34.25868225097656,0.057888888888888886
Isaac,10000,up_12x38,forward_0.30,7211,success,,True,True,,,0.4618430435657501,33.17774963378906,0.06222222222222222
Isaac,10000,up_12x38,forward_0.30,7212,success,,True,True,,,0.43957337737083435,38.87194061279297,0.052222222222222225
Isaac,10000,up_12x38,forward_0.30,7213,command_transition_failure,command_transition_failure,True,True,,,0.42040595412254333,33.583492279052734,0.08644444444444445
Isaac,10000,up_12x38,forward_0.30,7214,success,,True,True,,,0.47522833943367004,32.76677322387695,0.061
Isaac,10000,up_12x38,forward_0.30,7215,success,,True,True,,,0.4524475038051605,37.75446701049805,0.06522222222222222
Isaac,10000,up_12x38,forward_0.30,7216,success,,True,True,,,0.45911356806755066,37.025794982910156,0.07822222222222222
Isaac,10000,up_12x38,forward_0.70,7201,success,,True,True,,,0.4051390588283539,36.946754455566406,0.03811111111111111
Isaac,10000,up_12x38,forward_0.70,7202,success,,True,True,,,0.41047319769859314,38.56666564941406,0.038
Isaac,10000,up_12x38,forward_0.70,7203,command_transition_failure,command_transition_failure,True,True,,,0.01949864625930786,38.4911994934082,0.03888888888888889
Isaac,10000,up_12x38,forward_0.70,7204,command_transition_failure,command_transition_failure,True,True,,,0.38470515608787537,38.51276397705078,0.04566666666666667
Isaac,10000,up_12x38,forward_0.70,7205,success,,True,True,,,0.23230382800102234,37.94087600708008,0.03822222222222222
Isaac,10000,up_12x38,forward_0.70,7206,success,,True,True,,,0.23523196578025818,36.62059020996094,0.032
Isaac,10000,up_12x38,forward_0.70,7207,success,,True,True,,,0.3728742301464081,38.18562316894531,0.035333333333333335
Isaac,10000,up_12x38,forward_0.70,7208,success,,True,True,,,0.41463223099708557,36.778587341308594,0.034
Isaac,10000,up_12x38,forward_0.70,7209,success,,True,True,,,0.3989223539829254,38.17914962768555,0.03866666666666667
Isaac,10000,up_12x38,forward_0.70,7210,success,,True,True,,,0.3892275393009186,38.180721282958984,0.03755555555555556
Isaac,10000,up_12x38,forward_0.70,7211,success,,True,True,,,0.34116360545158386,37.944610595703125,0.035333333333333335
Isaac,10000,up_12x38,forward_0.70,7212,command_transition_failure,command_transition_failure,True,True,,,0.3644546568393707,40.17036819458008,0.03944444444444444
Isaac,10000,up_12x38,forward_0.70,7213,success,,True,True,,,0.22609129548072815,37.04026412963867,0.03666666666666667
Isaac,10000,up_12x38,forward_0.70,7214,command_transition_failure,command_transition_failure,True,True,,,0.2857259213924408,39.3017463684082,0.049555555555555554
Isaac,10000,up_12x38,forward_0.70,7215,success,,True,True,,,0.3584531843662262,43.1843376159668,0.033777777777777775
Isaac,10000,up_12x38,forward_0.70,7216,success,,True,True,,,0.40736207365989685,40.99585723876953,0.03722222222222222
Isaac,10000,up_12x38,interrupted,7201,success,,True,True,,,0.4497939646244049,34.809566497802734,0.03217741935483871
Isaac,10000,up_12x38,interrupted,7202,success,,True,True,,,0.39691296219825745,35.37705993652344,0.03346774193548387
Isaac,10000,up_12x38,interrupted,7203,success,,True,True,,,0.437574177980423,36.87462615966797,0.03064516129032258
Isaac,10000,up_12x38,interrupted,7204,success,,True,True,,,0.38587120175361633,35.81575012207031,0.03185483870967742
Isaac,10000,up_12x38,interrupted,7205,success,,True,True,,,0.35183611512184143,35.98052215576172,0.027580645161290322
Isaac,10000,up_12x38,interrupted,7206,success,,True,True,,,0.3666273057460785,35.66145324707031,0.03967741935483871
Isaac,10000,up_12x38,interrupted,7207,success,,True,True,,,0.4027080833911896,35.40190887451172,0.03338709677419355
Isaac,10000,up_12x38,interrupted,7208,success,,True,True,,,0.3830167353153229,35.39139938354492,0.0325
Isaac,10000,up_12x38,interrupted,7209,success,,True,True,,,0.40895959734916687,35.3172607421875,0.031048387096774193
Isaac,10000,up_12x38,interrupted,7210,success,,True,True,,,0.43176737427711487,34.99033737182617,0.03459677419354839
Isaac,10000,up_12x38,interrupted,7211,success,,True,True,,,0.3783704936504364,35.36509704589844,0.03008064516129032
Isaac,10000,up_12x38,interrupted,7212,success,,True,True,,,0.3765658438205719,35.50031280517578,0.03129032258064516
Isaac,10000,up_12x38,interrupted,7213,success,,True,True,,,0.4088731110095978,34.8209114074707,0.03717741935483871
Isaac,10000,up_12x38,interrupted,7214,success,,True,True,,,0.389649897813797,35.46159362792969,0.03782258064516129
Isaac,10000,up_12x38,interrupted,7215,success,,True,True,,,0.2226426899433136,39.79821014404297,0.03129032258064516
Isaac,10000,up_12x38,interrupted,7216,success,,True,True,,,0.4172761142253876,35.664817810058594,0.02943548387096774
Isaac,15000,up_12x38,forward_0.30,7201,tracking_failure,command_transition_failure|terrain_stall|tracking_failure,True,False,,,0.6673765778541565,37.294532775878906,0.5793333333333334
Isaac,15000,up_12x38,forward_0.30,7202,tracking_failure,command_transition_failure|terrain_stall|tracking_failure,True,False,,,0.667271614074707,35.7508430480957,0.5468888888888889
Isaac,15000,up_12x38,forward_0.30,7203,tracking_failure,command_transition_failure|terrain_stall|tracking_failure,True,False,,,0.5953216552734375,34.88623809814453,0.3055555555555556
Isaac,15000,up_12x38,forward_0.30,7204,tracking_failure,command_transition_failure|terrain_stall|tracking_failure,True,False,,,0.6543723344802856,36.03377151489258,0.6464444444444445
Isaac,15000,up_12x38,forward_0.30,7205,tracking_failure,command_transition_failure|terrain_stall|tracking_failure,True,False,,,0.6028213500976562,35.68699645996094,0.3953333333333333
Isaac,15000,up_12x38,forward_0.30,7206,tracking_failure,command_transition_failure|tracking_failure,True,True,,,0.5522210597991943,36.78526306152344,0.2541111111111111
Isaac,15000,up_12x38,forward_0.30,7207,tracking_failure,command_transition_failure|terrain_stall|tracking_failure,True,False,,,0.6319042444229126,39.29457092285156,0.4816666666666667
Isaac,15000,up_12x38,forward_0.30,7208,tracking_failure,command_transition_failure|tracking_failure,True,True,,,0.5231666564941406,37.12875747680664,0.21122222222222223
Isaac,15000,up_12x38,forward_0.30,7209,tracking_failure,command_transition_failure|terrain_stall|tracking_failure,True,False,,,0.6110520362854004,37.295257568359375,0.5766666666666667
Isaac,15000,up_12x38,forward_0.30,7210,tracking_failure,command_transition_failure|terrain_stall|tracking_failure,True,False,,,0.5656076669692993,44.35284423828125,0.42477777777777775
Isaac,15000,up_12x38,forward_0.30,7211,tracking_failure,command_transition_failure|standstill_failure|terrain_stall|tracking_failure,True,False,,,0.6282559037208557,40.36054229736328,0.46944444444444444
Isaac,15000,up_12x38,forward_0.30,7212,tracking_failure,command_transition_failure|terrain_stall|tracking_failure,True,False,,,0.6151686906814575,40.227996826171875,0.3798888888888889
Isaac,15000,up_12x38,forward_0.30,7213,tracking_failure,command_transition_failure|terrain_stall|tracking_failure,True,False,,,0.6478478908538818,40.81116485595703,0.447
Isaac,15000,up_12x38,forward_0.30,7214,tracking_failure,command_transition_failure|terrain_stall|tracking_failure,True,False,,,0.6459965109825134,40.582313537597656,0.43522222222222223
Isaac,15000,up_12x38,forward_0.30,7215,tracking_failure,command_transition_failure|terrain_stall|tracking_failure,True,False,,,0.6595333814620972,38.87617492675781,0.6564444444444445
Isaac,15000,up_12x38,forward_0.30,7216,tracking_failure,command_transition_failure|terrain_stall|tracking_failure,True,False,,,0.6268247365951538,38.9417724609375,0.4268888888888889
Isaac,15000,up_12x38,forward_0.70,7201,command_transition_failure,command_transition_failure,True,True,,,0.45005181431770325,40.99062728881836,0.07355555555555555
Isaac,15000,up_12x38,forward_0.70,7202,command_transition_failure,command_transition_failure,True,True,,,0.5523247718811035,36.16405487060547,0.06855555555555555
Isaac,15000,up_12x38,forward_0.70,7203,success,,True,True,,,0.4988919794559479,38.612030029296875,0.050444444444444445
Isaac,15000,up_12x38,forward_0.70,7204,command_transition_failure,command_transition_failure,True,True,,,0.42578577995300293,43.151817321777344,0.07033333333333333
Isaac,15000,up_12x38,forward_0.70,7205,success,,True,True,,,0.5362856388092041,38.938533782958984,0.07477777777777778
Isaac,15000,up_12x38,forward_0.70,7206,success,,True,True,,,0.4884379804134369,39.50593566894531,0.06888888888888889
Isaac,15000,up_12x38,forward_0.70,7207,command_transition_failure,command_transition_failure,True,True,,,0.48313936591148376,38.717105865478516,0.06566666666666666
Isaac,15000,up_12x38,forward_0.70,7208,command_transition_failure,command_transition_failure,True,True,,,0.3641684055328369,42.09475326538086,0.06644444444444444
Isaac,15000,up_12x38,forward_0.70,7209,command_transition_failure,command_transition_failure,True,True,,,0.4666111469268799,40.862979888916016,0.07733333333333334
Isaac,15000,up_12x38,forward_0.70,7210,command_transition_failure,command_transition_failure,True,True,,,0.5362484455108643,36.32529830932617,0.06144444444444445
Isaac,15000,up_12x38,forward_0.70,7211,success,,True,True,,,0.5259898900985718,37.87755584716797,0.06577777777777778
Isaac,15000,up_12x38,forward_0.70,7212,success,,True,True,,,0.5291999578475952,35.95102310180664,0.06866666666666667
Isaac,15000,up_12x38,forward_0.70,7213,command_transition_failure,command_transition_failure,True,True,,,0.5471513271331787,41.895477294921875,0.07477777777777778
Isaac,15000,up_12x38,forward_0.70,7214,success,,True,True,,,0.5103628635406494,39.47678756713867,0.067
Isaac,15000,up_12x38,forward_0.70,7215,command_transition_failure,command_transition_failure,True,True,,,0.38970947265625,42.12049865722656,0.06422222222222222
Isaac,15000,up_12x38,forward_0.70,7216,command_transition_failure,command_transition_failure,True,True,,,0.47900131344795227,40.518802642822266,0.05811111111111111
Isaac,15000,up_12x38,interrupted,7201,success,,True,True,,,0.48926034569740295,37.092559814453125,0.06790322580645161
Isaac,15000,up_12x38,interrupted,7202,success,,True,True,,,0.4628938138484955,36.98160934448242,0.06475806451612903
Isaac,15000,up_12x38,interrupted,7203,success,,True,True,,,0.5064296722412109,36.63678741455078,0.06991935483870967
Isaac,15000,up_12x38,interrupted,7204,success,,True,True,,,0.49220314621925354,36.773887634277344,0.062338709677419356
Isaac,15000,up_12x38,interrupted,7205,command_transition_failure,command_transition_failure,True,True,,,0.5098209381103516,36.755157470703125,0.08201612903225806
Isaac,15000,up_12x38,interrupted,7206,success,,True,True,,,0.5002186298370361,36.69377517700195,0.06790322580645161
Isaac,15000,up_12x38,interrupted,7207,success,,True,True,,,0.46985772252082825,36.157894134521484,0.0625
Isaac,15000,up_12x38,interrupted,7208,command_transition_failure,command_transition_failure,True,True,,,0.4893231689929962,36.32000732421875,0.06782258064516129
Isaac,15000,up_12x38,interrupted,7209,success,,True,True,,,0.520656943321228,37.77703857421875,0.07088709677419355
Isaac,15000,up_12x38,interrupted,7210,command_transition_failure,command_transition_failure,True,True,,,0.531090497970581,36.751808166503906,0.0660483870967742
Isaac,15000,up_12x38,interrupted,7211,command_transition_failure,command_transition_failure,True,True,,,0.5209214687347412,36.352359771728516,0.0682258064516129
Isaac,15000,up_12x38,interrupted,7212,command_transition_failure,command_transition_failure,True,True,,,0.5294063091278076,36.7982177734375,0.08137096774193549
Isaac,15000,up_12x38,interrupted,7213,success,,True,True,,,0.48377713561058044,36.54124069213867,0.06709677419354838
Isaac,15000,up_12x38,interrupted,7214,command_transition_failure,command_transition_failure,True,True,,,0.5110769271850586,36.55384063720703,0.08362903225806452
Isaac,15000,up_12x38,interrupted,7215,success,,True,True,,,0.5220593214035034,36.82876968383789,0.0575
Isaac,15000,up_12x38,interrupted,7216,command_transition_failure,command_transition_failure,True,True,,,0.5379629135131836,48.03850173950195,0.07491935483870968
Isaac,19999,up_12x38,forward_0.30,7201,success,,True,True,,,0.33433374762535095,36.18693923950195,0.11811111111111111
Isaac,19999,up_12x38,forward_0.30,7202,success,,True,True,,,0.42699190974235535,45.85853576660156,0.115
Isaac,19999,up_12x38,forward_0.30,7203,command_transition_failure,command_transition_failure,True,True,,,0.32930776476860046,38.81706237792969,0.13233333333333333
Isaac,19999,up_12x38,forward_0.30,7204,success,,True,True,,,0.35530027747154236,35.55253982543945,0.09588888888888888
Isaac,19999,up_12x38,forward_0.30,7205,command_transition_failure,command_transition_failure,True,True,,,0.30440381169319153,36.3245964050293,0.14344444444444446
Isaac,19999,up_12x38,forward_0.30,7206,success,,True,True,,,0.28012052178382874,39.57684326171875,0.12088888888888889
Isaac,19999,up_12x38,forward_0.30,7207,success,,True,True,,,0.4058031737804413,35.109825134277344,0.1
Isaac,19999,up_12x38,forward_0.30,7208,success,,True,True,,,0.24580791592597961,35.622615814208984,0.11711111111111111
Isaac,19999,up_12x38,forward_0.30,7209,success,,True,True,,,0.35394909977912903,44.29863739013672,0.07988888888888888
Isaac,19999,up_12x38,forward_0.30,7210,success,,True,True,,,0.3516155183315277,35.35948944091797,0.11855555555555555
Isaac,19999,up_12x38,forward_0.30,7211,success,,True,True,,,0.31547173857688904,36.661800384521484,0.139
Isaac,19999,up_12x38,forward_0.30,7212,success,,True,True,,,0.3209737241268158,38.43785858154297,0.13455555555555557
Isaac,19999,up_12x38,forward_0.30,7213,success,,True,True,,,0.4186793267726898,36.99939727783203,0.13011111111111112
Isaac,19999,up_12x38,forward_0.30,7214,success,,True,True,,,0.2951357662677765,37.02199172973633,0.11933333333333333
Isaac,19999,up_12x38,forward_0.30,7215,success,,True,True,,,0.38287612795829773,35.61814880371094,0.10544444444444444
Isaac,19999,up_12x38,forward_0.30,7216,success,,True,True,,,0.2942917048931122,36.310997009277344,0.12633333333333333
Isaac,19999,up_12x38,forward_0.70,7201,success,,True,True,,,0.25804421305656433,40.340431213378906,0.043111111111111114
Isaac,19999,up_12x38,forward_0.70,7202,success,,True,True,,,0.3314380943775177,37.328208923339844,0.042777777777777776
Isaac,19999,up_12x38,forward_0.70,7203,success,,True,True,,,0.24088218808174133,39.152915954589844,0.044444444444444446
Isaac,19999,up_12x38,forward_0.70,7204,success,,True,True,,,0.2912158668041229,40.53410339355469,0.04766666666666667
Isaac,19999,up_12x38,forward_0.70,7205,success,,True,True,,,0.26655837893486023,37.37644577026367,0.038
Isaac,19999,up_12x38,forward_0.70,7206,success,,True,True,,,0.2255285084247589,39.30377197265625,0.04655555555555556
Isaac,19999,up_12x38,forward_0.70,7207,success,,True,True,,,0.30572786927223206,38.96479797363281,0.039
Isaac,19999,up_12x38,forward_0.70,7208,success,,True,True,,,0.20768478512763977,37.711334228515625,0.042666666666666665
Isaac,19999,up_12x38,forward_0.70,7209,success,,True,True,,,0.37188515067100525,37.11939239501953,0.03944444444444444
Isaac,19999,up_12x38,forward_0.70,7210,success,,True,True,,,0.3370377719402313,39.26227569580078,0.03911111111111111
Isaac,19999,up_12x38,forward_0.70,7211,success,,True,True,,,0.3685056269168854,38.26030731201172,0.04455555555555556
Isaac,19999,up_12x38,forward_0.70,7212,success,,True,True,,,0.3246211111545563,40.22761154174805,0.043
Isaac,19999,up_12x38,forward_0.70,7213,success,,True,True,,,0.399579793214798,39.640106201171875,0.042555555555555555
Isaac,19999,up_12x38,forward_0.70,7214,success,,True,True,,,0.29493919014930725,39.350093841552734,0.04388888888888889
Isaac,19999,up_12x38,forward_0.70,7215,success,,True,True,,,0.26928094029426575,39.65907669067383,0.04766666666666667
Isaac,19999,up_12x38,forward_0.70,7216,success,,True,True,,,0.35456129908561707,37.15057373046875,0.043444444444444445
Isaac,19999,up_12x38,interrupted,7201,success,,True,True,,,0.41342833638191223,34.92325973510742,0.07467741935483871
Isaac,19999,up_12x38,interrupted,7202,success,,True,True,,,0.3018425405025482,36.11252212524414,0.047661290322580645
Isaac,19999,up_12x38,interrupted,7203,success,,True,True,,,0.39944425225257874,35.3973388671875,0.044032258064516126
Isaac,19999,up_12x38,interrupted,7204,success,,True,True,,,0.33990082144737244,39.104835510253906,0.05137096774193548
Isaac,19999,up_12x38,interrupted,7205,success,,True,True,,,0.3434540331363678,36.443145751953125,0.04129032258064516
Isaac,19999,up_12x38,interrupted,7206,success,,True,True,,,0.3877587616443634,36.15300750732422,0.04225806451612903
Isaac,19999,up_12x38,interrupted,7207,success,,True,True,,,0.3980121314525604,36.02291488647461,0.04524193548387097
Isaac,19999,up_12x38,interrupted,7208,success,,True,True,,,0.4297054708003998,36.070472717285156,0.04419354838709678
Isaac,19999,up_12x38,interrupted,7209,success,,True,True,,,0.4436552822589874,42.79286193847656,0.08379032258064516
Isaac,19999,up_12x38,interrupted,7210,success,,True,True,,,0.42191794514656067,35.95386505126953,0.04209677419354839
Isaac,19999,up_12x38,interrupted,7211,success,,True,True,,,0.33518484234809875,36.755279541015625,0.15233870967741936
Isaac,19999,up_12x38,interrupted,7212,success,,True,True,,,0.392252117395401,40.011016845703125,0.05298387096774194
Isaac,19999,up_12x38,interrupted,7213,success,,True,True,,,0.33189889788627625,37.33409881591797,0.047338709677419356
Isaac,19999,up_12x38,interrupted,7214,success,,True,True,,,0.14255818724632263,38.370391845703125,0.04282258064516129
Isaac,19999,up_12x38,interrupted,7215,success,,True,True,,,0.4514295160770416,35.8798713684082,0.04443548387096774
Isaac,19999,up_12x38,interrupted,7216,success,,True,True,,,0.2989334762096405,39.42041015625,0.06048387096774194
Isaac,10000,down_12x38,forward_0.30,7201,command_transition_failure,command_transition_failure,True,True,,,0.6041964292526245,31.183727264404297,0.08533333333333333
Isaac,10000,down_12x38,forward_0.30,7202,command_transition_failure,command_transition_failure,True,True,,,0.585241436958313,31.21059226989746,0.09744444444444444
Isaac,10000,down_12x38,forward_0.30,7203,command_transition_failure,command_transition_failure,True,True,,,0.5591720342636108,30.829931259155273,0.08522222222222223
Isaac,10000,down_12x38,forward_0.30,7204,command_transition_failure,command_transition_failure,True,True,,,0.5783052444458008,33.348106384277344,0.10255555555555555
Isaac,10000,down_12x38,forward_0.30,7205,command_transition_failure,command_transition_failure,True,True,,,0.5793358087539673,35.36256790161133,0.07266666666666667
Isaac,10000,down_12x38,forward_0.30,7206,tracking_failure,command_transition_failure|terrain_stall|tracking_failure,True,False,,,0.6317119598388672,31.392459869384766,0.24566666666666667
Isaac,10000,down_12x38,forward_0.30,7207,command_transition_failure,command_transition_failure,True,True,,,0.5586246252059937,30.73517608642578,0.10422222222222222
Isaac,10000,down_12x38,forward_0.30,7208,command_transition_failure,command_transition_failure,True,True,,,0.5986539125442505,32.851016998291016,0.07277777777777777
Isaac,10000,down_12x38,forward_0.30,7209,success,,True,True,,,0.639995813369751,29.66973876953125,0.03222222222222222
Isaac,10000,down_12x38,forward_0.30,7210,command_transition_failure,command_transition_failure,True,True,,,0.5642632246017456,31.463560104370117,0.0951111111111111
Isaac,10000,down_12x38,forward_0.30,7211,command_transition_failure,command_transition_failure,True,True,,,0.5486973524093628,31.993728637695312,0.0951111111111111
Isaac,10000,down_12x38,forward_0.30,7212,command_transition_failure,command_transition_failure,True,True,,,0.6163386106491089,32.40074157714844,0.09155555555555556
Isaac,10000,down_12x38,forward_0.30,7213,success,,True,True,,,0.6336404085159302,28.088603973388672,0.01577777777777778
Isaac,10000,down_12x38,forward_0.30,7214,success,,True,True,,,0.6259524822235107,26.798473358154297,0.015222222222222222
Isaac,10000,down_12x38,forward_0.30,7215,command_transition_failure,command_transition_failure,True,True,,,0.6009447574615479,33.63182067871094,0.057777777777777775
Isaac,10000,down_12x38,forward_0.30,7216,success,,True,True,,,0.6362618207931519,28.499710083007812,0.022555555555555554
Isaac,10000,down_12x38,forward_0.70,7201,success,,True,True,,,0.5974216461181641,22.712303161621094,0.0011111111111111111
Isaac,10000,down_12x38,forward_0.70,7202,success,,True,True,,,0.5996685028076172,23.500452041625977,0.0014444444444444444
Isaac,10000,down_12x38,forward_0.70,7203,success,,True,True,,,0.6187424659729004,23.287927627563477,0.0008888888888888889
Isaac,10000,down_12x38,forward_0.70,7204,success,,True,True,,,0.624099850654602,22.303756713867188,0.001888888888888889
Isaac,10000,down_12x38,forward_0.70,7205,success,,True,True,,,0.6349362134933472,21.238998413085938,0.0011111111111111111
Isaac,10000,down_12x38,forward_0.70,7206,success,,True,True,,,0.6241830587387085,19.734373092651367,0.0008888888888888889
Isaac,10000,down_12x38,forward_0.70,7207,success,,True,True,,,0.6223058700561523,23.74353790283203,0.0012222222222222222
Isaac,10000,down_12x38,forward_0.70,7208,success,,True,True,,,0.603819727897644,24.716535568237305,0.001
Isaac,10000,down_12x38,forward_0.70,7209,success,,True,True,,,0.5942788124084473,20.84952163696289,0.0011111111111111111
Isaac,10000,down_12x38,forward_0.70,7210,success,,True,True,,,0.6114102602005005,22.313650131225586,0.0011111111111111111
Isaac,10000,down_12x38,forward_0.70,7211,success,,True,True,,,0.574699878692627,20.984066009521484,0.0008888888888888889
Isaac,10000,down_12x38,forward_0.70,7212,success,,True,True,,,0.6044163703918457,24.07632827758789,0.0013333333333333333
Isaac,10000,down_12x38,forward_0.70,7213,success,,True,True,,,0.5856412649154663,22.882503509521484,0.001888888888888889
Isaac,10000,down_12x38,forward_0.70,7214,success,,True,True,,,0.5803815126419067,25.750661849975586,0.001
Isaac,10000,down_12x38,forward_0.70,7215,success,,True,True,,,0.6162267923355103,21.374738693237305,0.0012222222222222222
Isaac,10000,down_12x38,forward_0.70,7216,success,,True,True,,,0.589623212814331,20.68575668334961,0.001
Isaac,10000,down_12x38,interrupted,7201,success,,True,True,,,0.6058967113494873,30.00156593322754,0.01782258064516129
Isaac,10000,down_12x38,interrupted,7202,success,,True,True,,,0.6029343605041504,31.587059020996094,0.017903225806451612
Isaac,10000,down_12x38,interrupted,7203,success,,True,True,,,0.5873475074768066,30.135799407958984,0.017338709677419354
Isaac,10000,down_12x38,interrupted,7204,success,,True,True,,,0.6066710948944092,31.150667190551758,0.017016129032258066
Isaac,10000,down_12x38,interrupted,7205,success,,True,True,,,0.5980499982833862,33.28300094604492,0.015725806451612902
Isaac,10000,down_12x38,interrupted,7206,success,,True,True,,,0.5989798307418823,30.76616859436035,0.016048387096774194
Isaac,10000,down_12x38,interrupted,7207,success,,True,True,,,0.6256024837493896,29.77669334411621,0.018387096774193548
Isaac,10000,down_12x38,interrupted,7208,success,,True,True,,,0.6059887409210205,34.00823211669922,0.014919354838709677
Isaac,10000,down_12x38,interrupted,7209,success,,True,True,,,0.577662467956543,29.40774917602539,0.016129032258064516
Isaac,10000,down_12x38,interrupted,7210,success,,True,True,,,0.6239038705825806,29.46953010559082,0.016370967741935485
Isaac,10000,down_12x38,interrupted,7211,success,,True,True,,,0.6182692050933838,27.9543399810791,0.015161290322580645
Isaac,10000,down_12x38,interrupted,7212,success,,True,True,,,0.6273384690284729,30.274959564208984,0.018225806451612904
Isaac,10000,down_12x38,interrupted,7213,success,,True,True,,,0.6024850606918335,33.08877182006836,0.0175
Isaac,10000,down_12x38,interrupted,7214,success,,True,True,,,0.6243780255317688,32.039573669433594,0.01564516129032258
Isaac,10000,down_12x38,interrupted,7215,success,,True,True,,,0.6163846254348755,31.922649383544922,0.015241935483870967
Isaac,10000,down_12x38,interrupted,7216,success,,True,True,,,0.6079785823822021,31.384201049804688,0.017016129032258066
Isaac,15000,down_12x38,forward_0.30,7201,success,,True,True,,,0.6208711862564087,24.489158630371094,0.004222222222222222
Isaac,15000,down_12x38,forward_0.30,7202,success,,True,True,,,0.6217895150184631,23.15005111694336,0.005
Isaac,15000,down_12x38,forward_0.30,7203,success,,True,True,,,0.6032223701477051,25.14594268798828,0.0023333333333333335
Isaac,15000,down_12x38,forward_0.30,7204,success,,True,True,,,0.6206744313240051,23.18503189086914,0.0026666666666666666
Isaac,15000,down_12x38,forward_0.30,7205,success,,True,True,,,0.6062519550323486,16.26521873474121,0.0023333333333333335
Isaac,15000,down_12x38,forward_0.30,7206,success,,True,True,,,0.615955114364624,19.71131706237793,0.001888888888888889
Isaac,15000,down_12x38,forward_0.30,7207,success,,True,True,,,0.6165486574172974,23.133909225463867,0.0033333333333333335
Isaac,15000,down_12x38,forward_0.30,7208,success,,True,True,,,0.5771231651306152,20.441059112548828,0.002
Isaac,15000,down_12x38,forward_0.30,7209,success,,True,True,,,0.6203052401542664,28.417198181152344,0.005111111111111111
Isaac,15000,down_12x38,forward_0.30,7210,success,,True,True,,,0.6198201179504395,44.40693664550781,0.0016666666666666668
Isaac,15000,down_12x38,forward_0.30,7211,success,,True,True,,,0.6220281720161438,23.227745056152344,0.001888888888888889
Isaac,15000,down_12x38,forward_0.30,7212,success,,True,True,,,0.6118360757827759,21.719627380371094,0.0034444444444444444
Isaac,15000,down_12x38,forward_0.30,7213,success,,True,True,,,0.6167342066764832,23.802532196044922,0.004888888888888889
Isaac,15000,down_12x38,forward_0.30,7214,success,,True,True,,,0.6209579110145569,18.246471405029297,0.0013333333333333333
Isaac,15000,down_12x38,forward_0.30,7215,success,,True,True,,,0.6257333755493164,25.892723083496094,0.004333333333333333
Isaac,15000,down_12x38,forward_0.30,7216,success,,True,True,,,0.6179558038711548,27.2371826171875,0.0028888888888888888
Isaac,15000,down_12x38,forward_0.70,7201,success,,True,True,,,0.6706241369247437,18.39130973815918,0.0005555555555555556
Isaac,15000,down_12x38,forward_0.70,7202,success,,True,True,,,0.6581494808197021,18.09206771850586,0.0008888888888888889
Isaac,15000,down_12x38,forward_0.70,7203,success,,True,True,,,0.6734097003936768,19.32420539855957,0.0008888888888888889
Isaac,15000,down_12x38,forward_0.70,7204,success,,True,True,,,0.6762217283248901,15.47266674041748,0.0007777777777777777
Isaac,15000,down_12x38,forward_0.70,7205,success,,True,True,,,0.6603232622146606,16.155309677124023,0.0015555555555555555
Isaac,15000,down_12x38,forward_0.70,7206,success,,True,True,,,0.6279424428939819,18.30886459350586,0.001888888888888889
Isaac,15000,down_12x38,forward_0.70,7207,success,,True,True,,,0.6454085111618042,20.245492935180664,0.001
Isaac,15000,down_12x38,forward_0.70,7208,success,,True,True,,,0.6785866022109985,18.551734924316406,0.0006666666666666666
Isaac,15000,down_12x38,forward_0.70,7209,success,,True,True,,,0.6743650436401367,17.933473587036133,0.0016666666666666668
Isaac,15000,down_12x38,forward_0.70,7210,success,,True,True,,,0.6770462393760681,18.1697998046875,0.001
Isaac,15000,down_12x38,forward_0.70,7211,success,,True,True,,,0.6557568311691284,16.08563232421875,0.0005555555555555556
Isaac,15000,down_12x38,forward_0.70,7212,success,,True,True,,,0.6785924434661865,21.462604522705078,0.0013333333333333333
Isaac,15000,down_12x38,forward_0.70,7213,success,,True,True,,,0.6766128540039062,17.25644302368164,0.0007777777777777777
Isaac,15000,down_12x38,forward_0.70,7214,success,,True,True,,,0.6487905979156494,18.269184112548828,0.0014444444444444444
Isaac,15000,down_12x38,forward_0.70,7215,success,,True,True,,,0.6761963367462158,16.401927947998047,0.0013333333333333333
Isaac,15000,down_12x38,forward_0.70,7216,success,,True,True,,,0.673471212387085,20.451045989990234,0.0015555555555555555
Isaac,15000,down_12x38,interrupted,7201,success,,True,True,,,0.6460072994232178,14.927165031433105,0.0008064516129032258
Isaac,15000,down_12x38,interrupted,7202,success,,True,True,,,0.6449415683746338,17.15143585205078,0.0012903225806451613
Isaac,15000,down_12x38,interrupted,7203,success,,True,True,,,0.641026496887207,17.86086082458496,0.012338709677419355
Isaac,15000,down_12x38,interrupted,7204,success,,True,True,,,0.6442374587059021,17.4172306060791,0.0010483870967741935
Isaac,15000,down_12x38,interrupted,7205,standstill_failure,standstill_failure,True,True,,,0.6157848834991455,31.259708404541016,0.04137096774193549
Isaac,15000,down_12x38,interrupted,7206,success,,True,True,,,0.6484692692756653,15.733230590820312,0.0004838709677419355
Isaac,15000,down_12x38,interrupted,7207,success,,True,True,,,0.6197410821914673,19.474876403808594,0.0007258064516129033
Isaac,15000,down_12x38,interrupted,7208,success,,True,True,,,0.6431069374084473,19.34577178955078,0.0012096774193548388
Isaac,15000,down_12x38,interrupted,7209,success,,True,True,,,0.6461552977561951,16.37774658203125,0.0008870967741935484
Isaac,15000,down_12x38,interrupted,7210,success,,True,True,,,0.6454204320907593,19.373458862304688,0.000967741935483871
Isaac,15000,down_12x38,interrupted,7211,success,,True,True,,,0.6313893795013428,17.276508331298828,0.0011290322580645162
Isaac,15000,down_12x38,interrupted,7212,success,,True,True,,,0.6454207897186279,17.395919799804688,0.0008064516129032258
Isaac,15000,down_12x38,interrupted,7213,success,,True,True,,,0.6468383073806763,17.39789581298828,0.0008870967741935484
Isaac,15000,down_12x38,interrupted,7214,standstill_failure,standstill_failure,True,True,,,0.5644001960754395,36.43468475341797,0.037016129032258066
Isaac,15000,down_12x38,interrupted,7215,success,,True,True,,,0.6415227055549622,19.724720001220703,0.000967741935483871
Isaac,15000,down_12x38,interrupted,7216,success,,True,True,,,0.6408110857009888,16.64413833618164,0.0008870967741935484
Isaac,19999,down_12x38,forward_0.30,7201,success,,True,True,,,0.6550036668777466,25.787025451660156,0.0034444444444444444
Isaac,19999,down_12x38,forward_0.30,7202,success,,True,True,,,0.6637138724327087,21.5169677734375,0.0022222222222222222
Isaac,19999,down_12x38,forward_0.30,7203,success,,True,True,,,0.6635193824768066,22.49429702758789,0.004111111111111111
Isaac,19999,down_12x38,forward_0.30,7204,success,,True,True,,,0.6643064022064209,22.55756378173828,0.0028888888888888888
Isaac,19999,down_12x38,forward_0.30,7205,success,,True,True,,,0.6676503419876099,24.62069320678711,0.0038888888888888888
Isaac,19999,down_12x38,forward_0.30,7206,success,,True,True,,,0.6707295179367065,22.30804443359375,0.002777777777777778
Isaac,19999,down_12x38,forward_0.30,7207,success,,True,True,,,0.6227372884750366,23.825084686279297,0.004888888888888889
Isaac,19999,down_12x38,forward_0.30,7208,success,,True,True,,,0.6791901588439941,22.167423248291016,0.004333333333333333
Isaac,19999,down_12x38,forward_0.30,7209,success,,True,True,,,0.6553283929824829,24.352819442749023,0.004333333333333333
Isaac,19999,down_12x38,forward_0.30,7210,success,,True,True,,,0.6434414386749268,22.477645874023438,0.0026666666666666666
Isaac,19999,down_12x38,forward_0.30,7211,success,,True,True,,,0.6700133085250854,21.774578094482422,0.002777777777777778
Isaac,19999,down_12x38,forward_0.30,7212,success,,True,True,,,0.6207342147827148,23.096736907958984,0.0022222222222222222
Isaac,19999,down_12x38,forward_0.30,7213,success,,True,True,,,0.6687183380126953,22.644969940185547,0.0017777777777777779
Isaac,19999,down_12x38,forward_0.30,7214,success,,True,True,,,0.6595286726951599,23.728816986083984,0.0026666666666666666
Isaac,19999,down_12x38,forward_0.30,7215,success,,True,True,,,0.66597580909729,23.23476791381836,0.004333333333333333
Isaac,19999,down_12x38,forward_0.30,7216,success,,True,True,,,0.6794257164001465,24.06302261352539,0.005222222222222222
Isaac,19999,down_12x38,forward_0.70,7201,success,,True,True,,,0.668165922164917,24.656402587890625,0.0015555555555555555
Isaac,19999,down_12x38,forward_0.70,7202,success,,True,True,,,0.6766353249549866,21.9467716217041,0.0007777777777777777
Isaac,19999,down_12x38,forward_0.70,7203,success,,True,True,,,0.674818754196167,20.58218765258789,0.0014444444444444444
Isaac,19999,down_12x38,forward_0.70,7204,success,,True,True,,,0.6607369184494019,19.630739212036133,0.001
Isaac,19999,down_12x38,forward_0.70,7205,success,,True,True,,,0.6670608520507812,22.380722045898438,0.0011111111111111111
Isaac,19999,down_12x38,forward_0.70,7206,success,,True,True,,,0.6526994705200195,23.37981605529785,0.0008888888888888889
Isaac,19999,down_12x38,forward_0.70,7207,success,,True,True,,,0.6670196652412415,24.929353713989258,0.0006666666666666666
Isaac,19999,down_12x38,forward_0.70,7208,success,,True,True,,,0.6589158773422241,22.790428161621094,0.0013333333333333333
Isaac,19999,down_12x38,forward_0.70,7209,success,,True,True,,,0.6737629175186157,24.17462730407715,0.0011111111111111111
Isaac,19999,down_12x38,forward_0.70,7210,success,,True,True,,,0.6637095212936401,17.803504943847656,0.002111111111111111
Isaac,19999,down_12x38,forward_0.70,7211,success,,True,True,,,0.6571668386459351,19.7667179107666,0.001
Isaac,19999,down_12x38,forward_0.70,7212,success,,True,True,,,0.662658154964447,21.1253662109375,0.0014444444444444444
Isaac,19999,down_12x38,forward_0.70,7213,success,,True,True,,,0.6679897308349609,25.22333526611328,0.002
Isaac,19999,down_12x38,forward_0.70,7214,success,,True,True,,,0.6502481698989868,24.058074951171875,0.0013333333333333333
Isaac,19999,down_12x38,forward_0.70,7215,success,,True,True,,,0.6678518056869507,20.506629943847656,0.001
Isaac,19999,down_12x38,forward_0.70,7216,success,,True,True,,,0.6614364385604858,23.387094497680664,0.0007777777777777777
Isaac,19999,down_12x38,interrupted,7201,success,,True,True,,,0.6815637350082397,14.043502807617188,0.0016129032258064516
Isaac,19999,down_12x38,interrupted,7202,success,,True,True,,,0.6766501069068909,17.21114158630371,0.0006451612903225806
Isaac,19999,down_12x38,interrupted,7203,success,,True,True,,,0.6781904697418213,15.259246826171875,0.0011290322580645162
Isaac,19999,down_12x38,interrupted,7204,success,,True,True,,,0.6812506318092346,14.742254257202148,0.0010483870967741935
Isaac,19999,down_12x38,interrupted,7205,success,,True,True,,,0.6753868460655212,16.721105575561523,0.000967741935483871
Isaac,19999,down_12x38,interrupted,7206,success,,True,True,,,0.6789972186088562,15.916309356689453,0.0006451612903225806
Isaac,19999,down_12x38,interrupted,7207,success,,True,True,,,0.6472859382629395,18.4337158203125,0.0008064516129032258
Isaac,19999,down_12x38,interrupted,7208,success,,True,True,,,0.6834552884101868,16.88755989074707,0.0010483870967741935
Isaac,19999,down_12x38,interrupted,7209,success,,True,True,,,0.6761932969093323,17.972644805908203,0.0008870967741935484
Isaac,19999,down_12x38,interrupted,7210,success,,True,True,,,0.6844165325164795,19.823970794677734,0.0012903225806451613
Isaac,19999,down_12x38,interrupted,7211,success,,True,True,,,0.6820341944694519,14.674564361572266,0.0007258064516129033
Isaac,19999,down_12x38,interrupted,7212,success,,True,True,,,0.6830489635467529,15.70034408569336,0.0005645161290322581
Isaac,19999,down_12x38,interrupted,7213,success,,True,True,,,0.6736190319061279,21.483074188232422,0.0014516129032258066
Isaac,19999,down_12x38,interrupted,7214,success,,True,True,,,0.6818948984146118,17.346820831298828,0.0011290322580645162
Isaac,19999,down_12x38,interrupted,7215,success,,True,True,,,0.6771588325500488,23.23536491394043,0.000967741935483871
Isaac,19999,down_12x38,interrupted,7216,success,,True,True,,,0.6791760921478271,17.124523162841797,0.0008870967741935484
Isaac,10000,up_14x32,forward_0.30,7201,success,,True,True,,,0.3922100365161896,32.67116165161133,0.14722222222222223
Isaac,10000,up_14x32,forward_0.30,7202,tracking_failure,command_transition_failure|terrain_stall|tracking_failure,True,False,,,0.672105073928833,34.599769592285156,0.37166666666666665
Isaac,10000,up_14x32,forward_0.30,7203,tracking_failure,command_transition_failure|terrain_stall|tracking_failure,True,False,,,0.6794930100440979,36.24468231201172,0.35733333333333334
Isaac,10000,up_14x32,forward_0.30,7204,tracking_failure,command_transition_failure|terrain_stall|tracking_failure,True,False,,,0.6515992879867554,32.991371154785156,0.3933333333333333
Isaac,10000,up_14x32,forward_0.30,7205,tracking_failure,command_transition_failure|terrain_stall|tracking_failure,True,False,,,0.581976056098938,37.57393264770508,0.396
Isaac,10000,up_14x32,forward_0.30,7206,tracking_failure,command_transition_failure|terrain_stall|tracking_failure,True,False,,,0.6811288595199585,32.499610900878906,0.4042222222222222
Isaac,10000,up_14x32,forward_0.30,7207,tracking_failure,command_transition_failure|terrain_stall|tracking_failure,True,False,,,0.6996482610702515,35.97728729248047,0.3794444444444444
Isaac,10000,up_14x32,forward_0.30,7208,tracking_failure,command_transition_failure|terrain_stall|tracking_failure,True,False,,,0.42090263962745667,38.559322357177734,0.3705555555555556
Isaac,10000,up_14x32,forward_0.30,7209,tracking_failure,command_transition_failure|terrain_stall|tracking_failure,True,False,,,0.5596672296524048,34.41029357910156,0.402
Isaac,10000,up_14x32,forward_0.30,7210,tracking_failure,command_transition_failure|terrain_stall|tracking_failure,True,False,,,0.6702443361282349,37.66376876831055,0.36088888888888887
Isaac,10000,up_14x32,forward_0.30,7211,tracking_failure,command_transition_failure|tracking_failure,True,True,,,0.374178022146225,35.029075622558594,0.21422222222222223
Isaac,10000,up_14x32,forward_0.30,7212,tracking_failure,command_transition_failure|terrain_stall|tracking_failure,True,False,,,0.46604815125465393,38.44160842895508,0.40055555555555555
Isaac,10000,up_14x32,forward_0.30,7213,tracking_failure,command_transition_failure|terrain_stall|tracking_failure,True,False,,,0.6483091115951538,36.35566329956055,0.38322222222222224
Isaac,10000,up_14x32,forward_0.30,7214,tracking_failure,command_transition_failure|terrain_stall|tracking_failure,True,False,,,0.684901237487793,35.004600524902344,0.3611111111111111
Isaac,10000,up_14x32,forward_0.30,7215,tracking_failure,command_transition_failure|terrain_stall|tracking_failure,True,False,,,0.6686539649963379,34.74628448486328,0.37144444444444447
Isaac,10000,up_14x32,forward_0.30,7216,tracking_failure,command_transition_failure|terrain_stall|tracking_failure,True,False,,,0.6927660703659058,34.35485076904297,0.39155555555555555
Isaac,10000,up_14x32,forward_0.70,7201,command_transition_failure,command_transition_failure,True,True,,,0.0689946711063385,40.189823150634766,0.05444444444444444
Isaac,10000,up_14x32,forward_0.70,7202,success,,True,True,,,0.12408176064491272,41.02161407470703,0.04877777777777778
Isaac,10000,up_14x32,forward_0.70,7203,success,,True,True,,,0.19403544068336487,37.91581344604492,0.039
Isaac,10000,up_14x32,forward_0.70,7204,command_transition_failure,command_transition_failure,True,True,,,0.15657898783683777,40.68861770629883,0.04411111111111111
Isaac,10000,up_14x32,forward_0.70,7205,command_transition_failure,command_transition_failure,True,True,,,0.1396481692790985,40.387718200683594,0.05277777777777778
Isaac,10000,up_14x32,forward_0.70,7206,success,,True,True,,,0.09325680136680603,39.07443618774414,0.036333333333333336
Isaac,10000,up_14x32,forward_0.70,7207,command_transition_failure,command_transition_failure,True,True,,,0.12616363167762756,41.706539154052734,0.04666666666666667
Isaac,10000,up_14x32,forward_0.70,7208,success,,True,True,,,0.19460847973823547,40.17402648925781,0.050444444444444445
Isaac,10000,up_14x32,forward_0.70,7209,success,,True,True,,,0.244785338640213,40.021060943603516,0.04622222222222222
Isaac,10000,up_14x32,forward_0.70,7210,success,,True,True,,,0.3122043311595917,39.92240905761719,0.03755555555555556
Isaac,10000,up_14x32,forward_0.70,7211,success,,True,True,,,0.2653949558734894,40.373863220214844,0.04644444444444444
Isaac,10000,up_14x32,forward_0.70,7212,command_transition_failure,command_transition_failure,True,True,,,0.2053970992565155,40.718536376953125,0.049555555555555554
Isaac,10000,up_14x32,forward_0.70,7213,success,,True,True,,,0.18121770024299622,40.421165466308594,0.044
Isaac,10000,up_14x32,forward_0.70,7214,command_transition_failure,command_transition_failure,True,True,,,0.09815540909767151,38.26778793334961,0.03755555555555556
Isaac,10000,up_14x32,forward_0.70,7215,command_transition_failure,command_transition_failure,True,True,,,0.11700716614723206,40.54616165161133,0.05266666666666667
Isaac,10000,up_14x32,forward_0.70,7216,success,,True,True,,,0.1318052113056183,41.913330078125,0.04788888888888889
Isaac,10000,up_14x32,interrupted,7201,success,,True,True,,,0.3195168077945709,38.06782531738281,0.04096774193548387
Isaac,10000,up_14x32,interrupted,7202,command_transition_failure,command_transition_failure,True,True,,,0.28259751200675964,38.88907241821289,0.05185483870967742
Isaac,10000,up_14x32,interrupted,7203,success,,True,True,,,0.39397451281547546,38.937557220458984,0.047903225806451614
Isaac,10000,up_14x32,interrupted,7204,success,,True,True,,,0.32715603709220886,36.43743133544922,0.03620967741935484
Isaac,10000,up_14x32,interrupted,7205,success,,True,True,,,0.1748964488506317,37.985836029052734,0.04491935483870968
Isaac,10000,up_14x32,interrupted,7206,success,,True,True,,,0.3282429873943329,36.97652816772461,0.04782258064516129
Isaac,10000,up_14x32,interrupted,7207,success,,True,True,,,0.2697746455669403,35.942626953125,0.0382258064516129
Isaac,10000,up_14x32,interrupted,7208,success,,True,True,,,0.3679167926311493,36.16623306274414,0.039112903225806454
Isaac,10000,up_14x32,interrupted,7209,success,,True,True,,,0.026247650384902954,36.90949249267578,0.044032258064516126
Isaac,10000,up_14x32,interrupted,7210,success,,True,True,,,0.3658452332019806,41.64891052246094,0.03669354838709677
Isaac,10000,up_14x32,interrupted,7211,success,,True,True,,,0.3406955897808075,36.61384963989258,0.04548387096774194
Isaac,10000,up_14x32,interrupted,7212,success,,True,True,,,0.3336391746997833,42.839088439941406,0.04653225806451613
Isaac,10000,up_14x32,interrupted,7213,success,,True,True,,,0.4029655158519745,35.932987213134766,0.0392741935483871
Isaac,10000,up_14x32,interrupted,7214,success,,True,True,,,0.33110031485557556,39.031436920166016,0.05056451612903226
Isaac,10000,up_14x32,interrupted,7215,success,,True,True,,,0.19912293553352356,39.33385467529297,0.04314516129032258
Isaac,10000,up_14x32,interrupted,7216,success,,True,True,,,0.3998841345310211,36.74550247192383,0.045322580645161294
Isaac,15000,up_14x32,forward_0.30,7201,tracking_failure,command_transition_failure|terrain_stall|tracking_failure,True,False,,,0.6257357597351074,39.26377868652344,0.3507777777777778
Isaac,15000,up_14x32,forward_0.30,7202,tracking_failure,command_transition_failure|terrain_stall|tracking_failure,True,False,,,0.7097032070159912,35.37615203857422,0.742
Isaac,15000,up_14x32,forward_0.30,7203,tracking_failure,command_transition_failure|terrain_stall|tracking_failure,True,False,,,0.6120098829269409,43.30717468261719,0.36244444444444446
Isaac,15000,up_14x32,forward_0.30,7204,tracking_failure,command_transition_failure|terrain_stall|tracking_failure,True,False,,,0.6292086839675903,38.8922004699707,0.4048888888888889
Isaac,15000,up_14x32,forward_0.30,7205,tracking_failure,command_transition_failure|terrain_stall|tracking_failure,True,False,,,0.6341134309768677,36.911190032958984,0.40755555555555556
Isaac,15000,up_14x32,forward_0.30,7206,tracking_failure,command_transition_failure|terrain_stall|tracking_failure,True,False,,,0.638074517250061,44.76921844482422,0.3758888888888889
Isaac,15000,up_14x32,forward_0.30,7207,tracking_failure,command_transition_failure|terrain_stall|tracking_failure,True,False,,,0.6269018054008484,37.35572052001953,0.3982222222222222
Isaac,15000,up_14x32,forward_0.30,7208,tracking_failure,command_transition_failure|terrain_stall|tracking_failure,True,False,,,0.6315203905105591,36.437469482421875,0.268
Isaac,15000,up_14x32,forward_0.30,7209,tracking_failure,command_transition_failure|terrain_stall|tracking_failure,True,False,,,0.6101481914520264,40.00284194946289,0.37477777777777777
Isaac,15000,up_14x32,forward_0.30,7210,tracking_failure,command_transition_failure|terrain_stall|tracking_failure,True,False,,,0.6363674402236938,46.36357879638672,0.4657777777777778
Isaac,15000,up_14x32,forward_0.30,7211,tracking_failure,command_transition_failure|terrain_stall|tracking_failure,True,False,,,0.643883466720581,39.3892936706543,0.40055555555555555
Isaac,15000,up_14x32,forward_0.30,7212,tracking_failure,command_transition_failure|terrain_stall|tracking_failure,True,False,,,0.6324800252914429,41.84842300415039,0.37866666666666665
Isaac,15000,up_14x32,forward_0.30,7213,tracking_failure,command_transition_failure|terrain_stall|tracking_failure,True,False,,,0.6426364779472351,41.5362548828125,0.41744444444444445
Isaac,15000,up_14x32,forward_0.30,7214,tracking_failure,command_transition_failure|terrain_stall|tracking_failure,True,False,,,0.6346859335899353,46.86932373046875,0.4083333333333333
Isaac,15000,up_14x32,forward_0.30,7215,tracking_failure,command_transition_failure|terrain_stall|tracking_failure,True,False,,,0.626069962978363,40.04484558105469,0.3488888888888889
Isaac,15000,up_14x32,forward_0.30,7216,tracking_failure,command_transition_failure|terrain_stall|tracking_failure,True,False,,,0.6293817758560181,38.111751556396484,0.39166666666666666
Isaac,15000,up_14x32,forward_0.70,7201,success,,True,True,,,0.45180419087409973,40.81784439086914,0.07811111111111112
Isaac,15000,up_14x32,forward_0.70,7202,success,,True,True,,,0.2505967617034912,43.198585510253906,0.06444444444444444
Isaac,15000,up_14x32,forward_0.70,7203,success,,True,True,,,0.30999693274497986,42.812015533447266,0.057777777777777775
Isaac,15000,up_14x32,forward_0.70,7204,success,,True,True,,,0.3815430700778961,42.83615493774414,0.07366666666666667
Isaac,15000,up_14x32,forward_0.70,7205,success,,True,True,,,0.3186100423336029,40.8914909362793,0.07122222222222223
Isaac,15000,up_14x32,forward_0.70,7206,success,,True,True,,,0.4059009850025177,39.754920959472656,0.06
Isaac,15000,up_14x32,forward_0.70,7207,success,,True,True,,,0.40079233050346375,38.55223083496094,0.06911111111111111
Isaac,15000,up_14x32,forward_0.70,7208,command_transition_failure,command_transition_failure,True,True,,,0.30990147590637207,42.74698257446289,0.075
Isaac,15000,up_14x32,forward_0.70,7209,success,,True,True,,,0.3670571744441986,37.403076171875,0.07155555555555555
Isaac,15000,up_14x32,forward_0.70,7210,success,,True,True,,,0.41654643416404724,37.03108596801758,0.07355555555555555
Isaac,15000,up_14x32,forward_0.70,7211,command_transition_failure,command_transition_failure,True,True,,,0.18829655647277832,45.08342361450195,0.06933333333333333
Isaac,15000,up_14x32,forward_0.70,7212,success,,True,True,,,0.10200652480125427,39.899044036865234,0.058
Isaac,15000,up_14x32,forward_0.70,7213,command_transition_failure,command_transition_failure,True,True,,,0.26279792189598083,41.4560432434082,0.07033333333333333
Isaac,15000,up_14x32,forward_0.70,7214,success,,True,True,,,0.3202071189880371,41.416259765625,0.06922222222222223
Isaac,15000,up_14x32,forward_0.70,7215,command_transition_failure,command_transition_failure,True,True,,,0.3019089698791504,41.006744384765625,0.07088888888888889
Isaac,15000,up_14x32,forward_0.70,7216,success,,True,True,,,0.3439563810825348,39.57028579711914,0.07111111111111111
Isaac,15000,up_14x32,interrupted,7201,command_transition_failure,command_transition_failure,True,True,,,0.47491344809532166,37.236568450927734,0.095
Isaac,15000,up_14x32,interrupted,7202,command_transition_failure,command_transition_failure,True,True,,,0.4527038037776947,35.854530334472656,0.09387096774193548
Isaac,15000,up_14x32,interrupted,7203,success,,True,True,,,0.47297170758247375,36.73309326171875,0.09580645161290323
Isaac,15000,up_14x32,interrupted,7204,command_transition_failure,command_transition_failure,True,True,,,0.4789505898952484,38.02772903442383,0.09483870967741935
Isaac,15000,up_14x32,interrupted,7205,command_transition_failure,command_transition_failure,True,True,,,0.4429793655872345,38.27294158935547,0.10024193548387096
Isaac,15000,up_14x32,interrupted,7206,success,,True,True,,,0.4788877069950104,40.229679107666016,0.09798387096774193
Isaac,15000,up_14x32,interrupted,7207,command_transition_failure,command_transition_failure,True,True,,,0.4714198410511017,35.98836135864258,0.07862903225806452
Isaac,15000,up_14x32,interrupted,7208,command_transition_failure,command_transition_failure,True,True,,,0.43461868166923523,40.58675765991211,0.09129032258064516
Isaac,15000,up_14x32,interrupted,7209,command_transition_failure,command_transition_failure,True,True,,,0.4810021221637726,37.5302734375,0.08983870967741936
Isaac,15000,up_14x32,interrupted,7210,success,,True,True,,,0.4745061695575714,36.189273834228516,0.08548387096774193
Isaac,15000,up_14x32,interrupted,7211,command_transition_failure,command_transition_failure,True,True,,,0.4875393211841583,40.88806915283203,0.08895161290322581
Isaac,15000,up_14x32,interrupted,7212,command_transition_failure,command_transition_failure,True,True,,,0.43877360224723816,37.78349685668945,0.11540322580645161
Isaac,15000,up_14x32,interrupted,7213,command_transition_failure,command_transition_failure,True,True,,,0.35779044032096863,43.283538818359375,0.095
Isaac,15000,up_14x32,interrupted,7214,success,,True,True,,,0.4744127690792084,39.92738723754883,0.09024193548387097
Isaac,15000,up_14x32,interrupted,7215,success,,True,True,,,0.49154868721961975,36.31776428222656,0.07991935483870968
Isaac,15000,up_14x32,interrupted,7216,command_transition_failure,command_transition_failure,True,True,,,0.49279269576072693,36.44731521606445,0.08943548387096774
Isaac,19999,up_14x32,forward_0.30,7201,success,,True,True,,,0.2947836220264435,36.18205261230469,0.1758888888888889
Isaac,19999,up_14x32,forward_0.30,7202,success,,True,True,,,0.31830480694770813,37.12034606933594,0.12911111111111112
Isaac,19999,up_14x32,forward_0.30,7203,success,,True,True,,,0.2211606204509735,42.32783126831055,0.14366666666666666
Isaac,19999,up_14x32,forward_0.30,7204,success,,True,True,,,0.2030661404132843,36.94140625,0.16133333333333333
Isaac,19999,up_14x32,forward_0.30,7205,command_transition_failure,command_transition_failure,True,True,,,0.36956122517585754,36.86011505126953,0.16966666666666666
Isaac,19999,up_14x32,forward_0.30,7206,success,,True,True,,,0.362253874540329,38.18754959106445,0.1521111111111111
Isaac,19999,up_14x32,forward_0.30,7207,success,,True,True,,,0.2630784809589386,43.49979019165039,0.1428888888888889
Isaac,19999,up_14x32,forward_0.30,7208,success,,True,True,,,0.1883147656917572,40.59758377075195,0.12555555555555556
Isaac,19999,up_14x32,forward_0.30,7209,success,,True,True,,,0.3223017156124115,37.05359649658203,0.1468888888888889
Isaac,19999,up_14x32,forward_0.30,7210,success,,True,True,,,0.24968358874320984,40.54051208496094,0.14
Isaac,19999,up_14x32,forward_0.30,7211,success,,True,True,,,0.193765789270401,38.33152389526367,0.15488888888888888
Isaac,19999,up_14x32,forward_0.30,7212,success,,True,True,,,0.2857719361782074,43.320770263671875,0.14066666666666666
Isaac,19999,up_14x32,forward_0.30,7213,success,,True,True,,,0.263701468706131,37.15009307861328,0.15333333333333332
Isaac,19999,up_14x32,forward_0.30,7214,success,,True,True,,,0.2338150441646576,37.90228271484375,0.2137777777777778
Isaac,19999,up_14x32,forward_0.30,7215,command_transition_failure,command_transition_failure,True,True,,,0.2980935871601105,35.884605407714844,0.1537777777777778
Isaac,19999,up_14x32,forward_0.30,7216,success,,True,True,,,0.2847895920276642,36.5727424621582,0.13633333333333333
Isaac,19999,up_14x32,forward_0.70,7201,success,,True,True,,,0.343415766954422,38.93386459350586,0.04466666666666667
Isaac,19999,up_14x32,forward_0.70,7202,success,,True,True,,,0.29021701216697693,49.98029708862305,0.043666666666666666
Isaac,19999,up_14x32,forward_0.70,7203,command_transition_failure,command_transition_failure,True,True,,,0.3493981659412384,39.23199462890625,0.04744444444444444
Isaac,19999,up_14x32,forward_0.70,7204,success,,True,True,,,0.22556546330451965,39.6226692199707,0.03877777777777778
Isaac,19999,up_14x32,forward_0.70,7205,success,,True,True,,,0.23529979586601257,39.41722869873047,0.03944444444444444
Isaac,19999,up_14x32,forward_0.70,7206,success,,True,True,,,0.3687538206577301,37.40434646606445,0.04055555555555555
Isaac,19999,up_14x32,forward_0.70,7207,success,,True,True,,,0.1213018000125885,39.99201202392578,0.036555555555555556
Isaac,19999,up_14x32,forward_0.70,7208,success,,True,True,,,0.17453226447105408,40.39849853515625,0.04133333333333333
Isaac,19999,up_14x32,forward_0.70,7209,success,,True,True,,,0.2875383198261261,39.893795013427734,0.050222222222222224
Isaac,19999,up_14x32,forward_0.70,7210,success,,True,True,,,0.2681061923503876,38.60560989379883,0.03911111111111111
Isaac,19999,up_14x32,forward_0.70,7211,success,,True,True,,,0.25509896874427795,41.20391082763672,0.03877777777777778
Isaac,19999,up_14x32,forward_0.70,7212,success,,True,True,,,0.25572046637535095,40.726646423339844,0.051666666666666666
Isaac,19999,up_14x32,forward_0.70,7213,command_transition_failure,command_transition_failure,True,True,,,0.13935205340385437,40.80674743652344,0.05266666666666667
Isaac,19999,up_14x32,forward_0.70,7214,success,,True,True,,,0.1536877453327179,38.5323486328125,0.04633333333333333
Isaac,19999,up_14x32,forward_0.70,7215,success,,True,True,,,0.2015712559223175,39.39049530029297,0.044
Isaac,19999,up_14x32,forward_0.70,7216,success,,True,True,,,0.3506415784358978,66.90596008300781,0.051111111111111114
Isaac,19999,up_14x32,interrupted,7201,success,,True,True,,,0.1866537630558014,38.613033294677734,0.0635483870967742
Isaac,19999,up_14x32,interrupted,7202,success,,True,True,,,0.2505156695842743,36.20866394042969,0.059032258064516126
Isaac,19999,up_14x32,interrupted,7203,success,,True,True,,,0.31602904200553894,37.62736511230469,0.05846774193548387
Isaac,19999,up_14x32,interrupted,7204,standstill_failure,standstill_failure,True,True,,,0.3205811083316803,37.346336364746094,0.046612903225806454
Isaac,19999,up_14x32,interrupted,7205,success,,True,True,,,0.23328456282615662,38.76004409790039,0.05758064516129032
Isaac,19999,up_14x32,interrupted,7206,success,,True,True,,,0.21677538752555847,39.83049011230469,0.04838709677419355
Isaac,19999,up_14x32,interrupted,7207,success,,True,True,,,0.350392609834671,37.12330627441406,0.060806451612903226
Isaac,19999,up_14x32,interrupted,7208,success,,True,True,,,0.23237228393554688,39.69834899902344,0.05443548387096774
Isaac,19999,up_14x32,interrupted,7209,success,,True,True,,,0.2559495270252228,37.124755859375,0.06991935483870967
Isaac,19999,up_14x32,interrupted,7210,success,,True,True,,,0.2576923668384552,36.83155059814453,0.05935483870967742
Isaac,19999,up_14x32,interrupted,7211,success,,True,True,,,0.2934209406375885,43.206363677978516,0.06024193548387097
Isaac,19999,up_14x32,interrupted,7212,success,,True,True,,,0.25264111161231995,38.2931022644043,0.07104838709677419
Isaac,19999,up_14x32,interrupted,7213,success,,True,True,,,0.16977545619010925,38.4854736328125,0.0457258064516129
Isaac,19999,up_14x32,interrupted,7214,success,,True,True,,,0.16062971949577332,42.89100646972656,0.05879032258064516
Isaac,19999,up_14x32,interrupted,7215,success,,True,True,,,0.32706597447395325,38.746246337890625,0.05112903225806452
Isaac,19999,up_14x32,interrupted,7216,success,,True,True,,,0.15557631850242615,45.052955627441406,0.059274193548387095
Isaac,10000,down_14x32,forward_0.30,7201,command_transition_failure,command_transition_failure,True,True,,,0.41957393288612366,34.61246109008789,0.09111111111111111
Isaac,10000,down_14x32,forward_0.30,7202,command_transition_failure,command_transition_failure,True,True,,,0.4102763235569,30.948740005493164,0.07811111111111112
Isaac,10000,down_14x32,forward_0.30,7203,command_transition_failure,command_transition_failure,True,True,,,0.4657423198223114,35.00436782836914,0.05644444444444444
Isaac,10000,down_14x32,forward_0.30,7204,command_transition_failure,command_transition_failure,True,True,,,0.458528071641922,31.725452423095703,0.07444444444444444
Isaac,10000,down_14x32,forward_0.30,7205,command_transition_failure,command_transition_failure,True,True,,,0.48766300082206726,33.57713317871094,0.058777777777777776
Isaac,10000,down_14x32,forward_0.30,7206,command_transition_failure,command_transition_failure,True,True,,,0.5002551078796387,31.64862632751465,0.04644444444444444
Isaac,10000,down_14x32,forward_0.30,7207,command_transition_failure,command_transition_failure,True,True,,,0.4197688400745392,32.04914855957031,0.08266666666666667
Isaac,10000,down_14x32,forward_0.30,7208,command_transition_failure,command_transition_failure,True,True,,,0.44519487023353577,31.92721939086914,0.05355555555555556
Isaac,10000,down_14x32,forward_0.30,7209,command_transition_failure,command_transition_failure,True,True,,,0.4102058708667755,31.404335021972656,0.088
Isaac,10000,down_14x32,forward_0.30,7210,command_transition_failure,command_transition_failure,True,True,,,0.4372321665287018,31.552303314208984,0.0641111111111111
Isaac,10000,down_14x32,forward_0.30,7211,tracking_failure,command_transition_failure|tracking_failure,True,True,,,0.4190780222415924,30.78415870666504,0.1648888888888889
Isaac,10000,down_14x32,forward_0.30,7212,command_transition_failure,command_transition_failure,True,True,,,0.4124021828174591,32.05803298950195,0.11866666666666667
Isaac,10000,down_14x32,forward_0.30,7213,command_transition_failure,command_transition_failure,True,True,,,0.4511958658695221,31.3316650390625,0.07711111111111112
Isaac,10000,down_14x32,forward_0.30,7214,command_transition_failure,command_transition_failure,True,True,,,0.4470590651035309,33.589210510253906,0.09144444444444444
Isaac,10000,down_14x32,forward_0.30,7215,command_transition_failure,command_transition_failure,True,True,,,0.46877583861351013,32.284027099609375,0.0961111111111111
Isaac,10000,down_14x32,forward_0.30,7216,command_transition_failure,command_transition_failure,True,True,,,0.4425768554210663,30.97678565979004,0.06844444444444445
Isaac,10000,down_14x32,forward_0.70,7201,success,,True,True,,,0.5384838581085205,26.119586944580078,0.0015555555555555555
Isaac,10000,down_14x32,forward_0.70,7202,success,,True,True,,,0.5318294763565063,25.123291015625,0.0017777777777777779
Isaac,10000,down_14x32,forward_0.70,7203,success,,True,True,,,0.5319459438323975,22.873517990112305,0.0017777777777777779
Isaac,10000,down_14x32,forward_0.70,7204,success,,True,True,,,0.5360003709793091,20.2270450592041,0.0014444444444444444
Isaac,10000,down_14x32,forward_0.70,7205,success,,True,True,,,0.518398642539978,22.24320411682129,0.0023333333333333335
Isaac,10000,down_14x32,forward_0.70,7206,success,,True,True,,,0.46484342217445374,20.159133911132812,0.0012222222222222222
Isaac,10000,down_14x32,forward_0.70,7207,success,,True,True,,,0.5379751920700073,21.542003631591797,0.0014444444444444444
Isaac,10000,down_14x32,forward_0.70,7208,success,,True,True,,,0.5349524021148682,24.743030548095703,0.0012222222222222222
Isaac,10000,down_14x32,forward_0.70,7209,success,,True,True,,,0.5263155698776245,24.422849655151367,0.0013333333333333333
Isaac,10000,down_14x32,forward_0.70,7210,success,,True,True,,,0.5562727451324463,22.832645416259766,0.0016666666666666668
Isaac,10000,down_14x32,forward_0.70,7211,success,,True,True,,,0.5436850786209106,21.91156768798828,0.001888888888888889
Isaac,10000,down_14x32,forward_0.70,7212,success,,True,True,,,0.5156434774398804,24.678091049194336,0.0016666666666666668
Isaac,10000,down_14x32,forward_0.70,7213,success,,True,True,,,0.5180314779281616,20.429258346557617,0.0013333333333333333
Isaac,10000,down_14x32,forward_0.70,7214,success,,True,True,,,0.5403022766113281,25.756872177124023,0.001
Isaac,10000,down_14x32,forward_0.70,7215,success,,True,True,,,0.5155004262924194,18.494272232055664,0.0015555555555555555
Isaac,10000,down_14x32,forward_0.70,7216,success,,True,True,,,0.5073622465133667,21.158357620239258,0.0014444444444444444
Isaac,10000,down_14x32,interrupted,7201,success,,True,True,,,0.5278217792510986,29.9188175201416,0.015725806451612902
Isaac,10000,down_14x32,interrupted,7202,success,,True,True,,,0.5294473171234131,30.964710235595703,0.017419354838709676
Isaac,10000,down_14x32,interrupted,7203,success,,True,True,,,0.5278393030166626,41.15550994873047,0.01806451612903226
Isaac,10000,down_14x32,interrupted,7204,success,,True,True,,,0.500840425491333,31.867046356201172,0.016935483870967744
Isaac,10000,down_14x32,interrupted,7205,success,,True,True,,,0.48875269293785095,33.12874221801758,0.013709677419354839
Isaac,10000,down_14x32,interrupted,7206,success,,True,True,,,0.5492871999740601,33.73177719116211,0.01596774193548387
Isaac,10000,down_14x32,interrupted,7207,success,,True,True,,,0.5488320589065552,56.202171325683594,0.017983870967741934
Isaac,10000,down_14x32,interrupted,7208,success,,True,True,,,0.5744315385818481,33.197105407714844,0.015564516129032258
Isaac,10000,down_14x32,interrupted,7209,success,,True,True,,,0.5205121040344238,29.747745513916016,0.018225806451612904
Isaac,10000,down_14x32,interrupted,7210,success,,True,True,,,0.5367295742034912,29.8858585357666,0.015483870967741935
Isaac,10000,down_14x32,interrupted,7211,success,,True,True,,,0.4968980848789215,31.77277374267578,0.019516129032258064
Isaac,10000,down_14x32,interrupted,7212,success,,True,True,,,0.4799862802028656,33.01694869995117,0.017016129032258066
Isaac,10000,down_14x32,interrupted,7213,success,,True,True,,,0.5000330209732056,31.214380264282227,0.015080645161290323
Isaac,10000,down_14x32,interrupted,7214,success,,True,True,,,0.5088074207305908,35.8818359375,0.015080645161290323
Isaac,10000,down_14x32,interrupted,7215,success,,True,True,,,0.5058739185333252,30.835758209228516,0.01653225806451613
Isaac,10000,down_14x32,interrupted,7216,success,,True,True,,,0.5348517894744873,39.26594924926758,0.014919354838709677
Isaac,15000,down_14x32,forward_0.30,7201,success,,True,True,,,0.6237597465515137,22.607025146484375,0.002111111111111111
Isaac,15000,down_14x32,forward_0.30,7202,success,,True,True,,,0.6092181205749512,18.808473587036133,0.0024444444444444444
Isaac,15000,down_14x32,forward_0.30,7203,success,,True,True,,,0.5964170694351196,23.21550750732422,0.0024444444444444444
Isaac,15000,down_14x32,forward_0.30,7204,success,,True,True,,,0.6165063381195068,19.459779739379883,0.0024444444444444444
Isaac,15000,down_14x32,forward_0.30,7205,success,,True,True,,,0.546499490737915,17.71522331237793,0.0014444444444444444
Isaac,15000,down_14x32,forward_0.30,7206,success,,True,True,,,0.5738948583602905,17.932931900024414,0.0015555555555555555
Isaac,15000,down_14x32,forward_0.30,7207,success,,True,True,,,0.6070719957351685,22.2161865234375,0.002777777777777778
Isaac,15000,down_14x32,forward_0.30,7208,success,,True,True,,,0.5856233835220337,19.88721466064453,0.0017777777777777779
Isaac,15000,down_14x32,forward_0.30,7209,success,,True,True,,,0.6085374355316162,22.47559928894043,0.0023333333333333335
Isaac,15000,down_14x32,forward_0.30,7210,success,,True,True,,,0.6046096086502075,19.49466896057129,0.0025555555555555557
Isaac,15000,down_14x32,forward_0.30,7211,success,,True,True,,,0.5911943912506104,23.346546173095703,0.002111111111111111
Isaac,15000,down_14x32,forward_0.30,7212,success,,True,True,,,0.5508110523223877,22.230188369750977,0.002
Isaac,15000,down_14x32,forward_0.30,7213,success,,True,True,,,0.5625219345092773,21.3304500579834,0.0017777777777777779
Isaac,15000,down_14x32,forward_0.30,7214,success,,True,True,,,0.5541791915893555,18.376136779785156,0.0025555555555555557
Isaac,15000,down_14x32,forward_0.30,7215,success,,True,True,,,0.5677566528320312,27.419269561767578,0.003111111111111111
Isaac,15000,down_14x32,forward_0.30,7216,success,,True,True,,,0.5991754531860352,21.817134857177734,0.0034444444444444444
Isaac,15000,down_14x32,forward_0.70,7201,success,,True,True,,,0.6257404088973999,17.05924415588379,0.0006666666666666666
Isaac,15000,down_14x32,forward_0.70,7202,success,,True,True,,,0.651142954826355,21.529329299926758,0.002
Isaac,15000,down_14x32,forward_0.70,7203,success,,True,True,,,0.6297792196273804,19.47197151184082,0.0012222222222222222
Isaac,15000,down_14x32,forward_0.70,7204,success,,True,True,,,0.6173216104507446,22.196168899536133,0.0016666666666666668
Isaac,15000,down_14x32,forward_0.70,7205,success,,True,True,,,0.5875104665756226,18.82516098022461,0.0013333333333333333
Isaac,15000,down_14x32,forward_0.70,7206,success,,True,True,,,0.5540550947189331,18.430482864379883,0.0007777777777777777
Isaac,15000,down_14x32,forward_0.70,7207,success,,True,True,,,0.5911667346954346,20.229528427124023,0.0017777777777777779
Isaac,15000,down_14x32,forward_0.70,7208,success,,True,True,,,0.6375266313552856,18.47288703918457,0.0011111111111111111
Isaac,15000,down_14x32,forward_0.70,7209,success,,True,True,,,0.6472030878067017,19.069717407226562,0.0012222222222222222
Isaac,15000,down_14x32,forward_0.70,7210,success,,True,True,,,0.6616878509521484,18.186626434326172,0.0011111111111111111
Isaac,15000,down_14x32,forward_0.70,7211,success,,True,True,,,0.6324833631515503,18.590309143066406,0.0011111111111111111
Isaac,15000,down_14x32,forward_0.70,7212,success,,True,True,,,0.6028984785079956,20.51146125793457,0.0011111111111111111
Isaac,15000,down_14x32,forward_0.70,7213,success,,True,True,,,0.6464378833770752,22.50547218322754,0.0013333333333333333
Isaac,15000,down_14x32,forward_0.70,7214,success,,True,True,,,0.5866111516952515,22.072010040283203,0.0008888888888888889
Isaac,15000,down_14x32,forward_0.70,7215,success,,True,True,,,0.670540452003479,18.307331085205078,0.0006666666666666666
Isaac,15000,down_14x32,forward_0.70,7216,success,,True,True,,,0.6299741268157959,17.443729400634766,0.0006666666666666666
Isaac,15000,down_14x32,interrupted,7201,success,,True,True,,,0.6442528963088989,16.440155029296875,0.0005645161290322581
Isaac,15000,down_14x32,interrupted,7202,standstill_failure,standstill_failure,True,True,,,0.5555944442749023,30.52729034423828,0.030806451612903227
Isaac,15000,down_14x32,interrupted,7203,standstill_failure,standstill_failure,True,True,,,0.4878985583782196,53.80478286743164,0.12459677419354839
Isaac,15000,down_14x32,interrupted,7204,standstill_failure,standstill_failure,True,True,,,0.4994873106479645,30.358999252319336,0.046612903225806454
Isaac,15000,down_14x32,interrupted,7205,standstill_failure,standstill_failure,True,True,,,0.43881312012672424,39.89203643798828,0.11524193548387096
Isaac,15000,down_14x32,interrupted,7206,standstill_failure,standstill_failure,True,True,,,0.47009071707725525,34.83526611328125,0.06362903225806452
Isaac,15000,down_14x32,interrupted,7207,standstill_failure,standstill_failure,True,True,,,0.5883735418319702,31.878376007080078,0.0425
Isaac,15000,down_14x32,interrupted,7208,standstill_failure,standstill_failure,True,True,,,0.48704269528388977,39.506919860839844,0.12153225806451613
Isaac,15000,down_14x32,interrupted,7209,success,,True,True,,,0.6093324422836304,19.102039337158203,0.0008870967741935484
Isaac,15000,down_14x32,interrupted,7210,success,,True,True,,,0.6469235420227051,19.869792938232422,0.0005645161290322581
Isaac,15000,down_14x32,interrupted,7211,success,,True,True,,,0.6411148309707642,18.0494384765625,0.0005645161290322581
Isaac,15000,down_14x32,interrupted,7212,standstill_failure,standstill_failure,True,True,,,0.47111889719963074,49.94186782836914,0.053870967741935484
Isaac,15000,down_14x32,interrupted,7213,standstill_failure,standstill_failure,True,True,,,0.4836062490940094,33.593772888183594,0.07314516129032259
Isaac,15000,down_14x32,interrupted,7214,standstill_failure,standstill_failure,True,True,,,0.490241140127182,35.731895446777344,0.06798387096774193
Isaac,15000,down_14x32,interrupted,7215,success,,True,True,,,0.6427985429763794,22.70819091796875,0.0008870967741935484
Isaac,15000,down_14x32,interrupted,7216,success,,True,True,,,0.5464690923690796,18.283977508544922,0.0004838709677419355
Isaac,19999,down_14x32,forward_0.30,7201,success,,True,True,,,0.5483236312866211,21.069211959838867,0.0024444444444444444
Isaac,19999,down_14x32,forward_0.30,7202,success,,True,True,,,0.5535919666290283,20.56473731994629,0.0016666666666666668
Isaac,19999,down_14x32,forward_0.30,7203,success,,True,True,,,0.5834841728210449,23.905738830566406,0.002
Isaac,19999,down_14x32,forward_0.30,7204,success,,True,True,,,0.5391824245452881,25.229644775390625,0.0023333333333333335
Isaac,19999,down_14x32,forward_0.30,7205,success,,True,True,,,0.5703014135360718,20.722806930541992,0.0014444444444444444
Isaac,19999,down_14x32,forward_0.30,7206,success,,True,True,,,0.5963741540908813,21.252901077270508,0.0015555555555555555
Isaac,19999,down_14x32,forward_0.30,7207,success,,True,True,,,0.545364499092102,23.56987762451172,0.0023333333333333335
Isaac,19999,down_14x32,forward_0.30,7208,success,,True,True,,,0.567304253578186,26.902008056640625,0.002777777777777778
Isaac,19999,down_14x32,forward_0.30,7209,success,,True,True,,,0.5123519897460938,24.296066284179688,0.003
Isaac,19999,down_14x32,forward_0.30,7210,success,,True,True,,,0.5873844623565674,24.434701919555664,0.002777777777777778
Isaac,19999,down_14x32,forward_0.30,7211,success,,True,True,,,0.5528594255447388,23.81291961669922,0.002
Isaac,19999,down_14x32,forward_0.30,7212,success,,True,True,,,0.563361406326294,22.410974502563477,0.0024444444444444444
Isaac,19999,down_14x32,forward_0.30,7213,success,,True,True,,,0.5948630571365356,20.69855499267578,0.001888888888888889
Isaac,19999,down_14x32,forward_0.30,7214,success,,True,True,,,0.5744210481643677,20.570316314697266,0.0015555555555555555
Isaac,19999,down_14x32,forward_0.30,7215,success,,True,True,,,0.5714281797409058,23.43510627746582,0.002
Isaac,19999,down_14x32,forward_0.30,7216,success,,True,True,,,0.5555520057678223,26.211225509643555,0.0025555555555555557
Isaac,19999,down_14x32,forward_0.70,7201,success,,True,True,,,0.6491826772689819,20.698476791381836,0.0012222222222222222
Isaac,19999,down_14x32,forward_0.70,7202,success,,True,True,,,0.6257609128952026,19.926982879638672,0.0013333333333333333
Isaac,19999,down_14x32,forward_0.70,7203,success,,True,True,,,0.649826169013977,19.82781982421875,0.0008888888888888889
Isaac,19999,down_14x32,forward_0.70,7204,success,,True,True,,,0.6300584077835083,24.25575065612793,0.0007777777777777777
Isaac,19999,down_14x32,forward_0.70,7205,success,,True,True,,,0.6226522922515869,23.994110107421875,0.0007777777777777777
Isaac,19999,down_14x32,forward_0.70,7206,success,,True,True,,,0.6072736978530884,22.113500595092773,0.0007777777777777777
Isaac,19999,down_14x32,forward_0.70,7207,success,,True,True,,,0.6398046016693115,23.92913818359375,0.0013333333333333333
Isaac,19999,down_14x32,forward_0.70,7208,success,,True,True,,,0.6510915160179138,26.893321990966797,0.0007777777777777777
Isaac,19999,down_14x32,forward_0.70,7209,success,,True,True,,,0.670353889465332,21.88817024230957,0.0008888888888888889
Isaac,19999,down_14x32,forward_0.70,7210,success,,True,True,,,0.6461071968078613,20.08365821838379,0.0012222222222222222
Isaac,19999,down_14x32,forward_0.70,7211,success,,True,True,,,0.6899408102035522,22.203418731689453,0.0016666666666666668
Isaac,19999,down_14x32,forward_0.70,7212,success,,True,True,,,0.6728236675262451,22.868837356567383,0.0008888888888888889
Isaac,19999,down_14x32,forward_0.70,7213,success,,True,True,,,0.6172447204589844,25.27599334716797,0.001
Isaac,19999,down_14x32,forward_0.70,7214,success,,True,True,,,0.6241179704666138,24.700151443481445,0.0011111111111111111
Isaac,19999,down_14x32,forward_0.70,7215,success,,True,True,,,0.643046498298645,24.02819061279297,0.0007777777777777777
Isaac,19999,down_14x32,forward_0.70,7216,success,,True,True,,,0.650883674621582,19.825138092041016,0.0005555555555555556
Isaac,19999,down_14x32,interrupted,7201,success,,True,True,,,0.6557703018188477,20.98543357849121,0.0004838709677419355
Isaac,19999,down_14x32,interrupted,7202,success,,True,True,,,0.6691188216209412,17.902027130126953,0.0004032258064516129
Isaac,19999,down_14x32,interrupted,7203,success,,True,True,,,0.6528692245483398,21.083980560302734,0.0003225806451612903
Isaac,19999,down_14x32,interrupted,7204,success,,True,True,,,0.6803881525993347,17.35426139831543,0.0004838709677419355
Isaac,19999,down_14x32,interrupted,7205,success,,True,True,,,0.6507489681243896,21.661399841308594,0.0003225806451612903
Isaac,19999,down_14x32,interrupted,7206,success,,True,True,,,0.6253139972686768,18.34430694580078,0.0008064516129032258
Isaac,19999,down_14x32,interrupted,7207,success,,True,True,,,0.6494818925857544,18.928821563720703,0.0008064516129032258
Isaac,19999,down_14x32,interrupted,7208,success,,True,True,,,0.6745364665985107,14.956074714660645,0.0004838709677419355
Isaac,19999,down_14x32,interrupted,7209,success,,True,True,,,0.6583722233772278,17.89610481262207,0.00024193548387096774
Isaac,19999,down_14x32,interrupted,7210,success,,True,True,,,0.6825559139251709,18.841381072998047,0.0006451612903225806
Isaac,19999,down_14x32,interrupted,7211,success,,True,True,,,0.6510360240936279,22.90801239013672,0.0008870967741935484
Isaac,19999,down_14x32,interrupted,7212,success,,True,True,,,0.652900218963623,16.914371490478516,0.0004838709677419355
Isaac,19999,down_14x32,interrupted,7213,success,,True,True,,,0.6415070295333862,20.177486419677734,0.0005645161290322581
Isaac,19999,down_14x32,interrupted,7214,success,,True,True,,,0.6227695941925049,18.837377548217773,0.0004838709677419355
Isaac,19999,down_14x32,interrupted,7215,success,,True,True,,,0.6642686128616333,18.084184646606445,0.0004032258064516129
Isaac,19999,down_14x32,interrupted,7216,success,,True,True,,,0.6667404174804688,17.65406608581543,0.0003225806451612903
Isaac,10000,up_16x29,forward_0.30,7201,tracking_failure,command_transition_failure|terrain_stall|tracking_failure,True,False,,,0.6415715217590332,34.75531768798828,0.2936666666666667
Isaac,10000,up_16x29,forward_0.30,7202,tracking_failure,command_transition_failure|terrain_stall|tracking_failure,True,False,,,0.6720055341720581,37.86598205566406,0.35444444444444445
Isaac,10000,up_16x29,forward_0.30,7203,tracking_failure,command_transition_failure|terrain_stall|tracking_failure,True,False,,,0.646755576133728,35.56058120727539,0.3148888888888889
Isaac,10000,up_16x29,forward_0.30,7204,tracking_failure,command_transition_failure|terrain_stall|tracking_failure,True,False,,,0.6579656600952148,42.463050842285156,0.3791111111111111
Isaac,10000,up_16x29,forward_0.30,7205,tracking_failure,command_transition_failure|terrain_stall|tracking_failure,True,False,,,0.6416162252426147,34.3248176574707,0.3662222222222222
Isaac,10000,up_16x29,forward_0.30,7206,tracking_failure,command_transition_failure|terrain_stall|tracking_failure,True,False,,,0.6491681337356567,32.551979064941406,0.32555555555555554
Isaac,10000,up_16x29,forward_0.30,7207,tracking_failure,command_transition_failure|terrain_stall|tracking_failure,True,False,,,0.6414530277252197,34.123756408691406,0.428
Isaac,10000,up_16x29,forward_0.30,7208,tracking_failure,command_transition_failure|terrain_stall|tracking_failure,True,False,,,0.6335906982421875,35.43098831176758,0.22166666666666668
Isaac,10000,up_16x29,forward_0.30,7209,tracking_failure,command_transition_failure|terrain_stall|tracking_failure,True,False,,,0.6434366703033447,35.25041580200195,0.39866666666666667
Isaac,10000,up_16x29,forward_0.30,7210,tracking_failure,command_transition_failure|terrain_stall|tracking_failure,True,False,,,0.6424053907394409,36.065147399902344,0.3253333333333333
Isaac,10000,up_16x29,forward_0.30,7211,tracking_failure,command_transition_failure|terrain_stall|tracking_failure,True,False,,,0.663679838180542,38.78879165649414,0.19444444444444445
Isaac,10000,up_16x29,forward_0.30,7212,tracking_failure,command_transition_failure|terrain_stall|tracking_failure,True,False,,,0.6738236546516418,33.82353591918945,0.17955555555555555
Isaac,10000,up_16x29,forward_0.30,7213,tracking_failure,command_transition_failure|terrain_stall|tracking_failure,True,False,,,0.638351321220398,36.97270584106445,0.3938888888888889
Isaac,10000,up_16x29,forward_0.30,7214,tracking_failure,command_transition_failure|terrain_stall|tracking_failure,True,False,,,0.6521813869476318,34.489990234375,0.23555555555555555
Isaac,10000,up_16x29,forward_0.30,7215,tracking_failure,command_transition_failure|terrain_stall|tracking_failure,True,False,,,0.6649764776229858,34.84288787841797,0.291
Isaac,10000,up_16x29,forward_0.30,7216,tracking_failure,command_transition_failure|terrain_stall|tracking_failure,True,False,,,0.6516803503036499,36.97449493408203,0.2611111111111111
Isaac,10000,up_16x29,forward_0.70,7201,unsafe,command_transition_failure|terrain_stall|tracking_failure|unsafe,False,False,hard_joint_position,7.47,-0.0030156373977661133,39.065948486328125,0.19745649263721554
Isaac,10000,up_16x29,forward_0.70,7202,success,,True,True,,,0.06740310788154602,41.19279479980469,0.04066666666666666
Isaac,10000,up_16x29,forward_0.70,7203,command_transition_failure,command_transition_failure,True,True,,,-2.2917985916137695e-05,46.98439025878906,0.058
Isaac,10000,up_16x29,forward_0.70,7204,success,,True,True,,,0.13751521706581116,43.524967193603516,0.041444444444444443
Isaac,10000,up_16x29,forward_0.70,7205,success,,True,True,,,0.1456439197063446,38.85503005981445,0.03866666666666667
Isaac,10000,up_16x29,forward_0.70,7206,command_transition_failure,command_transition_failure,True,True,,,0.03853693604469299,43.57949447631836,0.04211111111111111
Isaac,10000,up_16x29,forward_0.70,7207,success,,True,True,,,0.1572413146495819,40.218082427978516,0.043111111111111114
Isaac,10000,up_16x29,forward_0.70,7208,unsafe,command_transition_failure|terrain_stall|tracking_failure|unsafe,False,False,hard_joint_position,8.72,-0.0024608969688415527,38.78529357910156,0.2511467889908257
Isaac,10000,up_16x29,forward_0.70,7209,command_transition_failure,command_transition_failure,True,True,,,0.2053910791873932,41.215694427490234,0.049444444444444444
Isaac,10000,up_16x29,forward_0.70,7210,command_transition_failure,command_transition_failure,True,True,,,0.2353152334690094,42.55049514770508,0.044333333333333336
Isaac,10000,up_16x29,forward_0.70,7211,unsafe,terrain_stall|tracking_failure|unsafe,False,False,hard_joint_position,6.8549999999999995,-0.00674167275428772,45.79925537109375,0.19474835886214442
Isaac,10000,up_16x29,forward_0.70,7212,success,,True,True,,,0.038248270750045776,41.83012771606445,0.04888888888888889
Isaac,10000,up_16x29,forward_0.70,7213,success,,True,True,,,0.13059785962104797,39.579532623291016,0.03822222222222222
Isaac,10000,up_16x29,forward_0.70,7214,success,,True,True,,,0.09696981310844421,40.44548034667969,0.04
Isaac,10000,up_16x29,forward_0.70,7215,command_transition_failure,command_transition_failure,True,True,,,0.03092619776725769,43.38899612426758,0.04577777777777778
Isaac,10000,up_16x29,forward_0.70,7216,success,,True,True,,,0.20024439692497253,40.98873519897461,0.03944444444444444
Isaac,10000,up_16x29,interrupted,7201,success,,True,True,,,0.19286534190177917,40.34035873413086,0.04395161290322581
Isaac,10000,up_16x29,interrupted,7202,success,,True,True,,,0.15404942631721497,40.321136474609375,0.04314516129032258
Isaac,10000,up_16x29,interrupted,7203,command_transition_failure,command_transition_failure,True,True,,,0.07221928238868713,41.388153076171875,0.05717741935483871
Isaac,10000,up_16x29,interrupted,7204,success,,True,True,,,0.2169618308544159,37.7490234375,0.041774193548387094
Isaac,10000,up_16x29,interrupted,7205,command_transition_failure,command_transition_failure,True,True,,,0.20352628827095032,38.8504638671875,0.04774193548387097
Isaac,10000,up_16x29,interrupted,7206,success,,True,True,,,0.24784889817237854,40.591888427734375,0.0475
Isaac,10000,up_16x29,interrupted,7207,command_transition_failure,command_transition_failure,True,True,,,0.09476622939109802,39.14231491088867,0.04653225806451613
Isaac,10000,up_16x29,interrupted,7208,command_transition_failure,command_transition_failure,True,True,,,0.03989472985267639,41.631317138671875,0.04645161290322581
Isaac,10000,up_16x29,interrupted,7209,command_transition_failure,command_transition_failure,True,True,,,0.17049458622932434,37.21574783325195,0.04951612903225806
Isaac,10000,up_16x29,interrupted,7210,success,,True,True,,,0.32362082600593567,39.69977951049805,0.04620967741935484
Isaac,10000,up_16x29,interrupted,7211,success,,True,True,,,0.22691038250923157,41.83238983154297,0.04048387096774193
Isaac,10000,up_16x29,interrupted,7212,success,,True,True,,,0.09555110335350037,38.79092025756836,0.052258064516129035
Isaac,10000,up_16x29,interrupted,7213,success,,True,True,,,0.00032460689544677734,39.0713005065918,0.04540322580645161
Isaac,10000,up_16x29,interrupted,7214,unsafe,terrain_stall|tracking_failure|unsafe,False,False,hard_joint_position,22.74,-0.0014897286891937256,37.49613571166992,0.09850483729111698
Isaac,10000,up_16x29,interrupted,7215,command_transition_failure,command_transition_failure,True,True,,,0.1031779944896698,41.0815544128418,0.05314516129032258
Isaac,10000,up_16x29,interrupted,7216,success,,True,True,,,0.1223665177822113,40.64748001098633,0.04548387096774194
Isaac,15000,up_16x29,forward_0.30,7201,tracking_failure,command_transition_failure|terrain_stall|tracking_failure,True,False,,,0.704934298992157,39.002525329589844,0.7577777777777778
Isaac,15000,up_16x29,forward_0.30,7202,tracking_failure,command_transition_failure|terrain_stall|tracking_failure,True,False,,,0.6603720784187317,41.661407470703125,0.4441111111111111
Isaac,15000,up_16x29,forward_0.30,7203,tracking_failure,command_transition_failure|terrain_stall|tracking_failure,True,False,,,0.6972718238830566,46.980995178222656,0.7117777777777777
Isaac,15000,up_16x29,forward_0.30,7204,tracking_failure,command_transition_failure|terrain_stall|tracking_failure,True,False,,,0.6599961519241333,43.72452163696289,0.4101111111111111
Isaac,15000,up_16x29,forward_0.30,7205,tracking_failure,command_transition_failure|terrain_stall|tracking_failure,True,False,,,0.697806715965271,34.43342590332031,0.7188888888888889
Isaac,15000,up_16x29,forward_0.30,7206,tracking_failure,command_transition_failure|terrain_stall|tracking_failure,True,False,,,0.7031009197235107,41.35026550292969,0.6937777777777778
Isaac,15000,up_16x29,forward_0.30,7207,tracking_failure,command_transition_failure|terrain_stall|tracking_failure,True,False,,,0.7064625024795532,38.957977294921875,0.7673333333333333
Isaac,15000,up_16x29,forward_0.30,7208,tracking_failure,command_transition_failure|terrain_stall|tracking_failure,True,False,,,0.6944961547851562,39.01134490966797,0.7528888888888889
Isaac,15000,up_16x29,forward_0.30,7209,tracking_failure,command_transition_failure|terrain_stall|tracking_failure,True,False,,,0.7056682109832764,38.385921478271484,0.7475555555555555
Isaac,15000,up_16x29,forward_0.30,7210,tracking_failure,command_transition_failure|terrain_stall|tracking_failure,True,False,,,0.6992020606994629,47.342872619628906,0.7324444444444445
Isaac,15000,up_16x29,forward_0.30,7211,tracking_failure,command_transition_failure|terrain_stall|tracking_failure,True,False,,,0.6368902921676636,42.621437072753906,0.40655555555555556
Isaac,15000,up_16x29,forward_0.30,7212,tracking_failure,command_transition_failure|terrain_stall|tracking_failure,True,False,,,0.6928366422653198,40.12828063964844,0.7216666666666667
Isaac,15000,up_16x29,forward_0.30,7213,tracking_failure,command_transition_failure|terrain_stall|tracking_failure,True,False,,,0.7007277607917786,37.247657775878906,0.7253333333333334
Isaac,15000,up_16x29,forward_0.30,7214,tracking_failure,command_transition_failure|terrain_stall|tracking_failure,True,False,,,0.6822986602783203,37.286720275878906,0.748
Isaac,15000,up_16x29,forward_0.30,7215,tracking_failure,command_transition_failure|terrain_stall|tracking_failure,True,False,,,0.6996340751647949,35.42133331298828,0.7644444444444445
Isaac,15000,up_16x29,forward_0.30,7216,tracking_failure,command_transition_failure|terrain_stall|tracking_failure,True,False,,,0.6656572818756104,38.02799606323242,0.7275555555555555
Isaac,15000,up_16x29,forward_0.70,7201,command_transition_failure,command_transition_failure,True,True,,,0.0002798736095428467,43.93484878540039,0.07666666666666666
Isaac,15000,up_16x29,forward_0.70,7202,success,,True,True,,,0.07540330290794373,39.628318786621094,0.06733333333333333
Isaac,15000,up_16x29,forward_0.70,7203,success,,True,True,,,0.321443647146225,44.24583053588867,0.07055555555555555
Isaac,15000,up_16x29,forward_0.70,7204,command_transition_failure,command_transition_failure,True,True,,,0.1302538812160492,43.31713104248047,0.07977777777777778
Isaac,15000,up_16x29,forward_0.70,7205,success,,True,True,,,0.29725924134254456,41.287925720214844,0.06622222222222222
Isaac,15000,up_16x29,forward_0.70,7206,success,,True,True,,,0.024266481399536133,40.28060531616211,0.0641111111111111
Isaac,15000,up_16x29,forward_0.70,7207,unsafe,terrain_stall|tracking_failure|unsafe,False,False,hard_joint_position,6.4799999999999995,-0.005017787218093872,41.803131103515625,0.2368827160493827
Isaac,15000,up_16x29,forward_0.70,7208,command_transition_failure,command_transition_failure,True,True,,,0.13217663764953613,45.42757797241211,0.0641111111111111
Isaac,15000,up_16x29,forward_0.70,7209,success,,True,True,,,0.0005806684494018555,41.894344329833984,0.060333333333333336
Isaac,15000,up_16x29,forward_0.70,7210,success,,True,True,,,-0.00013786554336547852,39.423500061035156,0.057555555555555554
Isaac,15000,up_16x29,forward_0.70,7211,success,,True,True,,,0.30376091599464417,40.77762222290039,0.07
Isaac,15000,up_16x29,forward_0.70,7212,success,,True,True,,,0.23811140656471252,44.1708869934082,0.06433333333333334
Isaac,15000,up_16x29,forward_0.70,7213,command_transition_failure,command_transition_failure,True,True,,,0.08759483695030212,42.4765625,0.06633333333333333
Isaac,15000,up_16x29,forward_0.70,7214,command_transition_failure,command_transition_failure,True,True,,,0.1276991367340088,43.006954193115234,0.074
Isaac,15000,up_16x29,forward_0.70,7215,command_transition_failure,command_transition_failure,True,True,,,0.13784506916999817,45.9376335144043,0.07811111111111112
Isaac,15000,up_16x29,forward_0.70,7216,command_transition_failure,command_transition_failure,True,True,,,0.08550563454627991,42.544681549072266,0.08244444444444445
Isaac,15000,up_16x29,interrupted,7201,success,,True,True,,,0.4093673527240753,38.05793762207031,0.08451612903225807
Isaac,15000,up_16x29,interrupted,7202,success,,True,True,,,0.3712519705295563,36.36842346191406,0.08653225806451613
Isaac,15000,up_16x29,interrupted,7203,command_transition_failure,command_transition_failure,True,True,,,0.3963220417499542,36.88859558105469,0.08758064516129033
Isaac,15000,up_16x29,interrupted,7204,command_transition_failure,command_transition_failure,True,True,,,0.36813679337501526,37.05929183959961,0.07975806451612903
Isaac,15000,up_16x29,interrupted,7205,success,,True,True,,,0.06003895401954651,37.66676712036133,0.08282258064516129
Isaac,15000,up_16x29,interrupted,7206,success,,True,True,,,0.3812585771083832,38.47895431518555,0.08443548387096775
Isaac,15000,up_16x29,interrupted,7207,success,,True,True,,,0.4206421673297882,39.43186569213867,0.07483870967741936
Isaac,15000,up_16x29,interrupted,7208,command_transition_failure,command_transition_failure,True,True,,,0.41485562920570374,39.905113220214844,0.08637096774193548
Isaac,15000,up_16x29,interrupted,7209,success,,True,True,,,0.4177185595035553,36.79206466674805,0.08604838709677419
Isaac,15000,up_16x29,interrupted,7210,command_transition_failure,command_transition_failure,True,True,,,0.26495084166526794,42.01700973510742,0.0960483870967742
Isaac,15000,up_16x29,interrupted,7211,success,,True,True,,,0.29428407549858093,38.742191314697266,0.0760483870967742
Isaac,15000,up_16x29,interrupted,7212,command_transition_failure,command_transition_failure,True,True,,,0.3530489504337311,40.74232864379883,0.09491935483870968
Isaac,15000,up_16x29,interrupted,7213,command_transition_failure,command_transition_failure,True,True,,,0.40489646792411804,36.20105743408203,0.08629032258064516
Isaac,15000,up_16x29,interrupted,7214,command_transition_failure,command_transition_failure,True,True,,,0.3590560853481293,37.952430725097656,0.09935483870967741
Isaac,15000,up_16x29,interrupted,7215,success,,True,True,,,0.4221021831035614,44.984039306640625,0.08943548387096774
Isaac,15000,up_16x29,interrupted,7216,command_transition_failure,command_transition_failure,True,True,,,0.38494428992271423,36.11943435668945,0.09741935483870967
Isaac,19999,up_16x29,forward_0.30,7201,success,,True,True,,,0.18588343262672424,36.132118225097656,0.08355555555555555
Isaac,19999,up_16x29,forward_0.30,7202,success,,True,True,,,0.1496122181415558,36.073638916015625,0.08788888888888889
Isaac,19999,up_16x29,forward_0.30,7203,success,,True,True,,,0.22249892354011536,36.253238677978516,0.09244444444444444
Isaac,19999,up_16x29,forward_0.30,7204,success,,True,True,,,0.2331693470478058,36.323265075683594,0.12944444444444445
Isaac,19999,up_16x29,forward_0.30,7205,success,,True,True,,,0.16952034831047058,37.12577438354492,0.116
Isaac,19999,up_16x29,forward_0.30,7206,command_transition_failure,command_transition_failure,True,True,,,0.2183205783367157,39.997371673583984,0.15811111111111112
Isaac,19999,up_16x29,forward_0.30,7207,success,,True,True,,,0.019916266202926636,42.42766189575195,0.10644444444444444
Isaac,19999,up_16x29,forward_0.30,7208,success,,True,True,,,0.21574196219444275,41.501670837402344,0.12155555555555556
Isaac,19999,up_16x29,forward_0.30,7209,command_transition_failure,command_transition_failure,True,True,,,0.2445431649684906,45.21056365966797,0.11722222222222223
Isaac,19999,up_16x29,forward_0.30,7210,success,,True,True,,,0.1458199918270111,40.99973678588867,0.11733333333333333
Isaac,19999,up_16x29,forward_0.30,7211,success,,True,True,,,0.20613011717796326,37.21567153930664,0.10577777777777778
Isaac,19999,up_16x29,forward_0.30,7212,success,,True,True,,,0.25130149722099304,37.592247009277344,0.10233333333333333
Isaac,19999,up_16x29,forward_0.30,7213,success,,True,True,,,0.11373254656791687,37.90575408935547,0.11688888888888889
Isaac,19999,up_16x29,forward_0.30,7214,success,,True,True,,,0.0812821090221405,39.736900329589844,0.137
Isaac,19999,up_16x29,forward_0.30,7215,success,,True,True,,,0.18696072697639465,35.66012191772461,0.122
Isaac,19999,up_16x29,forward_0.30,7216,success,,True,True,,,0.26074841618537903,36.476131439208984,0.10088888888888889
Isaac,19999,up_16x29,forward_0.70,7201,success,,True,True,,,0.1862184703350067,39.00239944458008,0.03844444444444445
Isaac,19999,up_16x29,forward_0.70,7202,success,,True,True,,,0.1478257179260254,38.38984298706055,0.03788888888888889
Isaac,19999,up_16x29,forward_0.70,7203,success,,True,True,,,0.16518089175224304,37.96691131591797,0.04677777777777778
Isaac,19999,up_16x29,forward_0.70,7204,success,,True,True,,,0.1844923198223114,39.28349685668945,0.042888888888888886
Isaac,19999,up_16x29,forward_0.70,7205,success,,True,True,,,0.2079698145389557,39.42839431762695,0.042
Isaac,19999,up_16x29,forward_0.70,7206,success,,True,True,,,0.20492222905158997,41.82619094848633,0.03822222222222222
Isaac,19999,up_16x29,forward_0.70,7207,success,,True,True,,,0.16512247920036316,39.60215377807617,0.044222222222222225
Isaac,19999,up_16x29,forward_0.70,7208,success,,True,True,,,0.16114488244056702,42.21630096435547,0.04077777777777778
Isaac,19999,up_16x29,forward_0.70,7209,success,,True,True,,,0.14640116691589355,38.37735366821289,0.03744444444444445
Isaac,19999,up_16x29,forward_0.70,7210,command_transition_failure,command_transition_failure,True,True,,,0.09494367241859436,44.46567916870117,0.06
Isaac,19999,up_16x29,forward_0.70,7211,success,,True,True,,,0.1589767038822174,38.96717071533203,0.036444444444444446
Isaac,19999,up_16x29,forward_0.70,7212,success,,True,True,,,0.06773215532302856,40.21562194824219,0.042
Isaac,19999,up_16x29,forward_0.70,7213,success,,True,True,,,0.19279256463050842,40.50550842285156,0.03955555555555555
Isaac,19999,up_16x29,forward_0.70,7214,success,,True,True,,,0.14795687794685364,37.09765625,0.03866666666666667
Isaac,19999,up_16x29,forward_0.70,7215,success,,True,True,,,0.02992984652519226,38.308860778808594,0.04055555555555555
Isaac,19999,up_16x29,forward_0.70,7216,success,,True,True,,,0.044501692056655884,40.07080078125,0.041555555555555554
Isaac,19999,up_16x29,interrupted,7201,standstill_failure,standstill_failure,True,True,,,0.279820054769516,37.868221282958984,0.08298387096774193
Isaac,19999,up_16x29,interrupted,7202,success,,True,True,,,0.2530134618282318,40.712623596191406,0.049435483870967745
Isaac,19999,up_16x29,interrupted,7203,success,,True,True,,,0.17761114239692688,37.891761779785156,0.07201612903225807
Isaac,19999,up_16x29,interrupted,7204,success,,True,True,,,0.1203361451625824,39.628501892089844,0.06830645161290323
Isaac,19999,up_16x29,interrupted,7205,success,,True,True,,,0.09400144219398499,36.868953704833984,0.06862903225806452
Isaac,19999,up_16x29,interrupted,7206,success,,True,True,,,0.11656299233436584,37.539432525634766,0.2310483870967742
Isaac,19999,up_16x29,interrupted,7207,success,,True,True,,,0.16468778252601624,41.018829345703125,0.06169354838709677
Isaac,19999,up_16x29,interrupted,7208,success,,True,True,,,0.030293792486190796,39.568115234375,0.05395161290322581
Isaac,19999,up_16x29,interrupted,7209,success,,True,True,,,0.15129390358924866,37.27354431152344,0.07016129032258064
Isaac,19999,up_16x29,interrupted,7210,success,,True,True,,,0.015653163194656372,38.27442932128906,0.07193548387096774
Isaac,19999,up_16x29,interrupted,7211,success,,True,True,,,0.05910661816596985,38.358577728271484,0.06766129032258064
Isaac,19999,up_16x29,interrupted,7212,standstill_failure,standstill_failure,True,True,,,0.13383731245994568,40.388973236083984,0.08387096774193549
Isaac,19999,up_16x29,interrupted,7213,success,,True,True,,,0.1941843330860138,39.398990631103516,0.06790322580645161
Isaac,19999,up_16x29,interrupted,7214,standstill_failure,standstill_failure,True,True,,,0.15930971503257751,36.850120544433594,0.07919354838709677
Isaac,19999,up_16x29,interrupted,7215,success,,True,True,,,0.17711523175239563,40.104270935058594,0.05129032258064516
Isaac,19999,up_16x29,interrupted,7216,success,,True,True,,,0.14066490530967712,37.90021514892578,0.06040322580645161
Isaac,10000,down_16x29,forward_0.30,7201,command_transition_failure,command_transition_failure,True,True,,,0.3293584883213043,30.33403205871582,0.063
Isaac,10000,down_16x29,forward_0.30,7202,command_transition_failure,command_transition_failure,True,True,,,0.34137508273124695,35.40024185180664,0.0641111111111111
Isaac,10000,down_16x29,forward_0.30,7203,command_transition_failure,command_transition_failure,True,True,,,0.3390432894229889,30.40833282470703,0.07388888888888889
Isaac,10000,down_16x29,forward_0.30,7204,command_transition_failure,command_transition_failure,True,True,,,0.3510340750217438,46.066314697265625,0.04733333333333333
Isaac,10000,down_16x29,forward_0.30,7205,command_transition_failure,command_transition_failure,True,True,,,0.385995477437973,31.840438842773438,0.059444444444444446
Isaac,10000,down_16x29,forward_0.30,7206,command_transition_failure,command_transition_failure,True,True,,,0.3236514627933502,30.774473190307617,0.08344444444444445
Isaac,10000,down_16x29,forward_0.30,7207,command_transition_failure,command_transition_failure,True,True,,,0.31900933384895325,32.24697494506836,0.05377777777777778
Isaac,10000,down_16x29,forward_0.30,7208,command_transition_failure,command_transition_failure,True,True,,,0.33161017298698425,32.958824157714844,0.1068888888888889
Isaac,10000,down_16x29,forward_0.30,7209,command_transition_failure,command_transition_failure,True,True,,,0.30746838450431824,33.58231735229492,0.06111111111111111
Isaac,10000,down_16x29,forward_0.30,7210,command_transition_failure,command_transition_failure,True,True,,,0.33648791909217834,31.446426391601562,0.06655555555555556
Isaac,10000,down_16x29,forward_0.30,7211,command_transition_failure,command_transition_failure,True,True,,,0.32246050238609314,31.667869567871094,0.04833333333333333
Isaac,10000,down_16x29,forward_0.30,7212,command_transition_failure,command_transition_failure,True,True,,,0.3306839168071747,38.5140380859375,0.05688888888888889
Isaac,10000,down_16x29,forward_0.30,7213,tracking_failure,command_transition_failure|tracking_failure,True,True,,,0.3309527337551117,31.61823272705078,0.19311111111111112
Isaac,10000,down_16x29,forward_0.30,7214,command_transition_failure,command_transition_failure,True,True,,,0.3729752004146576,32.1400032043457,0.06177777777777778
Isaac,10000,down_16x29,forward_0.30,7215,command_transition_failure,command_transition_failure,True,True,,,0.326234370470047,33.84324264526367,0.08544444444444445
Isaac,10000,down_16x29,forward_0.30,7216,command_transition_failure,command_transition_failure,True,True,,,0.34531906247138977,32.93494415283203,0.04922222222222222
Isaac,10000,down_16x29,forward_0.70,7201,success,,True,True,,,0.4712927043437958,23.271081924438477,0.0011111111111111111
Isaac,10000,down_16x29,forward_0.70,7202,success,,True,True,,,0.4941069185733795,23.550573348999023,0.0024444444444444444
Isaac,10000,down_16x29,forward_0.70,7203,success,,True,True,,,0.4591391980648041,28.777721405029297,0.0015555555555555555
Isaac,10000,down_16x29,forward_0.70,7204,success,,True,True,,,0.4627617299556732,21.497865676879883,0.001888888888888889
Isaac,10000,down_16x29,forward_0.70,7205,success,,True,True,,,0.4211253225803375,20.226802825927734,0.0007777777777777777
Isaac,10000,down_16x29,forward_0.70,7206,success,,True,True,,,0.44322898983955383,24.658843994140625,0.0014444444444444444
Isaac,10000,down_16x29,forward_0.70,7207,success,,True,True,,,0.5654861927032471,21.52305793762207,0.0016666666666666668
Isaac,10000,down_16x29,forward_0.70,7208,success,,True,True,,,0.49900320172309875,24.62877655029297,0.0034444444444444444
Isaac,10000,down_16x29,forward_0.70,7209,success,,True,True,,,0.4452572166919708,24.889610290527344,0.001
Isaac,10000,down_16x29,forward_0.70,7210,success,,True,True,,,0.48394128680229187,23.94623565673828,0.0015555555555555555
Isaac,10000,down_16x29,forward_0.70,7211,success,,True,True,,,0.4343290627002716,25.4715576171875,0.0014444444444444444
Isaac,10000,down_16x29,forward_0.70,7212,success,,True,True,,,0.48457691073417664,22.197193145751953,0.0011111111111111111
Isaac,10000,down_16x29,forward_0.70,7213,success,,True,True,,,0.43616417050361633,20.429162979125977,0.0008888888888888889
Isaac,10000,down_16x29,forward_0.70,7214,success,,True,True,,,0.44119468331336975,25.786937713623047,0.0013333333333333333
Isaac,10000,down_16x29,forward_0.70,7215,success,,True,True,,,0.4264729917049408,30.361486434936523,0.0017777777777777779
Isaac,10000,down_16x29,forward_0.70,7216,success,,True,True,,,0.4436791241168976,22.007375717163086,0.0011111111111111111
Isaac,10000,down_16x29,interrupted,7201,success,,True,True,,,0.4155159890651703,33.405303955078125,0.01903225806451613
Isaac,10000,down_16x29,interrupted,7202,success,,True,True,,,0.42907431721687317,31.469928741455078,0.01467741935483871
Isaac,10000,down_16x29,interrupted,7203,standstill_failure,standstill_failure,True,True,,,0.4523361027240753,31.1607666015625,0.029919354838709677
Isaac,10000,down_16x29,interrupted,7204,standstill_failure,standstill_failure,True,True,,,0.3975572884082794,33.02760314941406,0.04419354838709678
Isaac,10000,down_16x29,interrupted,7205,success,,True,True,,,0.42209628224372864,34.2977180480957,0.018790322580645162
Isaac,10000,down_16x29,interrupted,7206,success,,True,True,,,0.4080216586589813,32.56895446777344,0.012580645161290323
Isaac,10000,down_16x29,interrupted,7207,standstill_failure,standstill_failure,True,True,,,0.42940738797187805,31.96314239501953,0.03387096774193549
Isaac,10000,down_16x29,interrupted,7208,success,,True,True,,,0.4036499559879303,30.66809844970703,0.014112903225806451
Isaac,10000,down_16x29,interrupted,7209,success,,True,True,,,0.42783108353614807,30.209171295166016,0.02032258064516129
Isaac,10000,down_16x29,interrupted,7210,success,,True,True,,,0.45141974091529846,31.816173553466797,0.016129032258064516
Isaac,10000,down_16x29,interrupted,7211,standstill_failure,standstill_failure,True,True,,,0.4234972894191742,31.866655349731445,0.03306451612903226
Isaac,10000,down_16x29,interrupted,7212,success,,True,True,,,0.41884103417396545,30.185272216796875,0.01532258064516129
Isaac,10000,down_16x29,interrupted,7213,success,,True,True,,,0.3949538767337799,34.17057800292969,0.02314516129032258
Isaac,10000,down_16x29,interrupted,7214,success,,True,True,,,0.4245741069316864,35.47220993041992,0.030806451612903227
Isaac,10000,down_16x29,interrupted,7215,success,,True,True,,,0.448953241109848,34.758201599121094,0.014112903225806451
Isaac,10000,down_16x29,interrupted,7216,success,,True,True,,,0.41388657689094543,30.041139602661133,0.014032258064516129
Isaac,15000,down_16x29,forward_0.30,7201,success,,True,True,,,0.5098216533660889,22.694751739501953,0.001888888888888889
Isaac,15000,down_16x29,forward_0.30,7202,success,,True,True,,,0.5180685520172119,25.838947296142578,0.0026666666666666666
Isaac,15000,down_16x29,forward_0.30,7203,success,,True,True,,,0.5084489583969116,26.97063446044922,0.002
Isaac,15000,down_16x29,forward_0.30,7204,success,,True,True,,,0.4767715632915497,24.409650802612305,0.0012222222222222222
Isaac,15000,down_16x29,forward_0.30,7205,success,,True,True,,,0.4578365981578827,22.248638153076172,0.002111111111111111
Isaac,15000,down_16x29,forward_0.30,7206,success,,True,True,,,0.5012086629867554,20.880939483642578,0.0012222222222222222
Isaac,15000,down_16x29,forward_0.30,7207,success,,True,True,,,0.5685982704162598,25.978960037231445,0.0026666666666666666
Isaac,15000,down_16x29,forward_0.30,7208,success,,True,True,,,0.47876355051994324,24.84530258178711,0.001
Isaac,15000,down_16x29,forward_0.30,7209,success,,True,True,,,0.5019577741622925,23.38602638244629,0.0022222222222222222
Isaac,15000,down_16x29,forward_0.30,7210,success,,True,True,,,0.5262289047241211,20.076799392700195,0.0017777777777777779
Isaac,15000,down_16x29,forward_0.30,7211,success,,True,True,,,0.5322680473327637,28.67418670654297,0.0008888888888888889
Isaac,15000,down_16x29,forward_0.30,7212,success,,True,True,,,0.49781325459480286,26.480266571044922,0.001888888888888889
Isaac,15000,down_16x29,forward_0.30,7213,success,,True,True,,,0.4910446107387543,23.946979522705078,0.0022222222222222222
Isaac,15000,down_16x29,forward_0.30,7214,success,,True,True,,,0.505348801612854,23.596405029296875,0.0023333333333333335
Isaac,15000,down_16x29,forward_0.30,7215,success,,True,True,,,0.5005267858505249,24.92989158630371,0.0024444444444444444
Isaac,15000,down_16x29,forward_0.30,7216,success,,True,True,,,0.501407265663147,20.713281631469727,0.0017777777777777779
Isaac,15000,down_16x29,forward_0.70,7201,success,,True,True,,,0.6380358934402466,20.560684204101562,0.001
Isaac,15000,down_16x29,forward_0.70,7202,success,,True,True,,,0.5953037738800049,21.085664749145508,0.0012222222222222222
Isaac,15000,down_16x29,forward_0.70,7203,success,,True,True,,,0.5574257373809814,22.10476303100586,0.0007777777777777777
Isaac,15000,down_16x29,forward_0.70,7204,success,,True,True,,,0.5866434574127197,18.290367126464844,0.001
Isaac,15000,down_16x29,forward_0.70,7205,success,,True,True,,,0.5514336824417114,19.303857803344727,0.0006666666666666666
Isaac,15000,down_16x29,forward_0.70,7206,success,,True,True,,,0.5052216053009033,17.243892669677734,0.0016666666666666668
Isaac,15000,down_16x29,forward_0.70,7207,success,,True,True,,,0.6197642087936401,21.069242477416992,0.0007777777777777777
Isaac,15000,down_16x29,forward_0.70,7208,success,,True,True,,,0.6149594783782959,20.703947067260742,0.0015555555555555555
Isaac,15000,down_16x29,forward_0.70,7209,success,,True,True,,,0.6480770111083984,18.666744232177734,0.0008888888888888889
Isaac,15000,down_16x29,forward_0.70,7210,success,,True,True,,,0.6014566421508789,20.251007080078125,0.001888888888888889
Isaac,15000,down_16x29,forward_0.70,7211,success,,True,True,,,0.6482654809951782,17.753101348876953,0.0015555555555555555
Isaac,15000,down_16x29,forward_0.70,7212,success,,True,True,,,0.5689979791641235,19.7641544342041,0.0013333333333333333
Isaac,15000,down_16x29,forward_0.70,7213,success,,True,True,,,0.5479487180709839,17.559812545776367,0.0011111111111111111
Isaac,15000,down_16x29,forward_0.70,7214,success,,True,True,,,0.5032697916030884,22.439104080200195,0.0007777777777777777
Isaac,15000,down_16x29,forward_0.70,7215,success,,True,True,,,0.6040847301483154,18.543716430664062,0.0012222222222222222
Isaac,15000,down_16x29,forward_0.70,7216,success,,True,True,,,0.5658708810806274,17.776042938232422,0.0008888888888888889
Isaac,15000,down_16x29,interrupted,7201,standstill_failure,standstill_failure,True,True,,,0.5632795095443726,31.51464080810547,0.11701612903225807
Isaac,15000,down_16x29,interrupted,7202,standstill_failure,standstill_failure,True,True,,,0.5532563924789429,30.44455909729004,0.0779032258064516
Isaac,15000,down_16x29,interrupted,7203,standstill_failure,standstill_failure,True,True,,,0.5112836360931396,43.70078659057617,0.14887096774193548
Isaac,15000,down_16x29,interrupted,7204,standstill_failure,standstill_failure,True,True,,,0.47329744696617126,29.54864501953125,0.07016129032258064
Isaac,15000,down_16x29,interrupted,7205,standstill_failure,standstill_failure,True,True,,,0.4288802444934845,46.944908142089844,0.10596774193548388
Isaac,15000,down_16x29,interrupted,7206,standstill_failure,standstill_failure,True,True,,,0.46586087346076965,33.835365295410156,0.11524193548387096
Isaac,15000,down_16x29,interrupted,7207,standstill_failure,standstill_failure,True,True,,,0.5780909061431885,47.443729400634766,0.09112903225806451
Isaac,15000,down_16x29,interrupted,7208,standstill_failure,standstill_failure,True,True,,,0.3954130709171295,46.472835540771484,0.10209677419354839
Isaac,15000,down_16x29,interrupted,7209,standstill_failure,standstill_failure,True,True,,,0.5813839435577393,30.568639755249023,0.10475806451612903
Isaac,15000,down_16x29,interrupted,7210,success,,True,True,,,0.5460487604141235,17.98468017578125,0.0006451612903225806
Isaac,15000,down_16x29,interrupted,7211,success,,True,True,,,0.629607081413269,17.531892776489258,0.0005645161290322581
Isaac,15000,down_16x29,interrupted,7212,standstill_failure,standstill_failure,True,True,,,0.5139607191085815,41.17113494873047,0.07862903225806452
Isaac,15000,down_16x29,interrupted,7213,standstill_failure,standstill_failure,True,True,,,0.3839940130710602,30.635528564453125,0.11379032258064516
Isaac,15000,down_16x29,interrupted,7214,standstill_failure,standstill_failure,True,True,,,0.42564359307289124,45.24912643432617,0.12048387096774194
Isaac,15000,down_16x29,interrupted,7215,standstill_failure,standstill_failure,True,True,,,0.500105619430542,42.451969146728516,0.11040322580645161
Isaac,15000,down_16x29,interrupted,7216,standstill_failure,standstill_failure,True,True,,,0.4396475851535797,37.01822280883789,0.0939516129032258
Isaac,19999,down_16x29,forward_0.30,7201,success,,True,True,,,0.5096523761749268,25.46786117553711,0.0028888888888888888
Isaac,19999,down_16x29,forward_0.30,7202,success,,True,True,,,0.4897388517856598,21.88851547241211,0.0022222222222222222
Isaac,19999,down_16x29,forward_0.30,7203,success,,True,True,,,0.49050673842430115,26.987812042236328,0.0028888888888888888
Isaac,19999,down_16x29,forward_0.30,7204,success,,True,True,,,0.49466732144355774,29.270912170410156,0.0028888888888888888
Isaac,19999,down_16x29,forward_0.30,7205,success,,True,True,,,0.49066123366355896,22.12156105041504,0.0023333333333333335
Isaac,19999,down_16x29,forward_0.30,7206,success,,True,True,,,0.5087343454360962,23.017982482910156,0.0013333333333333333
Isaac,19999,down_16x29,forward_0.30,7207,success,,True,True,,,0.5147651433944702,24.018619537353516,0.0033333333333333335
Isaac,19999,down_16x29,forward_0.30,7208,success,,True,True,,,0.48935773968696594,26.14086151123047,0.0028888888888888888
Isaac,19999,down_16x29,forward_0.30,7209,success,,True,True,,,0.5109468698501587,24.370384216308594,0.002777777777777778
Isaac,19999,down_16x29,forward_0.30,7210,success,,True,True,,,0.5016928911209106,28.313568115234375,0.003111111111111111
Isaac,19999,down_16x29,forward_0.30,7211,success,,True,True,,,0.488606721162796,27.866191864013672,0.0015555555555555555
Isaac,19999,down_16x29,forward_0.30,7212,success,,True,True,,,0.49293115735054016,28.15276527404785,0.0023333333333333335
Isaac,19999,down_16x29,forward_0.30,7213,success,,True,True,,,0.504548192024231,22.7247257232666,0.0028888888888888888
Isaac,19999,down_16x29,forward_0.30,7214,success,,True,True,,,0.512548565864563,23.83791160583496,0.0025555555555555557
Isaac,19999,down_16x29,forward_0.30,7215,success,,True,True,,,0.5144274234771729,28.746685028076172,0.004
Isaac,19999,down_16x29,forward_0.30,7216,success,,True,True,,,0.4969308078289032,27.656173706054688,0.004222222222222222
Isaac,19999,down_16x29,forward_0.70,7201,success,,True,True,,,0.6090881824493408,20.841806411743164,0.0014444444444444444
Isaac,19999,down_16x29,forward_0.70,7202,success,,True,True,,,0.5973927974700928,20.146312713623047,0.0006666666666666666
Isaac,19999,down_16x29,forward_0.70,7203,success,,True,True,,,0.5743969678878784,19.12203598022461,0.0007777777777777777
Isaac,19999,down_16x29,forward_0.70,7204,success,,True,True,,,0.5908342599868774,22.035263061523438,0.001
Isaac,19999,down_16x29,forward_0.70,7205,success,,True,True,,,0.5829908847808838,22.201215744018555,0.0011111111111111111
Isaac,19999,down_16x29,forward_0.70,7206,success,,True,True,,,0.5506855249404907,23.19402313232422,0.0008888888888888889
Isaac,19999,down_16x29,forward_0.70,7207,success,,True,True,,,0.6572146415710449,22.28841781616211,0.001
Isaac,19999,down_16x29,forward_0.70,7208,success,,True,True,,,0.613491415977478,22.31649398803711,0.001
Isaac,19999,down_16x29,forward_0.70,7209,success,,True,True,,,0.6518771648406982,22.61896514892578,0.0011111111111111111
Isaac,19999,down_16x29,forward_0.70,7210,success,,True,True,,,0.6218733787536621,20.646785736083984,0.0011111111111111111
Isaac,19999,down_16x29,forward_0.70,7211,success,,True,True,,,0.6246964931488037,19.534290313720703,0.0008888888888888889
Isaac,19999,down_16x29,forward_0.70,7212,success,,True,True,,,0.5618557929992676,18.463119506835938,0.0011111111111111111
Isaac,19999,down_16x29,forward_0.70,7213,success,,True,True,,,0.5355093479156494,25.226940155029297,0.0012222222222222222
Isaac,19999,down_16x29,forward_0.70,7214,success,,True,True,,,0.5318785905838013,20.148937225341797,0.0005555555555555556
Isaac,19999,down_16x29,forward_0.70,7215,success,,True,True,,,0.5959765911102295,23.434539794921875,0.001
Isaac,19999,down_16x29,forward_0.70,7216,success,,True,True,,,0.5946774482727051,19.568416595458984,0.0014444444444444444
Isaac,19999,down_16x29,interrupted,7201,success,,True,True,,,0.6215717792510986,27.18718910217285,0.0008064516129032258
Isaac,19999,down_16x29,interrupted,7202,success,,True,True,,,0.6086621284484863,21.211904525756836,0.0008064516129032258
Isaac,19999,down_16x29,interrupted,7203,success,,True,True,,,0.587875247001648,21.826669692993164,0.0012903225806451613
Isaac,19999,down_16x29,interrupted,7204,success,,True,True,,,0.6138429641723633,20.919517517089844,0.10870967741935483
Isaac,19999,down_16x29,interrupted,7205,success,,True,True,,,0.5627726316452026,20.557899475097656,0.014516129032258065
Isaac,19999,down_16x29,interrupted,7206,success,,True,True,,,0.5436670780181885,18.479198455810547,0.0003225806451612903
Isaac,19999,down_16x29,interrupted,7207,success,,True,True,,,0.5864249467849731,22.22028350830078,0.13564516129032259
Isaac,19999,down_16x29,interrupted,7208,success,,True,True,,,0.6030482053756714,27.233049392700195,0.1217741935483871
Isaac,19999,down_16x29,interrupted,7209,success,,True,True,,,0.6005803346633911,20.029258728027344,0.0007258064516129033
Isaac,19999,down_16x29,interrupted,7210,success,,True,True,,,0.651713490486145,23.033157348632812,0.0005645161290322581
Isaac,19999,down_16x29,interrupted,7211,success,,True,True,,,0.553977370262146,28.3243408203125,0.13435483870967743
Isaac,19999,down_16x29,interrupted,7212,success,,True,True,,,0.645296573638916,26.441112518310547,0.0006451612903225806
Isaac,19999,down_16x29,interrupted,7213,success,,True,True,,,0.5952634811401367,18.96285629272461,0.0012903225806451613
Isaac,19999,down_16x29,interrupted,7214,success,,True,True,,,0.5669885873794556,18.498598098754883,0.00024193548387096774
Isaac,19999,down_16x29,interrupted,7215,success,,True,True,,,0.601902961730957,20.361148834228516,0.0007258064516129033
Isaac,19999,down_16x29,interrupted,7216,success,,True,True,,,0.570510983467102,28.870895385742188,0.08556451612903226
MuJoCo,10000,flat,stand,7201,success,,True,,,,0.7321033859504668,1.5400502751157625,0.0
MuJoCo,10000,flat,stand,7202,success,,True,,,,0.7317421720290481,1.5050041489435697,0.0
MuJoCo,10000,flat,stand,7203,success,,True,,,,0.7335963483144929,1.5746655223892985,0.0
MuJoCo,10000,flat,stand,7204,success,,True,,,,0.7324759671977168,1.4187880914908657,0.0
MuJoCo,10000,flat,stand,7205,success,,True,,,,0.7315073585623587,1.6915305727591665,0.0
MuJoCo,10000,flat,stand,7206,success,,True,,,,0.733904588819123,1.4514092003780064,0.0
MuJoCo,10000,flat,stand,7207,success,,True,,,,0.7307509663997932,1.4801203283987847,0.0
MuJoCo,10000,flat,stand,7208,success,,True,,,,0.7333915932961297,1.3548404380598376,0.0
MuJoCo,10000,flat,stand,7209,success,,True,,,,0.7323001154936645,1.4307513979696702,0.0
MuJoCo,10000,flat,stand,7210,success,,True,,,,0.7345427353085173,1.6597943943909939,0.0
MuJoCo,10000,flat,stand,7211,success,,True,,,,0.7324200845458783,1.4088712862283184,0.0
MuJoCo,10000,flat,stand,7212,success,,True,,,,0.7345353418818035,1.6478797152010156,0.0
MuJoCo,10000,flat,stand,7213,success,,True,,,,0.7326650347549364,1.4200985132647261,0.0
MuJoCo,10000,flat,stand,7214,success,,True,,,,0.7341154076062593,1.2964175457785079,0.0
MuJoCo,10000,flat,stand,7215,success,,True,,,,0.7345774143721042,1.5904851349587323,0.0
MuJoCo,10000,flat,stand,7216,success,,True,,,,0.7351035937458497,1.6714670720068177,0.0
MuJoCo,10000,flat,vx_-0.50,7201,success,,True,,,,0.7018972480849991,7.44314492027707,0.0016363636363636363
MuJoCo,10000,flat,vx_-0.50,7202,success,,True,,,,0.7019204844836198,7.45093768092257,0.0016363636363636363
MuJoCo,10000,flat,vx_-0.50,7203,success,,True,,,,0.7018017826903321,7.50076740244116,0.0014545454545454545
MuJoCo,10000,flat,vx_-0.50,7204,success,,True,,,,0.7018137872390312,7.498890881554693,0.0018181818181818182
MuJoCo,10000,flat,vx_-0.50,7205,success,,True,,,,0.7019413079368254,7.436086653148574,0.001681818181818182
MuJoCo,10000,flat,vx_-0.50,7206,success,,True,,,,0.7018377677034079,7.450741949000679,0.001409090909090909
MuJoCo,10000,flat,vx_-0.50,7207,success,,True,,,,0.7018229069081947,7.45579289781327,0.0018181818181818182
MuJoCo,10000,flat,vx_-0.50,7208,success,,True,,,,0.701927140068047,7.45082910870469,0.001590909090909091
MuJoCo,10000,flat,vx_-0.50,7209,success,,True,,,,0.7019332598248644,7.627975080798169,0.0015
MuJoCo,10000,flat,vx_-0.50,7210,success,,True,,,,0.7020611194704338,7.506587338625732,0.001681818181818182
MuJoCo,10000,flat,vx_-0.50,7211,success,,True,,,,0.7018383123871944,7.449538743323905,0.0017272727272727272
MuJoCo,10000,flat,vx_-0.50,7212,success,,True,,,,0.702031487348235,7.440356548413348,0.0015454545454545454
MuJoCo,10000,flat,vx_-0.50,7213,success,,True,,,,0.7018050903307247,7.4596806546517165,0.0015454545454545454
MuJoCo,10000,flat,vx_-0.50,7214,success,,True,,,,0.7020458624492479,7.48347298072235,0.0015454545454545454
MuJoCo,10000,flat,vx_-0.50,7215,success,,True,,,,0.7020080757032494,7.420999320197718,0.0016363636363636363
MuJoCo,10000,flat,vx_-0.50,7216,success,,True,,,,0.7020390094415865,7.434140306769054,0.001590909090909091
MuJoCo,10000,flat,vx_+0.50,7201,success,,True,,,,0.7002388232459977,7.981011191907681,0.001
MuJoCo,10000,flat,vx_+0.50,7202,success,,True,,,,0.7004846387087956,8.034163430540447,0.0009545454545454546
MuJoCo,10000,flat,vx_+0.50,7203,success,,True,,,,0.7000539752038091,7.982207994992734,0.0009545454545454546
MuJoCo,10000,flat,vx_+0.50,7204,success,,True,,,,0.7001306083873708,7.948013243494974,0.0009090909090909091
MuJoCo,10000,flat,vx_+0.50,7205,success,,True,,,,0.7003998054669921,8.019141098927864,0.001
MuJoCo,10000,flat,vx_+0.50,7206,success,,True,,,,0.7002946138429603,8.053945384740203,0.001
MuJoCo,10000,flat,vx_+0.50,7207,success,,True,,,,0.6999725527703824,7.972415278867122,0.0009090909090909091
MuJoCo,10000,flat,vx_+0.50,7208,success,,True,,,,0.700279491376405,8.035237110015728,0.0009545454545454546
MuJoCo,10000,flat,vx_+0.50,7209,success,,True,,,,0.7003607098924544,8.123034187727976,0.001090909090909091
MuJoCo,10000,flat,vx_+0.50,7210,success,,True,,,,0.7002114012152789,8.128748019986007,0.001090909090909091
MuJoCo,10000,flat,vx_+0.50,7211,success,,True,,,,0.7001458987792626,7.974188735504059,0.0009545454545454546
MuJoCo,10000,flat,vx_+0.50,7212,success,,True,,,,0.7002101370802061,8.037589513926038,0.001090909090909091
MuJoCo,10000,flat,vx_+0.50,7213,success,,True,,,,0.700160388208719,7.98001042600469,0.0008636363636363636
MuJoCo,10000,flat,vx_+0.50,7214,success,,True,,,,0.7003004795797719,8.099568699110375,0.0010454545454545454
MuJoCo,10000,flat,vx_+0.50,7215,success,,True,,,,0.7001814333399731,8.014672787757148,0.0010454545454545454
MuJoCo,10000,flat,vx_+0.50,7216,success,,True,,,,0.7001614896896744,8.103969669284854,0.001090909090909091
MuJoCo,10000,flat,vx_+1.00,7201,tracking_failure,command_transition_failure|tracking_failure,True,,,,0.7474514311963021,18.851724888198188,0.21863636363636363
MuJoCo,10000,flat,vx_+1.00,7202,tracking_failure,command_transition_failure|tracking_failure,True,,,,0.7475337834543062,18.892245395147494,0.21845454545454546
MuJoCo,10000,flat,vx_+1.00,7203,tracking_failure,command_transition_failure|tracking_failure,True,,,,0.7473702298097589,18.839573873126355,0.21836363636363637
MuJoCo,10000,flat,vx_+1.00,7204,tracking_failure,command_transition_failure|tracking_failure,True,,,,0.7475669024020001,18.966563636866866,0.21872727272727271
MuJoCo,10000,flat,vx_+1.00,7205,tracking_failure,command_transition_failure|tracking_failure,True,,,,0.7472610630808366,19.083854128506484,0.21813636363636363
MuJoCo,10000,flat,vx_+1.00,7206,tracking_failure,command_transition_failure|tracking_failure,True,,,,0.747043714738634,18.889850784789665,0.21795454545454546
MuJoCo,10000,flat,vx_+1.00,7207,tracking_failure,command_transition_failure|tracking_failure,True,,,,0.7471054532210731,18.9061057118799,0.2195
MuJoCo,10000,flat,vx_+1.00,7208,tracking_failure,command_transition_failure|tracking_failure,True,,,,0.747538858849699,18.967250917156363,0.21736363636363637
MuJoCo,10000,flat,vx_+1.00,7209,tracking_failure,command_transition_failure|tracking_failure,True,,,,0.7470565515204932,18.979794106579913,0.21859090909090909
MuJoCo,10000,flat,vx_+1.00,7210,tracking_failure,command_transition_failure|tracking_failure,True,,,,0.7471300112917605,19.039412651537305,0.21722727272727274
MuJoCo,10000,flat,vx_+1.00,7211,tracking_failure,command_transition_failure|tracking_failure,True,,,,0.7471982043034873,18.86683557930373,0.21786363636363637
MuJoCo,10000,flat,vx_+1.00,7212,tracking_failure,command_transition_failure|tracking_failure,True,,,,0.7474749420364438,19.033454839299807,0.21818181818181817
MuJoCo,10000,flat,vx_+1.00,7213,tracking_failure,command_transition_failure|tracking_failure,True,,,,0.74695758799384,18.865537009066905,0.21781818181818183
MuJoCo,10000,flat,vx_+1.00,7214,tracking_failure,command_transition_failure|tracking_failure,True,,,,0.7471867100033804,19.104858024525214,0.21809090909090909
MuJoCo,10000,flat,vx_+1.00,7215,tracking_failure,command_transition_failure|tracking_failure,True,,,,0.7475848481766508,18.83873190853829,0.2177272727272727
MuJoCo,10000,flat,vx_+1.00,7216,tracking_failure,command_transition_failure|tracking_failure,True,,,,0.7472255740474892,19.02974797888131,0.21804545454545454
MuJoCo,10000,flat,vy_-0.20,7201,tracking_failure,command_transition_failure|tracking_failure,True,,,,0.6759518516988943,1.5400502751157625,0.0
MuJoCo,10000,flat,vy_-0.20,7202,tracking_failure,command_transition_failure|tracking_failure,True,,,,0.6766545126843557,1.5050041489435697,0.0
MuJoCo,10000,flat,vy_-0.20,7203,tracking_failure,command_transition_failure|tracking_failure,True,,,,0.6767952734890935,1.776216126318009,0.0
MuJoCo,10000,flat,vy_-0.20,7204,tracking_failure,command_transition_failure|tracking_failure,True,,,,0.6768242157602012,1.6048152385291838,0.0
MuJoCo,10000,flat,vy_-0.20,7205,tracking_failure,command_transition_failure|tracking_failure,True,,,,0.6758455404938974,1.6915305727591665,0.0
MuJoCo,10000,flat,vy_-0.20,7206,tracking_failure,command_transition_failure|tracking_failure,True,,,,0.6765887804497326,1.8091980803327015,0.0
MuJoCo,10000,flat,vy_-0.20,7207,tracking_failure,command_transition_failure|tracking_failure,True,,,,0.6756209459968321,1.6043837386744702,0.0
MuJoCo,10000,flat,vy_-0.20,7208,tracking_failure,command_transition_failure|tracking_failure,True,,,,0.6766587197910032,1.5330778921878299,0.0
MuJoCo,10000,flat,vy_-0.20,7209,tracking_failure,command_transition_failure|tracking_failure,True,,,,0.676059400915537,1.810129484706148,0.0
MuJoCo,10000,flat,vy_-0.20,7210,tracking_failure,command_transition_failure|tracking_failure,True,,,,0.6766837758674547,1.6597943943909939,0.0
MuJoCo,10000,flat,vy_-0.20,7211,tracking_failure,command_transition_failure|tracking_failure,True,,,,0.6764043237196986,1.4928773733769358,0.0
MuJoCo,10000,flat,vy_-0.20,7212,tracking_failure,command_transition_failure|tracking_failure,True,,,,0.6769925428003555,1.6478797152010156,0.0
MuJoCo,10000,flat,vy_-0.20,7213,tracking_failure,command_transition_failure|tracking_failure,True,,,,0.6765722568355221,1.6004401005363469,0.0
MuJoCo,10000,flat,vy_-0.20,7214,tracking_failure,command_transition_failure|tracking_failure,True,,,,0.6764014660703005,1.778797494252594,0.0
MuJoCo,10000,flat,vy_-0.20,7215,tracking_failure,command_transition_failure|tracking_failure,True,,,,0.6769782506277173,1.6349995813434235,0.0
MuJoCo,10000,flat,vy_-0.20,7216,tracking_failure,command_transition_failure|tracking_failure,True,,,,0.6766650911610842,1.6714670720068177,0.0
MuJoCo,10000,flat,vy_+0.20,7201,tracking_failure,command_transition_failure|tracking_failure,True,,,,0.6688115655680297,1.5400502751157625,0.0
MuJoCo,10000,flat,vy_+0.20,7202,tracking_failure,command_transition_failure|tracking_failure,True,,,,0.6686387406261904,1.5050041489435697,0.0
MuJoCo,10000,flat,vy_+0.20,7203,tracking_failure,command_transition_failure|tracking_failure,True,,,,0.669479991188587,1.5746655223892985,0.0
MuJoCo,10000,flat,vy_+0.20,7204,tracking_failure,command_transition_failure|tracking_failure,True,,,,0.6689488328232992,1.4187880914908657,0.0
MuJoCo,10000,flat,vy_+0.20,7205,tracking_failure,command_transition_failure|tracking_failure,True,,,,0.6687572090524969,1.6915305727591665,0.0
MuJoCo,10000,flat,vy_+0.20,7206,tracking_failure,command_transition_failure|tracking_failure,True,,,,0.6702852145677962,1.4514092003780064,0.0
MuJoCo,10000,flat,vy_+0.20,7207,tracking_failure,command_transition_failure|tracking_failure,True,,,,0.668310213380854,1.4801203283987847,0.0
MuJoCo,10000,flat,vy_+0.20,7208,tracking_failure,command_transition_failure|tracking_failure,True,,,,0.6690878789430752,1.3548404380598376,0.0
MuJoCo,10000,flat,vy_+0.20,7209,tracking_failure,command_transition_failure|tracking_failure,True,,,,0.6689864273944904,1.4307513979696702,0.0
MuJoCo,10000,flat,vy_+0.20,7210,tracking_failure,command_transition_failure|tracking_failure,True,,,,0.6694078060476862,1.6597943943909939,0.0
MuJoCo,10000,flat,vy_+0.20,7211,tracking_failure,command_transition_failure|tracking_failure,True,,,,0.6688719127841352,1.4088712862283184,0.0
MuJoCo,10000,flat,vy_+0.20,7212,tracking_failure,command_transition_failure|tracking_failure,True,,,,0.6691996674493724,1.6478797152010156,0.0
MuJoCo,10000,flat,vy_+0.20,7213,tracking_failure,command_transition_failure|tracking_failure,True,,,,0.6689299718126458,1.4200985132647261,0.0
MuJoCo,10000,flat,vy_+0.20,7214,tracking_failure,command_transition_failure|tracking_failure,True,,,,0.6693169287779621,1.2984261740656105,0.0
MuJoCo,10000,flat,vy_+0.20,7215,tracking_failure,command_transition_failure|tracking_failure,True,,,,0.6693190275920464,1.5904851349587323,0.0
MuJoCo,10000,flat,vy_+0.20,7216,tracking_failure,command_transition_failure|tracking_failure,True,,,,0.6693556985561636,1.6714670720068177,0.0
MuJoCo,10000,flat,wz_-0.50,7201,tracking_failure,tracking_failure,True,,,,0.2455459404369903,6.186492223008848,0.0
MuJoCo,10000,flat,wz_-0.50,7202,tracking_failure,tracking_failure,True,,,,0.25394499744260035,6.02764820392065,0.0
MuJoCo,10000,flat,wz_-0.50,7203,tracking_failure,tracking_failure,True,,,,0.24159449146520706,5.674032746942713,0.0
MuJoCo,10000,flat,wz_-0.50,7204,tracking_failure,tracking_failure,True,,,,0.2793233894766627,5.7072967687880825,0.0
MuJoCo,10000,flat,wz_-0.50,7205,tracking_failure,tracking_failure,True,,,,0.24100481374398863,5.908737263682719,0.0
MuJoCo,10000,flat,wz_-0.50,7206,tracking_failure,tracking_failure,True,,,,0.251196362993067,6.016851007890973,0.0
MuJoCo,10000,flat,wz_-0.50,7207,tracking_failure,tracking_failure,True,,,,0.2588424456487345,5.9532584126761945,0.0
MuJoCo,10000,flat,wz_-0.50,7208,tracking_failure,tracking_failure,True,,,,0.26087106171983365,5.927139605071798,0.0
MuJoCo,10000,flat,wz_-0.50,7209,tracking_failure,tracking_failure,True,,,,0.18667899485386974,5.578554791537295,0.0
MuJoCo,10000,flat,wz_-0.50,7210,tracking_failure,tracking_failure,True,,,,0.25394265828656426,6.059026318794758,0.0
MuJoCo,10000,flat,wz_-0.50,7211,tracking_failure,tracking_failure,True,,,,0.2614252991164374,5.658075354736203,0.0
MuJoCo,10000,flat,wz_-0.50,7212,tracking_failure,tracking_failure,True,,,,0.2568441521424688,5.839122253776103,0.0
MuJoCo,10000,flat,wz_-0.50,7213,tracking_failure,tracking_failure,True,,,,0.2676431950910442,5.861214378923234,0.0
MuJoCo,10000,flat,wz_-0.50,7214,tracking_failure,tracking_failure,True,,,,0.24621079727214046,6.093471471625172,0.0
MuJoCo,10000,flat,wz_-0.50,7215,tracking_failure,tracking_failure,True,,,,0.26829291174128134,5.885521507938588,0.0
MuJoCo,10000,flat,wz_-0.50,7216,tracking_failure,command_transition_failure|tracking_failure,True,,,,0.25290126798459656,5.84420075188587,0.0
MuJoCo,10000,flat,wz_+0.50,7201,command_transition_failure,command_transition_failure,True,,,,0.2985158947969101,10.400814912190045,0.0
MuJoCo,10000,flat,wz_+0.50,7202,command_transition_failure,command_transition_failure,True,,,,0.2841024617245501,10.565793322910013,0.00027272727272727274
MuJoCo,10000,flat,wz_+0.50,7203,command_transition_failure,command_transition_failure,True,,,,0.2785000652280657,10.97858318579222,0.0
MuJoCo,10000,flat,wz_+0.50,7204,command_transition_failure,command_transition_failure|standstill_failure,True,,,,0.2859339540673602,10.852503522838669,0.0
MuJoCo,10000,flat,wz_+0.50,7205,command_transition_failure,command_transition_failure,True,,,,0.2859601748862298,11.023709509881176,0.0
MuJoCo,10000,flat,wz_+0.50,7206,success,,True,,,,0.28518718737986115,10.809447800595018,0.0
MuJoCo,10000,flat,wz_+0.50,7207,command_transition_failure,command_transition_failure,True,,,,0.275816537776467,10.506752377544565,0.0013636363636363637
MuJoCo,10000,flat,wz_+0.50,7208,command_transition_failure,command_transition_failure,True,,,,0.28464655067935085,10.467397157623639,0.0
MuJoCo,10000,flat,wz_+0.50,7209,standstill_failure,standstill_failure,True,,,,0.2905452921456212,10.49788043396053,0.0
MuJoCo,10000,flat,wz_+0.50,7210,success,,True,,,,0.2813915833721633,10.533448897358186,0.0
MuJoCo,10000,flat,wz_+0.50,7211,command_transition_failure,command_transition_failure,True,,,,0.26211258688408057,10.804061241040571,0.0
MuJoCo,10000,flat,wz_+0.50,7212,command_transition_failure,command_transition_failure,True,,,,0.2937191828457373,10.468318871928208,0.0
MuJoCo,10000,flat,wz_+0.50,7213,success,,True,,,,0.26589408629260625,10.67514297530375,0.00013636363636363637
MuJoCo,10000,flat,wz_+0.50,7214,success,,True,,,,0.281329787622299,10.603248644899882,0.0
MuJoCo,10000,flat,wz_+0.50,7215,command_transition_failure,command_transition_failure,True,,,,0.2971585553792685,10.551354540690914,0.0
MuJoCo,10000,flat,wz_+0.50,7216,success,,True,,,,0.29580777941409164,10.382563537203517,0.0
MuJoCo,10000,flat,precision_vx_-0.10,7201,success,,True,,,,0.6665573316150216,1.5400502751157625,0.0
MuJoCo,10000,flat,precision_vx_-0.10,7202,success,,True,,,,0.6661893031684101,1.5050041489435697,0.0
MuJoCo,10000,flat,precision_vx_-0.10,7203,success,,True,,,,0.6668740858312382,1.5746655223892985,0.0
MuJoCo,10000,flat,precision_vx_-0.10,7204,success,,True,,,,0.6661626296582868,1.4187880914908657,0.0
MuJoCo,10000,flat,precision_vx_-0.10,7205,success,,True,,,,0.6660673158365,1.6915305727591665,0.0
MuJoCo,10000,flat,precision_vx_-0.10,7206,success,,True,,,,0.667035122229901,1.4514092003780064,0.0
MuJoCo,10000,flat,precision_vx_-0.10,7207,success,,True,,,,0.6658456199622218,1.4801203283987847,0.0
MuJoCo,10000,flat,precision_vx_-0.10,7208,success,,True,,,,0.66645908283738,1.3548404380598376,0.0
MuJoCo,10000,flat,precision_vx_-0.10,7209,success,,True,,,,0.6668196816965228,1.4307513979696702,0.0
MuJoCo,10000,flat,precision_vx_-0.10,7210,success,,True,,,,0.6667174260263438,1.6597943943909939,0.0
MuJoCo,10000,flat,precision_vx_-0.10,7211,success,,True,,,,0.6665858927002235,1.4088712862283184,0.0
MuJoCo,10000,flat,precision_vx_-0.10,7212,success,,True,,,,0.6668916385864314,1.6478797152010156,0.0
MuJoCo,10000,flat,precision_vx_-0.10,7213,success,,True,,,,0.6667711489410204,1.4200985132647261,0.0
MuJoCo,10000,flat,precision_vx_-0.10,7214,success,,True,,,,0.6664519962232738,1.2964175457785079,0.0
MuJoCo,10000,flat,precision_vx_-0.10,7215,success,,True,,,,0.6664889860466805,1.5904851349587323,0.0
MuJoCo,10000,flat,precision_vx_-0.10,7216,success,,True,,,,0.666746097286695,1.6714670720068177,0.0
MuJoCo,10000,flat,precision_vx_+0.10,7201,success,,True,,,,0.6687448976223417,1.5400502751157625,0.0
MuJoCo,10000,flat,precision_vx_+0.10,7202,success,,True,,,,0.6690300647139644,1.5050041489435697,0.0
MuJoCo,10000,flat,precision_vx_+0.10,7203,success,,True,,,,0.6689006297469198,1.5746655223892985,0.0
MuJoCo,10000,flat,precision_vx_+0.10,7204,success,,True,,,,0.6689248917299668,1.4187880914908657,0.0
MuJoCo,10000,flat,precision_vx_+0.10,7205,success,,True,,,,0.6690299262021321,1.6915305727591665,0.0
MuJoCo,10000,flat,precision_vx_+0.10,7206,success,,True,,,,0.6689447490991165,1.5013175694905478,0.0
MuJoCo,10000,flat,precision_vx_+0.10,7207,success,,True,,,,0.6685893920461716,1.4801203283987847,0.0
MuJoCo,10000,flat,precision_vx_+0.10,7208,success,,True,,,,0.6692411968798047,1.4337991523001925,0.0
MuJoCo,10000,flat,precision_vx_+0.10,7209,success,,True,,,,0.6689916024140654,1.567797947428203,0.0
MuJoCo,10000,flat,precision_vx_+0.10,7210,success,,True,,,,0.6694397792459259,1.6597943943909939,0.0
MuJoCo,10000,flat,precision_vx_+0.10,7211,success,,True,,,,0.6686952468625513,1.4169501079376698,0.0
MuJoCo,10000,flat,precision_vx_+0.10,7212,success,,True,,,,0.6691666863302961,1.6478797152010156,0.0
MuJoCo,10000,flat,precision_vx_+0.10,7213,success,,True,,,,0.668765320980227,1.4200985132647261,0.0
MuJoCo,10000,flat,precision_vx_+0.10,7214,success,,True,,,,0.6692356225941036,1.5383665817173588,0.0
MuJoCo,10000,flat,precision_vx_+0.10,7215,success,,True,,,,0.669094566222982,1.5904851349587323,0.0
MuJoCo,10000,flat,precision_vx_+0.10,7216,success,,True,,,,0.6694203018137086,1.6714670720068177,0.0
MuJoCo,10000,flat,precision_vy_-0.10,7201,tracking_failure,tracking_failure,True,,,,0.6603170866647413,1.5400502751157625,0.0
MuJoCo,10000,flat,precision_vy_-0.10,7202,tracking_failure,tracking_failure,True,,,,0.6606045849653861,1.5050041489435697,0.0
MuJoCo,10000,flat,precision_vy_-0.10,7203,tracking_failure,tracking_failure,True,,,,0.6614797383071872,1.5746655223892985,0.0
MuJoCo,10000,flat,precision_vy_-0.10,7204,tracking_failure,tracking_failure,True,,,,0.6609123042746836,1.4187880914908657,0.0
MuJoCo,10000,flat,precision_vy_-0.10,7205,tracking_failure,tracking_failure,True,,,,0.6599367288726492,1.6915305727591665,0.0
MuJoCo,10000,flat,precision_vy_-0.10,7206,tracking_failure,tracking_failure,True,,,,0.661898039303036,1.4514092003780064,0.0
MuJoCo,10000,flat,precision_vy_-0.10,7207,tracking_failure,tracking_failure,True,,,,0.6593754791895821,1.4801203283987847,0.0
MuJoCo,10000,flat,precision_vy_-0.10,7208,tracking_failure,tracking_failure,True,,,,0.6616388804504254,1.3548404380598376,0.0
MuJoCo,10000,flat,precision_vy_-0.10,7209,tracking_failure,tracking_failure,True,,,,0.6603644740599995,1.4307513979696702,0.0
MuJoCo,10000,flat,precision_vy_-0.10,7210,tracking_failure,tracking_failure,True,,,,0.6618597596093616,1.6597943943909939,0.0
MuJoCo,10000,flat,precision_vy_-0.10,7211,tracking_failure,tracking_failure,True,,,,0.6606590646660329,1.4088712862283184,0.0
MuJoCo,10000,flat,precision_vy_-0.10,7212,tracking_failure,tracking_failure,True,,,,0.6616436443792453,1.6478797152010156,0.0
MuJoCo,10000,flat,precision_vy_-0.10,7213,tracking_failure,tracking_failure,True,,,,0.6608611498967365,1.4200985132647261,0.0
MuJoCo,10000,flat,precision_vy_-0.10,7214,tracking_failure,tracking_failure,True,,,,0.6617496005837233,1.2964175457785079,0.0
MuJoCo,10000,flat,precision_vy_-0.10,7215,tracking_failure,tracking_failure,True,,,,0.6618290691663513,1.5904851349587323,0.0
MuJoCo,10000,flat,precision_vy_-0.10,7216,tracking_failure,tracking_failure,True,,,,0.66202672187641,1.6714670720068177,0.0
MuJoCo,10000,flat,precision_vy_+0.10,7201,tracking_failure,tracking_failure,True,,,,0.667655691374953,1.5400502751157625,0.0
MuJoCo,10000,flat,precision_vy_+0.10,7202,tracking_failure,tracking_failure,True,,,,0.6670802750242721,1.5050041489435697,0.0
MuJoCo,10000,flat,precision_vy_+0.10,7203,tracking_failure,tracking_failure,True,,,,0.6672496423605516,1.5746655223892985,0.0
MuJoCo,10000,flat,precision_vy_+0.10,7204,tracking_failure,tracking_failure,True,,,,0.6674221488238044,1.4187880914908657,0.0
MuJoCo,10000,flat,precision_vy_+0.10,7205,tracking_failure,tracking_failure,True,,,,0.666983002313935,1.6915305727591665,0.0
MuJoCo,10000,flat,precision_vy_+0.10,7206,tracking_failure,tracking_failure,True,,,,0.6672113751046852,1.4514092003780064,0.0
MuJoCo,10000,flat,precision_vy_+0.10,7207,tracking_failure,tracking_failure,True,,,,0.6674577564878224,1.4801203283987847,0.0
MuJoCo,10000,flat,precision_vy_+0.10,7208,tracking_failure,tracking_failure,True,,,,0.6673702225077975,1.3548404380598376,0.0
MuJoCo,10000,flat,precision_vy_+0.10,7209,tracking_failure,tracking_failure,True,,,,0.6670146425696035,1.4307513979696702,0.0
MuJoCo,10000,flat,precision_vy_+0.10,7210,tracking_failure,tracking_failure,True,,,,0.6677689496549091,1.6597943943909939,0.0
MuJoCo,10000,flat,precision_vy_+0.10,7211,tracking_failure,tracking_failure,True,,,,0.6676921537059333,1.4088712862283184,0.0
MuJoCo,10000,flat,precision_vy_+0.10,7212,tracking_failure,tracking_failure,True,,,,0.6673013379121929,1.6478797152010156,0.0
MuJoCo,10000,flat,precision_vy_+0.10,7213,tracking_failure,tracking_failure,True,,,,0.6671800100053522,1.4200985132647261,0.0
MuJoCo,10000,flat,precision_vy_+0.10,7214,tracking_failure,tracking_failure,True,,,,0.6676933097125286,1.2964175457785079,0.0
MuJoCo,10000,flat,precision_vy_+0.10,7215,tracking_failure,tracking_failure,True,,,,0.6676785190240173,1.5904851349587323,0.0
MuJoCo,10000,flat,precision_vy_+0.10,7216,tracking_failure,tracking_failure,True,,,,0.6678194744290744,1.6714670720068177,0.0
MuJoCo,10000,flat,precision_wz_-0.10,7201,tracking_failure,tracking_failure,True,,,,0.6641150551544766,1.5400502751157625,0.0
MuJoCo,10000,flat,precision_wz_-0.10,7202,tracking_failure,tracking_failure,True,,,,0.6643937634877122,1.5050041489435697,0.0
MuJoCo,10000,flat,precision_wz_-0.10,7203,tracking_failure,tracking_failure,True,,,,0.6641926357254223,1.5746655223892985,0.0
MuJoCo,10000,flat,precision_wz_-0.10,7204,tracking_failure,tracking_failure,True,,,,0.664233002819189,1.4187880914908657,0.0
MuJoCo,10000,flat,precision_wz_-0.10,7205,tracking_failure,tracking_failure,True,,,,0.6642432460612082,1.6915305727591665,0.0
MuJoCo,10000,flat,precision_wz_-0.10,7206,tracking_failure,tracking_failure,True,,,,0.6641559809482335,1.4514092003780064,0.0
MuJoCo,10000,flat,precision_wz_-0.10,7207,tracking_failure,tracking_failure,True,,,,0.66401246754781,1.4801203283987847,0.0
MuJoCo,10000,flat,precision_wz_-0.10,7208,tracking_failure,tracking_failure,True,,,,0.6643305002104472,1.3548404380598376,0.0
MuJoCo,10000,flat,precision_wz_-0.10,7209,tracking_failure,tracking_failure,True,,,,0.6639969279369724,1.4307513979696702,0.0
MuJoCo,10000,flat,precision_wz_-0.10,7210,tracking_failure,tracking_failure,True,,,,0.6646626392095659,1.6597943943909939,0.0
MuJoCo,10000,flat,precision_wz_-0.10,7211,tracking_failure,tracking_failure,True,,,,0.6640943793500867,1.4088712862283184,0.0
MuJoCo,10000,flat,precision_wz_-0.10,7212,tracking_failure,tracking_failure,True,,,,0.6644256733413143,1.6478797152010156,0.0
MuJoCo,10000,flat,precision_wz_-0.10,7213,tracking_failure,tracking_failure,True,,,,0.6641555495649103,1.4200985132647261,0.0
MuJoCo,10000,flat,precision_wz_-0.10,7214,tracking_failure,tracking_failure,True,,,,0.6645104795171434,1.2964175457785079,0.0
MuJoCo,10000,flat,precision_wz_-0.10,7215,tracking_failure,tracking_failure,True,,,,0.6644926669827316,1.5904851349587323,0.0
MuJoCo,10000,flat,precision_wz_-0.10,7216,tracking_failure,tracking_failure,True,,,,0.6647297981529924,1.6714670720068177,0.0
MuJoCo,10000,flat,precision_wz_+0.10,7201,tracking_failure,tracking_failure,True,,,,0.6677574666130401,1.5400502751157625,0.0
MuJoCo,10000,flat,precision_wz_+0.10,7202,tracking_failure,tracking_failure,True,,,,0.6676275223691523,1.5050041489435697,0.0
MuJoCo,10000,flat,precision_wz_+0.10,7203,tracking_failure,tracking_failure,True,,,,0.6680469364663978,1.5746655223892985,0.0
MuJoCo,10000,flat,precision_wz_+0.10,7204,tracking_failure,tracking_failure,True,,,,0.6676986058562092,1.4187880914908657,0.0
MuJoCo,10000,flat,precision_wz_+0.10,7205,tracking_failure,tracking_failure,True,,,,0.667768549356829,1.6915305727591665,0.0
MuJoCo,10000,flat,precision_wz_+0.10,7206,tracking_failure,tracking_failure,True,,,,0.6678232494666054,1.4514092003780064,0.0
MuJoCo,10000,flat,precision_wz_+0.10,7207,tracking_failure,tracking_failure,True,,,,0.6676182853406651,1.4801203283987847,0.0
MuJoCo,10000,flat,precision_wz_+0.10,7208,tracking_failure,tracking_failure,True,,,,0.667911809691921,1.3548404380598376,0.0
MuJoCo,10000,flat,precision_wz_+0.10,7209,tracking_failure,tracking_failure,True,,,,0.6676365381832228,1.4307513979696702,0.0
MuJoCo,10000,flat,precision_wz_+0.10,7210,tracking_failure,tracking_failure,True,,,,0.6679947835760861,1.6597943943909939,0.0
MuJoCo,10000,flat,precision_wz_+0.10,7211,tracking_failure,tracking_failure,True,,,,0.6676907069776084,1.4088712862283184,0.0
MuJoCo,10000,flat,precision_wz_+0.10,7212,tracking_failure,tracking_failure,True,,,,0.6680105865470938,1.6478797152010156,0.0
MuJoCo,10000,flat,precision_wz_+0.10,7213,tracking_failure,tracking_failure,True,,,,0.6677437271251517,1.4200985132647261,0.0
MuJoCo,10000,flat,precision_wz_+0.10,7214,tracking_failure,tracking_failure,True,,,,0.6678865272671618,1.2964175457785079,0.0
MuJoCo,10000,flat,precision_wz_+0.10,7215,tracking_failure,tracking_failure,True,,,,0.6680315257168936,1.5904851349587323,0.0
MuJoCo,10000,flat,precision_wz_+0.10,7216,tracking_failure,tracking_failure,True,,,,0.6679691427686367,1.6714670720068177,0.0
MuJoCo,10000,flat,diagonal,7201,command_transition_failure,command_transition_failure,True,,,,0.705544618276322,8.960906787376244,0.0013636363636363637
MuJoCo,10000,flat,diagonal,7202,command_transition_failure,command_transition_failure,True,,,,0.7056191693367225,9.084818330182461,0.0013636363636363637
MuJoCo,10000,flat,diagonal,7203,command_transition_failure,command_transition_failure,True,,,,0.7055905878279696,8.99577927142806,0.0013636363636363637
MuJoCo,10000,flat,diagonal,7204,command_transition_failure,command_transition_failure,True,,,,0.7055516069432043,9.066420848738302,0.0013636363636363637
MuJoCo,10000,flat,diagonal,7205,command_transition_failure,command_transition_failure,True,,,,0.7057563640450365,9.059302670500252,0.0013636363636363637
MuJoCo,10000,flat,diagonal,7206,command_transition_failure,command_transition_failure,True,,,,0.7055708397357979,9.126961941855187,0.0013636363636363637
MuJoCo,10000,flat,diagonal,7207,command_transition_failure,command_transition_failure,True,,,,0.705552738716808,9.007069067171255,0.0013636363636363637
MuJoCo,10000,flat,diagonal,7208,command_transition_failure,command_transition_failure,True,,,,0.7055777086028303,9.086452475822242,0.0013636363636363637
MuJoCo,10000,flat,diagonal,7209,command_transition_failure,command_transition_failure,True,,,,0.7055515563459696,9.139224133858116,0.0013636363636363637
MuJoCo,10000,flat,diagonal,7210,command_transition_failure,command_transition_failure,True,,,,0.7055043945841021,9.239523227108156,0.0013636363636363637
MuJoCo,10000,flat,diagonal,7211,command_transition_failure,command_transition_failure,True,,,,0.7055433060250553,9.058429072710775,0.0013636363636363637
MuJoCo,10000,flat,diagonal,7212,command_transition_failure,command_transition_failure,True,,,,0.7056014743468124,9.187308482196098,0.0013636363636363637
MuJoCo,10000,flat,diagonal,7213,command_transition_failure,command_transition_failure,True,,,,0.7056161324246081,8.975057882826082,0.0013636363636363637
MuJoCo,10000,flat,diagonal,7214,command_transition_failure,command_transition_failure,True,,,,0.7055734938131292,9.22532636815701,0.0013636363636363637
MuJoCo,10000,flat,diagonal,7215,command_transition_failure,command_transition_failure,True,,,,0.705593675803383,9.12207763256619,0.0013636363636363637
MuJoCo,10000,flat,diagonal,7216,command_transition_failure,command_transition_failure,True,,,,0.7056064443503042,9.199230441972718,0.0013636363636363637
MuJoCo,10000,flat,turning,7201,success,,True,,,,0.2840041402005722,15.319349214760903,0.013681818181818182
MuJoCo,10000,flat,turning,7202,command_transition_failure,command_transition_failure,True,,,,0.28211207230875057,15.609170268343753,0.015545454545454545
MuJoCo,10000,flat,turning,7203,success,,True,,,,0.27380259469498114,15.31772816050376,0.013590909090909091
MuJoCo,10000,flat,turning,7204,command_transition_failure,command_transition_failure,True,,,,0.28570052777148647,15.310440017476097,0.011727272727272727
MuJoCo,10000,flat,turning,7205,success,,True,,,,0.29011330323394735,15.203035445279543,0.013409090909090909
MuJoCo,10000,flat,turning,7206,command_transition_failure,command_transition_failure,True,,,,0.2868002050557559,15.657272895659963,0.012954545454545455
MuJoCo,10000,flat,turning,7207,command_transition_failure,command_transition_failure,True,,,,0.2720927754072784,14.902142596824591,0.012818181818181819
MuJoCo,10000,flat,turning,7208,command_transition_failure,command_transition_failure,True,,,,0.2839752719487548,15.32921259720746,0.014545454545454545
MuJoCo,10000,flat,turning,7209,command_transition_failure,command_transition_failure,True,,,,0.28892386124482505,15.274956880100788,0.016227272727272726
MuJoCo,10000,flat,turning,7210,command_transition_failure,command_transition_failure,True,,,,0.2821874781244683,15.614288823073503,0.015818181818181818
MuJoCo,10000,flat,turning,7211,command_transition_failure,command_transition_failure,True,,,,0.26864039556288155,15.047354092006774,0.013727272727272727
MuJoCo,10000,flat,turning,7212,success,,True,,,,0.2809874593603354,14.417227762679639,0.014181818181818183
MuJoCo,10000,flat,turning,7213,success,,True,,,,0.27722195812865036,14.430160848016087,0.010227272727272727
MuJoCo,10000,flat,turning,7214,command_transition_failure,command_transition_failure,True,,,,0.26962850395739435,14.507434761182344,0.01459090909090909
MuJoCo,10000,flat,turning,7215,command_transition_failure,command_transition_failure|standstill_failure,True,,,,0.2868787444639491,14.859381844355514,0.017863636363636363
MuJoCo,10000,flat,turning,7216,command_transition_failure,command_transition_failure,True,,,,0.2826129732572854,15.026119513225378,0.011409090909090909
MuJoCo,10000,flat,reverse,7201,success,,True,,,,0.7019190028513788,18.57123016948412,0.003945945945945946
MuJoCo,10000,flat,reverse,7202,success,,True,,,,0.7016040272754965,18.58392853437475,0.003918918918918919
MuJoCo,10000,flat,reverse,7203,success,,True,,,,0.7016037671503639,18.50485298092888,0.003918918918918919
MuJoCo,10000,flat,reverse,7204,success,,True,,,,0.7016866946736363,18.58238456974034,0.0038918918918918917
MuJoCo,10000,flat,reverse,7205,success,,True,,,,0.7013122858710955,18.584338596935815,0.004
MuJoCo,10000,flat,reverse,7206,success,,True,,,,0.701705673394025,18.486943862842725,0.003918918918918919
MuJoCo,10000,flat,reverse,7207,success,,True,,,,0.7016007901080059,18.62106533047976,0.004162162162162162
MuJoCo,10000,flat,reverse,7208,success,,True,,,,0.701925655389128,18.602029499445027,0.004027027027027027
MuJoCo,10000,flat,reverse,7209,success,,True,,,,0.7017727920243308,18.547052463913676,0.003864864864864865
MuJoCo,10000,flat,reverse,7210,success,,True,,,,0.7015719918654877,18.62126173395444,0.004162162162162162
MuJoCo,10000,flat,reverse,7211,success,,True,,,,0.7018714393880335,18.550974617022003,0.003918918918918919
MuJoCo,10000,flat,reverse,7212,success,,True,,,,0.7020351386344121,18.513854698210864,0.003864864864864865
MuJoCo,10000,flat,reverse,7213,success,,True,,,,0.7018507573198643,18.522334419306908,0.0038918918918918917
MuJoCo,10000,flat,reverse,7214,success,,True,,,,0.7017609995528222,18.5757069907817,0.003918918918918919
MuJoCo,10000,flat,reverse,7215,success,,True,,,,0.7019250680767725,18.53899899753756,0.0038918918918918917
MuJoCo,10000,flat,reverse,7216,success,,True,,,,0.7015075335311507,18.590683295603853,0.0038918918918918917
MuJoCo,10000,flat,ramp,7201,tracking_failure,command_transition_failure|tracking_failure,True,,,,0.7357992640254463,18.126142318790667,0.19608333333333333
MuJoCo,10000,flat,ramp,7202,tracking_failure,command_transition_failure|tracking_failure,True,,,,0.7336647785562712,18.061578786416394,0.19558333333333333
MuJoCo,10000,flat,ramp,7203,tracking_failure,command_transition_failure|tracking_failure,True,,,,0.7365430762483729,18.064914367382624,0.19625
MuJoCo,10000,flat,ramp,7204,tracking_failure,command_transition_failure|tracking_failure,True,,,,0.7345085346306448,18.088281329252702,0.19554166666666667
MuJoCo,10000,flat,ramp,7205,tracking_failure,command_transition_failure|tracking_failure,True,,,,0.733614040813687,18.0995156081133,0.19683333333333333
MuJoCo,10000,flat,ramp,7206,tracking_failure,command_transition_failure|tracking_failure,True,,,,0.7355042245194079,18.24674325918408,0.19570833333333335
MuJoCo,10000,flat,ramp,7207,unsafe,command_transition_failure|standstill_failure|tracking_failure|unsafe,False,,hard_joint_position,47.348000000000006,-0.012690032494402481,18.089288554246412,0.20047309284447073
MuJoCo,10000,flat,ramp,7208,tracking_failure,command_transition_failure|tracking_failure,True,,,,0.7347955662132059,18.13163323173259,0.19625
MuJoCo,10000,flat,ramp,7209,tracking_failure,command_transition_failure|tracking_failure,True,,,,0.7339273807124913,18.099211655645814,0.19595833333333335
MuJoCo,10000,flat,ramp,7210,tracking_failure,command_transition_failure|tracking_failure,True,,,,0.7322973326575484,18.117794279347496,0.1955
MuJoCo,10000,flat,ramp,7211,tracking_failure,command_transition_failure|tracking_failure,True,,,,0.7352032528820431,18.103603552937894,0.19604166666666667
MuJoCo,10000,flat,ramp,7212,tracking_failure,command_transition_failure|tracking_failure,True,,,,0.7345240106077612,18.05902510717959,0.19566666666666666
MuJoCo,10000,flat,ramp,7213,tracking_failure,command_transition_failure|tracking_failure,True,,,,0.7322568141409487,18.3022785603392,0.19716666666666666
MuJoCo,10000,flat,ramp,7214,tracking_failure,command_transition_failure|tracking_failure,True,,,,0.7329987537480798,18.107741296065246,0.19620833333333335
MuJoCo,10000,flat,ramp,7215,tracking_failure,command_transition_failure|tracking_failure,True,,,,0.7330281845873571,18.044432506234635,0.195375
MuJoCo,10000,flat,ramp,7216,tracking_failure,command_transition_failure|tracking_failure,True,,,,0.7321698271895596,18.089343105803522,0.1955
MuJoCo,10000,flat,push_moving,7201,success,,True,,,,0.7002627874418351,7.981011191907681,0.001
MuJoCo,10000,flat,push_moving,7202,success,,True,,,,0.700395313045304,8.034163430540447,0.0009545454545454546
MuJoCo,10000,flat,push_moving,7203,success,,True,,,,0.7003158418855873,7.982207994992734,0.0009545454545454546
MuJoCo,10000,flat,push_moving,7204,success,,True,,,,0.7002348902805564,7.948013243494974,0.0009090909090909091
MuJoCo,10000,flat,push_moving,7205,success,,True,,,,0.7004475931482455,8.019141098927864,0.001
MuJoCo,10000,flat,push_moving,7206,success,,True,,,,0.7002921303180307,8.053945384740203,0.001
MuJoCo,10000,flat,push_moving,7207,success,,True,,,,0.7002191819184354,7.972415278867122,0.0009090909090909091
MuJoCo,10000,flat,push_moving,7208,success,,True,,,,0.7002710606998033,8.035237110015728,0.0009545454545454546
MuJoCo,10000,flat,push_moving,7209,success,,True,,,,0.700109735196521,8.123034187727976,0.001090909090909091
MuJoCo,10000,flat,push_moving,7210,success,,True,,,,0.7002961264906606,8.128748019986007,0.001090909090909091
MuJoCo,10000,flat,push_moving,7211,success,,True,,,,0.7001564059654712,7.974188735504059,0.0009545454545454546
MuJoCo,10000,flat,push_moving,7212,success,,True,,,,0.7001843189535677,8.037589513926038,0.001090909090909091
MuJoCo,10000,flat,push_moving,7213,success,,True,,,,0.700181785791747,7.98001042600469,0.0008636363636363636
MuJoCo,10000,flat,push_moving,7214,success,,True,,,,0.7002827136029915,8.099568699110375,0.0010454545454545454
MuJoCo,10000,flat,push_moving,7215,success,,True,,,,0.7002728417538261,8.014672787757148,0.0010454545454545454
MuJoCo,10000,flat,push_moving,7216,success,,True,,,,0.7003421456192471,8.103969669284854,0.001090909090909091
MuJoCo,10000,flat,push_standing,7201,success,,True,,,,0.6988175741533618,1.5400502751157625,0.0
MuJoCo,10000,flat,push_standing,7202,success,,True,,,,0.6985855771242624,1.5050041489435697,0.0
MuJoCo,10000,flat,push_standing,7203,success,,True,,,,0.6992996964521526,1.5746655223892985,0.0
MuJoCo,10000,flat,push_standing,7204,success,,True,,,,0.6987540489906231,1.4187880914908657,0.0
MuJoCo,10000,flat,push_standing,7205,success,,True,,,,0.6982881681838305,1.6915305727591665,0.0
MuJoCo,10000,flat,push_standing,7206,success,,True,,,,0.6992660414495729,1.4514092003780064,0.0
MuJoCo,10000,flat,push_standing,7207,success,,True,,,,0.6979203815167621,1.4801203283987847,0.0
MuJoCo,10000,flat,push_standing,7208,success,,True,,,,0.6989370415634427,1.3548404380598376,0.0
MuJoCo,10000,flat,push_standing,7209,success,,True,,,,0.6986145345354917,1.4307513979696702,0.0
MuJoCo,10000,flat,push_standing,7210,success,,True,,,,0.6994284646385034,1.6597943943909939,0.0
MuJoCo,10000,flat,push_standing,7211,success,,True,,,,0.6988607945306923,1.4088712862283184,0.0
MuJoCo,10000,flat,push_standing,7212,success,,True,,,,0.6995817711046264,1.6478797152010156,0.0
MuJoCo,10000,flat,push_standing,7213,success,,True,,,,0.698766690868356,1.4200985132647261,0.0
MuJoCo,10000,flat,push_standing,7214,success,,True,,,,0.6992038323627598,1.2964175457785079,0.0
MuJoCo,10000,flat,push_standing,7215,success,,True,,,,0.6995799754078548,1.5904851349587323,0.0
MuJoCo,10000,flat,push_standing,7216,success,,True,,,,0.6995991204540222,1.6714670720068177,0.0
MuJoCo,15000,flat,stand,7201,success,,True,,,,0.7208340046840367,1.5956067343175468,0.0
MuJoCo,15000,flat,stand,7202,success,,True,,,,0.7205186249782877,1.8688152195870122,0.0
MuJoCo,15000,flat,stand,7203,success,,True,,,,0.7217947177371189,1.8171956570818781,0.0
MuJoCo,15000,flat,stand,7204,success,,True,,,,0.7211847911375455,1.6950822950840234,0.0
MuJoCo,15000,flat,stand,7205,success,,True,,,,0.7203316338480525,1.8625275896052313,0.0
MuJoCo,15000,flat,stand,7206,success,,True,,,,0.7230766134491771,1.6856958654736656,0.0
MuJoCo,15000,flat,stand,7207,success,,True,,,,0.7195083042658306,1.6611910628407274,0.0
MuJoCo,15000,flat,stand,7208,success,,True,,,,0.7219884999932882,1.6520308585316343,0.0
MuJoCo,15000,flat,stand,7209,success,,True,,,,0.7208856976194652,1.7365336528926747,0.0
MuJoCo,15000,flat,stand,7210,success,,True,,,,0.7230971641194153,1.8573858974133985,0.0
MuJoCo,15000,flat,stand,7211,success,,True,,,,0.7208172780419646,1.5483343980066828,0.0
MuJoCo,15000,flat,stand,7212,success,,True,,,,0.7232306362617524,1.8037410053009986,0.0
MuJoCo,15000,flat,stand,7213,success,,True,,,,0.7207641985253408,1.7260218627299249,0.0
MuJoCo,15000,flat,stand,7214,success,,True,,,,0.722663041664921,1.664059583101677,0.0
MuJoCo,15000,flat,stand,7215,success,,True,,,,0.7223624421899304,1.8351737521105387,0.0
MuJoCo,15000,flat,stand,7216,success,,True,,,,0.7239146639320077,1.8955091753893507,0.0
MuJoCo,15000,flat,vx_-0.50,7201,success,,True,,,,0.686638814658822,5.884727275732432,0.0009090909090909091
MuJoCo,15000,flat,vx_-0.50,7202,success,,True,,,,0.6874703414280887,5.876613703138947,0.0009090909090909091
MuJoCo,15000,flat,vx_-0.50,7203,success,,True,,,,0.6873434217239252,5.918179352088925,0.001090909090909091
MuJoCo,15000,flat,vx_-0.50,7204,success,,True,,,,0.687240882738224,5.896842792495844,0.0009090909090909091
MuJoCo,15000,flat,vx_-0.50,7205,success,,True,,,,0.6874972123444836,5.884526195321687,0.0009090909090909091
MuJoCo,15000,flat,vx_-0.50,7206,success,,True,,,,0.6876786862942584,5.886945901960848,0.0009090909090909091
MuJoCo,15000,flat,vx_-0.50,7207,success,,True,,,,0.6875948254382187,5.897393480709611,0.0009090909090909091
MuJoCo,15000,flat,vx_-0.50,7208,success,,True,,,,0.6874758956050945,5.851176318573513,0.001
MuJoCo,15000,flat,vx_-0.50,7209,success,,True,,,,0.687522028200205,5.8539273272673835,0.0009090909090909091
MuJoCo,15000,flat,vx_-0.50,7210,success,,True,,,,0.6866634156175048,5.856534673457757,0.0009090909090909091
MuJoCo,15000,flat,vx_-0.50,7211,success,,True,,,,0.6870381438047526,5.9336725255270775,0.0011818181818181819
MuJoCo,15000,flat,vx_-0.50,7212,success,,True,,,,0.6876026838535956,5.911989725402524,0.0010454545454545454
MuJoCo,15000,flat,vx_-0.50,7213,success,,True,,,,0.6871091100520368,5.902098939611425,0.0011363636363636363
MuJoCo,15000,flat,vx_-0.50,7214,success,,True,,,,0.6869872057116321,5.8429181470580245,0.0009090909090909091
MuJoCo,15000,flat,vx_-0.50,7215,success,,True,,,,0.6872606441037744,5.910800168988146,0.0010454545454545454
MuJoCo,15000,flat,vx_-0.50,7216,success,,True,,,,0.6873500246639669,5.857753202074172,0.0009090909090909091
MuJoCo,15000,flat,vx_+0.50,7201,success,,True,,,,0.6703837092370355,6.632795476406568,0.0
MuJoCo,15000,flat,vx_+0.50,7202,success,,True,,,,0.6704326558676363,6.647060006150342,0.0
MuJoCo,15000,flat,vx_+0.50,7203,success,,True,,,,0.6703025161434933,6.628092661096419,0.0
MuJoCo,15000,flat,vx_+0.50,7204,success,,True,,,,0.6704367210176662,6.624538489932002,0.0
MuJoCo,15000,flat,vx_+0.50,7205,success,,True,,,,0.6702169294981745,6.621824433528538,0.0
MuJoCo,15000,flat,vx_+0.50,7206,success,,True,,,,0.6703771716163862,6.599698429560294,0.0
MuJoCo,15000,flat,vx_+0.50,7207,success,,True,,,,0.6702191731429916,6.668917724038882,0.0
MuJoCo,15000,flat,vx_+0.50,7208,success,,True,,,,0.6704349361107143,6.607547361800883,0.0
MuJoCo,15000,flat,vx_+0.50,7209,success,,True,,,,0.6702993735794505,6.675970135978475,0.0
MuJoCo,15000,flat,vx_+0.50,7210,success,,True,,,,0.6702879621300293,6.532681409568553,0.0
MuJoCo,15000,flat,vx_+0.50,7211,success,,True,,,,0.670458008431839,6.615854756622534,0.0
MuJoCo,15000,flat,vx_+0.50,7212,success,,True,,,,0.6702973329515625,6.526636006424721,0.0
MuJoCo,15000,flat,vx_+0.50,7213,success,,True,,,,0.6703512178557015,6.654980685675358,0.0
MuJoCo,15000,flat,vx_+0.50,7214,success,,True,,,,0.670409322536244,6.566639893792874,0.0
MuJoCo,15000,flat,vx_+0.50,7215,success,,True,,,,0.6703012675103303,6.5632551745708625,0.0
MuJoCo,15000,flat,vx_+0.50,7216,success,,True,,,,0.6703181457581514,6.507083234344833,0.0
MuJoCo,15000,flat,vx_+1.00,7201,tracking_failure,command_transition_failure|tracking_failure,True,,,,0.6989605752531474,16.909189833113654,0.13304545454545455
MuJoCo,15000,flat,vx_+1.00,7202,tracking_failure,command_transition_failure|tracking_failure,True,,,,0.6988522665479412,17.002721691205437,0.13377272727272727
MuJoCo,15000,flat,vx_+1.00,7203,tracking_failure,command_transition_failure|tracking_failure,True,,,,0.6988963036558125,16.59735591123911,0.13190909090909092
MuJoCo,15000,flat,vx_+1.00,7204,tracking_failure,command_transition_failure|tracking_failure,True,,,,0.6989199041860339,16.93047255890515,0.13490909090909092
MuJoCo,15000,flat,vx_+1.00,7205,tracking_failure,command_transition_failure|tracking_failure,True,,,,0.6989356416241654,17.071293985166218,0.1345
MuJoCo,15000,flat,vx_+1.00,7206,tracking_failure,command_transition_failure|tracking_failure,True,,,,0.6989424036333054,16.65419123681889,0.13154545454545455
MuJoCo,15000,flat,vx_+1.00,7207,tracking_failure,command_transition_failure|tracking_failure,True,,,,0.6988822487535362,17.035391013023503,0.1313181818181818
MuJoCo,15000,flat,vx_+1.00,7208,tracking_failure,command_transition_failure|tracking_failure,True,,,,0.6989447727367373,16.82232842463242,0.1310909090909091
MuJoCo,15000,flat,vx_+1.00,7209,tracking_failure,command_transition_failure|tracking_failure,True,,,,0.6989454206341708,16.900030248937846,0.13313636363636364
MuJoCo,15000,flat,vx_+1.00,7210,tracking_failure,command_transition_failure|tracking_failure,True,,,,0.6989440566984204,16.818350137404032,0.13286363636363635
MuJoCo,15000,flat,vx_+1.00,7211,tracking_failure,command_transition_failure|tracking_failure,True,,,,0.6989374959291543,16.87767013137072,0.13318181818181818
MuJoCo,15000,flat,vx_+1.00,7212,tracking_failure,command_transition_failure|tracking_failure,True,,,,0.698937720661368,16.614015221073107,0.1330909090909091
MuJoCo,15000,flat,vx_+1.00,7213,tracking_failure,command_transition_failure|tracking_failure,True,,,,0.6989022858322415,16.832274334498962,0.13363636363636364
MuJoCo,15000,flat,vx_+1.00,7214,tracking_failure,command_transition_failure|tracking_failure,True,,,,0.6990055552091046,16.86495283279381,0.13313636363636364
MuJoCo,15000,flat,vx_+1.00,7215,tracking_failure,command_transition_failure|tracking_failure,True,,,,0.6989747758758506,16.97726275509325,0.13363636363636364
MuJoCo,15000,flat,vx_+1.00,7216,tracking_failure,command_transition_failure|tracking_failure,True,,,,0.6990015769732677,16.674012875995256,0.13472727272727272
MuJoCo,15000,flat,vy_-0.20,7201,tracking_failure,command_transition_failure|tracking_failure,True,,,,0.5747407918323134,1.5956067343175468,0.0
MuJoCo,15000,flat,vy_-0.20,7202,tracking_failure,command_transition_failure|tracking_failure,True,,,,0.5747739860142158,1.8688152195870122,0.0
MuJoCo,15000,flat,vy_-0.20,7203,tracking_failure,command_transition_failure|tracking_failure,True,,,,0.574827502224638,1.8171956570818781,0.0
MuJoCo,15000,flat,vy_-0.20,7204,tracking_failure,command_transition_failure|tracking_failure,True,,,,0.5747011830015499,1.6950822950840234,0.0
MuJoCo,15000,flat,vy_-0.20,7205,tracking_failure,command_transition_failure|tracking_failure,True,,,,0.5745885734056467,1.8625275896052313,0.0
MuJoCo,15000,flat,vy_-0.20,7206,tracking_failure,command_transition_failure|tracking_failure,True,,,,0.5748135669347352,1.6856958654736656,0.0
MuJoCo,15000,flat,vy_-0.20,7207,tracking_failure,command_transition_failure|tracking_failure,True,,,,0.5746313334749076,1.6611910628407274,0.0
MuJoCo,15000,flat,vy_-0.20,7208,tracking_failure,command_transition_failure|tracking_failure,True,,,,0.5748841318435611,1.6520308585316343,0.0
MuJoCo,15000,flat,vy_-0.20,7209,tracking_failure,command_transition_failure|tracking_failure,True,,,,0.5747789421682857,1.7365336528926747,0.0
MuJoCo,15000,flat,vy_-0.20,7210,tracking_failure,command_transition_failure|tracking_failure,True,,,,0.5748880304153843,1.8573858974133985,0.0
MuJoCo,15000,flat,vy_-0.20,7211,tracking_failure,command_transition_failure|tracking_failure,True,,,,0.5747171386211583,1.5483343980066828,0.0
MuJoCo,15000,flat,vy_-0.20,7212,tracking_failure,command_transition_failure|tracking_failure,True,,,,0.5748757219697455,1.8037410053009986,0.0
MuJoCo,15000,flat,vy_-0.20,7213,tracking_failure,command_transition_failure|tracking_failure,True,,,,0.5746331586390894,1.7260218627299249,0.0
MuJoCo,15000,flat,vy_-0.20,7214,tracking_failure,command_transition_failure|tracking_failure,True,,,,0.574896236838701,1.664059583101677,0.0
MuJoCo,15000,flat,vy_-0.20,7215,tracking_failure,command_transition_failure|tracking_failure,True,,,,0.5748345587934099,1.8351737521105387,0.0
MuJoCo,15000,flat,vy_-0.20,7216,tracking_failure,command_transition_failure|tracking_failure,True,,,,0.574914141799199,1.8955091753893507,0.0
MuJoCo,15000,flat,vy_+0.20,7201,tracking_failure,command_transition_failure|tracking_failure,True,,,,0.5857010572790844,3.126587059782146,0.0
MuJoCo,15000,flat,vy_+0.20,7202,tracking_failure,command_transition_failure|tracking_failure,True,,,,0.5859978955075749,3.1966766909275606,0.0
MuJoCo,15000,flat,vy_+0.20,7203,tracking_failure,command_transition_failure|tracking_failure,True,,,,0.5864370813304747,3.0965456560180034,0.0
MuJoCo,15000,flat,vy_+0.20,7204,tracking_failure,command_transition_failure|tracking_failure,True,,,,0.5856652461806772,3.1416201552544716,0.0
MuJoCo,15000,flat,vy_+0.20,7205,tracking_failure,command_transition_failure|tracking_failure,True,,,,0.5849615205046845,3.1838113271882986,0.0
MuJoCo,15000,flat,vy_+0.20,7206,tracking_failure,command_transition_failure|tracking_failure,True,,,,0.5856239744685511,3.201760446577877,0.0
MuJoCo,15000,flat,vy_+0.20,7207,tracking_failure,command_transition_failure|tracking_failure,True,,,,0.5853897849455435,3.1451658145220933,0.0
MuJoCo,15000,flat,vy_+0.20,7208,tracking_failure,command_transition_failure|tracking_failure,True,,,,0.5859021950523754,3.151745328944007,0.0
MuJoCo,15000,flat,vy_+0.20,7209,tracking_failure,command_transition_failure|tracking_failure,True,,,,0.5858973880657233,3.1357630767574576,0.0
MuJoCo,15000,flat,vy_+0.20,7210,tracking_failure,command_transition_failure|tracking_failure,True,,,,0.5860367517715845,3.194376976357814,0.0
MuJoCo,15000,flat,vy_+0.20,7211,tracking_failure,command_transition_failure|tracking_failure,True,,,,0.5858152253724713,3.1515116806446226,0.0
MuJoCo,15000,flat,vy_+0.20,7212,tracking_failure,command_transition_failure|tracking_failure,True,,,,0.5856707739986591,3.121354545980784,0.0
MuJoCo,15000,flat,vy_+0.20,7213,tracking_failure,command_transition_failure|tracking_failure,True,,,,0.5856221507767956,3.13615929109563,0.0
MuJoCo,15000,flat,vy_+0.20,7214,tracking_failure,command_transition_failure|tracking_failure,True,,,,0.5850665348932154,3.20346279724418,0.0
MuJoCo,15000,flat,vy_+0.20,7215,tracking_failure,command_transition_failure|tracking_failure,True,,,,0.5854313531931781,3.187592635294707,0.0
MuJoCo,15000,flat,vy_+0.20,7216,tracking_failure,command_transition_failure|tracking_failure,True,,,,0.5858474821230378,3.1932660176406573,0.0
MuJoCo,15000,flat,wz_-0.50,7201,tracking_failure,tracking_failure,True,,,,0.27852618300864285,7.7352843909854085,0.0
MuJoCo,15000,flat,wz_-0.50,7202,tracking_failure,tracking_failure,True,,,,0.2900385795977457,8.184258144052587,0.0
MuJoCo,15000,flat,wz_-0.50,7203,tracking_failure,tracking_failure,True,,,,0.28855340397576856,7.428824692984448,0.0
MuJoCo,15000,flat,wz_-0.50,7204,tracking_failure,tracking_failure,True,,,,0.24760325120549476,7.695071052052136,0.0
MuJoCo,15000,flat,wz_-0.50,7205,tracking_failure,tracking_failure,True,,,,0.2818812016600517,7.767680426467041,0.0
MuJoCo,15000,flat,wz_-0.50,7206,tracking_failure,tracking_failure,True,,,,0.24486799407645077,8.548332157325284,4.545454545454545e-05
MuJoCo,15000,flat,wz_-0.50,7207,tracking_failure,tracking_failure,True,,,,0.2890857078959045,7.806460409168214,0.0
MuJoCo,15000,flat,wz_-0.50,7208,tracking_failure,tracking_failure,True,,,,0.25163066110230603,8.622036016013698,4.545454545454545e-05
MuJoCo,15000,flat,wz_-0.50,7209,tracking_failure,tracking_failure,True,,,,0.2838040860804616,8.65557526035982,0.0
MuJoCo,15000,flat,wz_-0.50,7210,tracking_failure,tracking_failure,True,,,,0.2822020706001426,7.894813293086221,0.0
MuJoCo,15000,flat,wz_-0.50,7211,tracking_failure,tracking_failure,True,,,,0.28662310816756953,7.971808552783099,0.0
MuJoCo,15000,flat,wz_-0.50,7212,tracking_failure,tracking_failure,True,,,,0.2575071669553276,8.37949735769914,0.0
MuJoCo,15000,flat,wz_-0.50,7213,tracking_failure,tracking_failure,True,,,,0.2500704097057612,8.3230174655824,0.0
MuJoCo,15000,flat,wz_-0.50,7214,tracking_failure,tracking_failure,True,,,,0.26373891850159614,8.646983595324073,0.0
MuJoCo,15000,flat,wz_-0.50,7215,tracking_failure,tracking_failure,True,,,,0.28251298301997607,8.780461712779859,0.0
MuJoCo,15000,flat,wz_-0.50,7216,tracking_failure,tracking_failure,True,,,,0.27244881908749197,7.852427928514384,0.0
MuJoCo,15000,flat,wz_+0.50,7201,success,,True,,,,0.28936045651072784,7.386180125375233,0.0
MuJoCo,15000,flat,wz_+0.50,7202,success,,True,,,,0.29225255052231336,7.1565754747004195,0.0
MuJoCo,15000,flat,wz_+0.50,7203,success,,True,,,,0.2887740886686153,6.449290666688002,0.0
MuJoCo,15000,flat,wz_+0.50,7204,success,,True,,,,0.2905006134172611,6.355814224013665,0.0
MuJoCo,15000,flat,wz_+0.50,7205,success,,True,,,,0.29202573177860214,6.266022419710933,0.0
MuJoCo,15000,flat,wz_+0.50,7206,success,,True,,,,0.2892146770596309,6.605140545132525,0.0
MuJoCo,15000,flat,wz_+0.50,7207,success,,True,,,,0.2902485705655753,6.433328070064441,0.0
MuJoCo,15000,flat,wz_+0.50,7208,success,,True,,,,0.2917731435917117,6.325883391975568,0.0
MuJoCo,15000,flat,wz_+0.50,7209,success,,True,,,,0.29166375871972605,6.261702519082662,0.0
MuJoCo,15000,flat,wz_+0.50,7210,success,,True,,,,0.2912364562324724,6.2210856002651,0.0
MuJoCo,15000,flat,wz_+0.50,7211,success,,True,,,,0.29089094277412453,6.384644156931106,0.0
MuJoCo,15000,flat,wz_+0.50,7212,success,,True,,,,0.29064170938297595,6.2965300129194235,0.0
MuJoCo,15000,flat,wz_+0.50,7213,success,,True,,,,0.2877267183133997,6.775183729000718,0.0
MuJoCo,15000,flat,wz_+0.50,7214,success,,True,,,,0.2906345489114789,6.756044825935306,0.0
MuJoCo,15000,flat,wz_+0.50,7215,success,,True,,,,0.29224399488981034,6.63141948256559,0.0
MuJoCo,15000,flat,wz_+0.50,7216,success,,True,,,,0.2892416172604605,6.316474468867192,0.0
MuJoCo,15000,flat,precision_vx_-0.10,7201,tracking_failure,tracking_failure,True,,,,0.5749416279172205,1.5956067343175468,0.0
MuJoCo,15000,flat,precision_vx_-0.10,7202,tracking_failure,tracking_failure,True,,,,0.5752838231493685,1.8688152195870122,0.0
MuJoCo,15000,flat,precision_vx_-0.10,7203,tracking_failure,tracking_failure,True,,,,0.5752368774277179,1.8171956570818781,0.0
MuJoCo,15000,flat,precision_vx_-0.10,7204,tracking_failure,tracking_failure,True,,,,0.5749035423251718,1.6950822950840234,0.0
MuJoCo,15000,flat,precision_vx_-0.10,7205,tracking_failure,tracking_failure,True,,,,0.5749020605681272,1.8625275896052313,0.0
MuJoCo,15000,flat,precision_vx_-0.10,7206,tracking_failure,tracking_failure,True,,,,0.5758594375463741,1.6856958654736656,0.0
MuJoCo,15000,flat,precision_vx_-0.10,7207,tracking_failure,tracking_failure,True,,,,0.5742671273746199,1.6611910628407274,0.0
MuJoCo,15000,flat,precision_vx_-0.10,7208,tracking_failure,tracking_failure,True,,,,0.5755103724048356,1.6520308585316343,0.0
MuJoCo,15000,flat,precision_vx_-0.10,7209,tracking_failure,tracking_failure,True,,,,0.5745547833497529,1.7365336528926747,0.0
MuJoCo,15000,flat,precision_vx_-0.10,7210,tracking_failure,tracking_failure,True,,,,0.5762761805925984,1.8573858974133985,0.0
MuJoCo,15000,flat,precision_vx_-0.10,7211,tracking_failure,tracking_failure,True,,,,0.5748927166125286,1.5483343980066828,0.0
MuJoCo,15000,flat,precision_vx_-0.10,7212,tracking_failure,tracking_failure,True,,,,0.576112786059928,1.8037410053009986,0.0
MuJoCo,15000,flat,precision_vx_-0.10,7213,tracking_failure,tracking_failure,True,,,,0.5748654920296716,1.7260218627299249,0.0
MuJoCo,15000,flat,precision_vx_-0.10,7214,tracking_failure,tracking_failure,True,,,,0.5762763151957385,1.664059583101677,0.0
MuJoCo,15000,flat,precision_vx_-0.10,7215,tracking_failure,tracking_failure,True,,,,0.575687825380497,1.8351737521105387,0.0
MuJoCo,15000,flat,precision_vx_-0.10,7216,tracking_failure,tracking_failure,True,,,,0.5767374611994461,1.8955091753893507,0.0
MuJoCo,15000,flat,precision_vx_+0.10,7201,tracking_failure,tracking_failure,True,,,,0.5814137801536154,1.8176946300519035,0.0
MuJoCo,15000,flat,precision_vx_+0.10,7202,tracking_failure,tracking_failure,True,,,,0.5809477320348054,1.8688152195870122,0.0
MuJoCo,15000,flat,precision_vx_+0.10,7203,tracking_failure,tracking_failure,True,,,,0.5818432843774142,1.8171956570818781,0.0
MuJoCo,15000,flat,precision_vx_+0.10,7204,tracking_failure,tracking_failure,True,,,,0.581583017589772,1.8233500660141428,0.0
MuJoCo,15000,flat,precision_vx_+0.10,7205,tracking_failure,tracking_failure,True,,,,0.580948936473152,1.8625275896052313,0.0
MuJoCo,15000,flat,precision_vx_+0.10,7206,tracking_failure,tracking_failure,True,,,,0.5825434645332033,1.8356786390898057,0.0
MuJoCo,15000,flat,precision_vx_+0.10,7207,tracking_failure,tracking_failure,True,,,,0.580610802689085,1.836365679861254,0.0
MuJoCo,15000,flat,precision_vx_+0.10,7208,tracking_failure,tracking_failure,True,,,,0.5819038629584752,1.8183261262044303,0.0
MuJoCo,15000,flat,precision_vx_+0.10,7209,tracking_failure,tracking_failure,True,,,,0.5815097482676681,1.8002660246400364,0.0
MuJoCo,15000,flat,precision_vx_+0.10,7210,tracking_failure,tracking_failure,True,,,,0.5825264911260152,1.8573858974133985,0.0
MuJoCo,15000,flat,precision_vx_+0.10,7211,tracking_failure,tracking_failure,True,,,,0.5813970875931289,1.8316064597642692,0.0
MuJoCo,15000,flat,precision_vx_+0.10,7212,tracking_failure,tracking_failure,True,,,,0.5825477143520887,1.8342494957612858,0.0
MuJoCo,15000,flat,precision_vx_+0.10,7213,tracking_failure,tracking_failure,True,,,,0.5813658923837888,1.814627126975375,0.0
MuJoCo,15000,flat,precision_vx_+0.10,7214,tracking_failure,tracking_failure,True,,,,0.5823592602903985,1.838485808143664,0.0
MuJoCo,15000,flat,precision_vx_+0.10,7215,tracking_failure,tracking_failure,True,,,,0.5820843420297177,1.8351737521105387,0.0
MuJoCo,15000,flat,precision_vx_+0.10,7216,tracking_failure,tracking_failure,True,,,,0.5828387339889605,1.8955091753893507,0.0
MuJoCo,15000,flat,precision_vy_-0.10,7201,tracking_failure,tracking_failure,True,,,,0.5739137890464583,1.5956067343175468,0.0
MuJoCo,15000,flat,precision_vy_-0.10,7202,tracking_failure,tracking_failure,True,,,,0.5739289230718709,1.8688152195870122,0.0
MuJoCo,15000,flat,precision_vy_-0.10,7203,tracking_failure,tracking_failure,True,,,,0.57420319718665,1.8171956570818781,0.0
MuJoCo,15000,flat,precision_vy_-0.10,7204,tracking_failure,tracking_failure,True,,,,0.5740752800840161,1.6950822950840234,0.0
MuJoCo,15000,flat,precision_vy_-0.10,7205,tracking_failure,tracking_failure,True,,,,0.5738017036854013,1.8625275896052313,0.0
MuJoCo,15000,flat,precision_vy_-0.10,7206,tracking_failure,tracking_failure,True,,,,0.5743848228517728,1.6856958654736656,0.0
MuJoCo,15000,flat,precision_vy_-0.10,7207,tracking_failure,tracking_failure,True,,,,0.5738252018712768,1.6611910628407274,0.0
MuJoCo,15000,flat,precision_vy_-0.10,7208,tracking_failure,tracking_failure,True,,,,0.5742457583823006,1.6520308585316343,0.0
MuJoCo,15000,flat,precision_vy_-0.10,7209,tracking_failure,tracking_failure,True,,,,0.5738780754748523,1.7365336528926747,0.0
MuJoCo,15000,flat,precision_vy_-0.10,7210,tracking_failure,tracking_failure,True,,,,0.5744172587402976,1.8573858974133985,0.0
MuJoCo,15000,flat,precision_vy_-0.10,7211,tracking_failure,tracking_failure,True,,,,0.5740098763558377,1.5483343980066828,0.0
MuJoCo,15000,flat,precision_vy_-0.10,7212,tracking_failure,tracking_failure,True,,,,0.5744928744451825,1.8037410053009986,0.0
MuJoCo,15000,flat,precision_vy_-0.10,7213,tracking_failure,tracking_failure,True,,,,0.5741305690050718,1.7260218627299249,0.0
MuJoCo,15000,flat,precision_vy_-0.10,7214,tracking_failure,tracking_failure,True,,,,0.5742827512186133,1.664059583101677,0.0
MuJoCo,15000,flat,precision_vy_-0.10,7215,tracking_failure,tracking_failure,True,,,,0.5741832271265537,1.8351737521105387,0.0
MuJoCo,15000,flat,precision_vy_-0.10,7216,tracking_failure,tracking_failure,True,,,,0.574554335336461,1.8955091753893507,0.0
MuJoCo,15000,flat,precision_vy_+0.10,7201,tracking_failure,tracking_failure,True,,,,0.5742053420094454,1.5956067343175468,0.0
MuJoCo,15000,flat,precision_vy_+0.10,7202,tracking_failure,tracking_failure,True,,,,0.5736334525461005,1.8688152195870122,0.0
MuJoCo,15000,flat,precision_vy_+0.10,7203,tracking_failure,tracking_failure,True,,,,0.5749640913929708,1.8171956570818781,0.0
MuJoCo,15000,flat,precision_vy_+0.10,7204,tracking_failure,tracking_failure,True,,,,0.5740910504742169,1.6950822950840234,0.0
MuJoCo,15000,flat,precision_vy_+0.10,7205,tracking_failure,tracking_failure,True,,,,0.5735869795207862,1.8625275896052313,0.0
MuJoCo,15000,flat,precision_vy_+0.10,7206,tracking_failure,tracking_failure,True,,,,0.5750142738406431,1.6856958654736656,0.0
MuJoCo,15000,flat,precision_vy_+0.10,7207,tracking_failure,tracking_failure,True,,,,0.5734305919772228,1.6611910628407274,0.0
MuJoCo,15000,flat,precision_vy_+0.10,7208,tracking_failure,tracking_failure,True,,,,0.5745953510575463,1.6520308585316343,0.0
MuJoCo,15000,flat,precision_vy_+0.10,7209,tracking_failure,tracking_failure,True,,,,0.5742001784826535,1.7365336528926747,0.0
MuJoCo,15000,flat,precision_vy_+0.10,7210,tracking_failure,tracking_failure,True,,,,0.5747513884957524,1.8573858974133985,0.0
MuJoCo,15000,flat,precision_vy_+0.10,7211,tracking_failure,tracking_failure,True,,,,0.5740691025839162,1.5483343980066828,0.0
MuJoCo,15000,flat,precision_vy_+0.10,7212,tracking_failure,tracking_failure,True,,,,0.5751927393860441,1.8037410053009986,0.0
MuJoCo,15000,flat,precision_vy_+0.10,7213,tracking_failure,tracking_failure,True,,,,0.5740390954204159,1.7260218627299249,0.0
MuJoCo,15000,flat,precision_vy_+0.10,7214,tracking_failure,tracking_failure,True,,,,0.5746612974730305,1.664059583101677,0.0
MuJoCo,15000,flat,precision_vy_+0.10,7215,tracking_failure,tracking_failure,True,,,,0.5746897460214271,1.8351737521105387,0.0
MuJoCo,15000,flat,precision_vy_+0.10,7216,tracking_failure,tracking_failure,True,,,,0.575258534762753,1.8955091753893507,0.0
MuJoCo,15000,flat,precision_wz_-0.10,7201,tracking_failure,tracking_failure,True,,,,0.5788881440688242,1.5956067343175468,0.0
MuJoCo,15000,flat,precision_wz_-0.10,7202,tracking_failure,tracking_failure,True,,,,0.578945723928032,1.8688152195870122,0.0
MuJoCo,15000,flat,precision_wz_-0.10,7203,tracking_failure,tracking_failure,True,,,,0.5791992580016043,1.8171956570818781,0.0
MuJoCo,15000,flat,precision_wz_-0.10,7204,tracking_failure,tracking_failure,True,,,,0.5790289546035725,1.6950822950840234,0.0
MuJoCo,15000,flat,precision_wz_-0.10,7205,tracking_failure,tracking_failure,True,,,,0.5789550479601382,1.8625275896052313,0.0
MuJoCo,15000,flat,precision_wz_-0.10,7206,tracking_failure,tracking_failure,True,,,,0.5795368372522391,1.6856958654736656,0.0
MuJoCo,15000,flat,precision_wz_-0.10,7207,tracking_failure,tracking_failure,True,,,,0.5785401048295948,1.6611910628407274,0.0
MuJoCo,15000,flat,precision_wz_-0.10,7208,tracking_failure,tracking_failure,True,,,,0.5793545849718498,1.6520308585316343,0.0
MuJoCo,15000,flat,precision_wz_-0.10,7209,tracking_failure,tracking_failure,True,,,,0.5790226463503718,1.7365336528926747,0.0
MuJoCo,15000,flat,precision_wz_-0.10,7210,tracking_failure,tracking_failure,True,,,,0.5796877722648568,1.8573858974133985,0.0
MuJoCo,15000,flat,precision_wz_-0.10,7211,tracking_failure,tracking_failure,True,,,,0.5789897866299649,1.5483343980066828,0.0
MuJoCo,15000,flat,precision_wz_-0.10,7212,tracking_failure,tracking_failure,True,,,,0.5796255705606268,1.8037410053009986,0.0
MuJoCo,15000,flat,precision_wz_-0.10,7213,tracking_failure,tracking_failure,True,,,,0.5788750169903086,1.7260218627299249,0.0
MuJoCo,15000,flat,precision_wz_-0.10,7214,tracking_failure,tracking_failure,True,,,,0.579465371546798,1.664059583101677,0.0
MuJoCo,15000,flat,precision_wz_-0.10,7215,tracking_failure,tracking_failure,True,,,,0.579456919177036,1.8351737521105387,0.0
MuJoCo,15000,flat,precision_wz_-0.10,7216,tracking_failure,tracking_failure,True,,,,0.5799626442135627,1.8955091753893507,0.0
MuJoCo,15000,flat,precision_wz_+0.10,7201,tracking_failure,tracking_failure,True,,,,0.5857377965629023,1.5956067343175468,0.0
MuJoCo,15000,flat,precision_wz_+0.10,7202,tracking_failure,tracking_failure,True,,,,0.5857546430578169,1.8688152195870122,0.0
MuJoCo,15000,flat,precision_wz_+0.10,7203,tracking_failure,tracking_failure,True,,,,0.5863845068037861,1.8171956570818781,0.0
MuJoCo,15000,flat,precision_wz_+0.10,7204,tracking_failure,tracking_failure,True,,,,0.5861708303381167,1.6950822950840234,0.0
MuJoCo,15000,flat,precision_wz_+0.10,7205,tracking_failure,tracking_failure,True,,,,0.5854354825880771,1.8625275896052313,0.0
MuJoCo,15000,flat,precision_wz_+0.10,7206,tracking_failure,tracking_failure,True,,,,0.5873457661670646,1.6856958654736656,0.0
MuJoCo,15000,flat,precision_wz_+0.10,7207,tracking_failure,tracking_failure,True,,,,0.5848518696158691,1.6611910628407274,0.0
MuJoCo,15000,flat,precision_wz_+0.10,7208,tracking_failure,tracking_failure,True,,,,0.5868322449902013,1.6520308585316343,0.0
MuJoCo,15000,flat,precision_wz_+0.10,7209,tracking_failure,tracking_failure,True,,,,0.5859101022399287,1.7365336528926747,0.0
MuJoCo,15000,flat,precision_wz_+0.10,7210,tracking_failure,tracking_failure,True,,,,0.5876738381133486,1.8573858974133985,0.0
MuJoCo,15000,flat,precision_wz_+0.10,7211,tracking_failure,tracking_failure,True,,,,0.5860288905560005,1.5483343980066828,0.0
MuJoCo,15000,flat,precision_wz_+0.10,7212,tracking_failure,tracking_failure,True,,,,0.5874604845301461,1.8037410053009986,0.0
MuJoCo,15000,flat,precision_wz_+0.10,7213,tracking_failure,tracking_failure,True,,,,0.5857097126337178,1.7260218627299249,0.0
MuJoCo,15000,flat,precision_wz_+0.10,7214,tracking_failure,tracking_failure,True,,,,0.5873735176147035,1.664059583101677,0.0
MuJoCo,15000,flat,precision_wz_+0.10,7215,tracking_failure,tracking_failure,True,,,,0.587115378791228,1.8351737521105387,0.0
MuJoCo,15000,flat,precision_wz_+0.10,7216,tracking_failure,tracking_failure,True,,,,0.588258428341062,1.8955091753893507,0.0
MuJoCo,15000,flat,diagonal,7201,command_transition_failure,command_transition_failure,True,,,,0.6949468232875975,8.104867707312447,0.00027272727272727274
MuJoCo,15000,flat,diagonal,7202,command_transition_failure,command_transition_failure,True,,,,0.6930399934686956,8.144079123034967,0.0004090909090909091
MuJoCo,15000,flat,diagonal,7203,command_transition_failure,command_transition_failure,True,,,,0.7011950249642035,8.043588770527956,0.0003636363636363636
MuJoCo,15000,flat,diagonal,7204,command_transition_failure,command_transition_failure,True,,,,0.6966404831550096,8.060467032553426,0.0003181818181818182
MuJoCo,15000,flat,diagonal,7205,command_transition_failure,command_transition_failure,True,,,,0.693520943905471,8.058115467242484,0.00027272727272727274
MuJoCo,15000,flat,diagonal,7206,command_transition_failure,command_transition_failure,True,,,,0.701024152898244,8.062090485410582,0.0003636363636363636
MuJoCo,15000,flat,diagonal,7207,command_transition_failure,command_transition_failure,True,,,,0.6919303733955602,8.113137342586613,0.00027272727272727274
MuJoCo,15000,flat,diagonal,7208,command_transition_failure,command_transition_failure,True,,,,0.6975978459845916,8.088612413340805,0.0004090909090909091
MuJoCo,15000,flat,diagonal,7209,command_transition_failure,command_transition_failure,True,,,,0.6956404192000119,8.059587828969489,0.00045454545454545455
MuJoCo,15000,flat,diagonal,7210,command_transition_failure,command_transition_failure,True,,,,0.6993716676962545,8.046206078544483,0.00027272727272727274
MuJoCo,15000,flat,diagonal,7211,command_transition_failure,command_transition_failure,True,,,,0.6967542395429637,8.060943695255977,0.00027272727272727274
MuJoCo,15000,flat,diagonal,7212,command_transition_failure,command_transition_failure,True,,,,0.702281389956768,8.022182855839986,0.00022727272727272727
MuJoCo,15000,flat,diagonal,7213,command_transition_failure,command_transition_failure,True,,,,0.6979205311478768,8.073222744322276,0.0003181818181818182
MuJoCo,15000,flat,diagonal,7214,command_transition_failure,command_transition_failure,True,,,,0.6982096353369722,8.02281553912404,0.0003181818181818182
MuJoCo,15000,flat,diagonal,7215,command_transition_failure,command_transition_failure,True,,,,0.6983456118717067,8.08761021557386,0.00022727272727272727
MuJoCo,15000,flat,diagonal,7216,command_transition_failure,command_transition_failure,True,,,,0.7023227229394394,8.0830902719417,0.0003181818181818182
MuJoCo,15000,flat,turning,7201,tracking_failure,tracking_failure,True,,,,0.2966839635612437,15.441160218320237,0.02781818181818182
MuJoCo,15000,flat,turning,7202,tracking_failure,tracking_failure,True,,,,0.29308490817890265,15.723773487864724,0.029772727272727274
MuJoCo,15000,flat,turning,7203,tracking_failure,tracking_failure,True,,,,0.2958089555369817,15.485604573935074,0.02809090909090909
MuJoCo,15000,flat,turning,7204,tracking_failure,tracking_failure,True,,,,0.298241168590876,15.56786287721672,0.024772727272727273
MuJoCo,15000,flat,turning,7205,tracking_failure,command_transition_failure|tracking_failure,True,,,,0.288255503127706,15.66218627858893,0.032
MuJoCo,15000,flat,turning,7206,tracking_failure,tracking_failure,True,,,,0.2962625894730503,15.400635742518794,0.02618181818181818
MuJoCo,15000,flat,turning,7207,tracking_failure,tracking_failure,True,,,,0.29675095035211607,15.35465304456871,0.03390909090909091
MuJoCo,15000,flat,turning,7208,tracking_failure,tracking_failure,True,,,,0.29680263568322907,15.502031710525081,0.028136363636363636
MuJoCo,15000,flat,turning,7209,tracking_failure,tracking_failure,True,,,,0.2968141913750334,15.33174994385963,0.028227272727272726
MuJoCo,15000,flat,turning,7210,tracking_failure,tracking_failure,True,,,,0.29451939382576453,15.65051385028984,0.02722727272727273
MuJoCo,15000,flat,turning,7211,tracking_failure,tracking_failure,True,,,,0.2908376907079021,15.500529594018332,0.02781818181818182
MuJoCo,15000,flat,turning,7212,tracking_failure,tracking_failure,True,,,,0.29533360411378706,15.59784114775412,0.026454545454545456
MuJoCo,15000,flat,turning,7213,tracking_failure,tracking_failure,True,,,,0.2926671473017668,15.60432526613189,0.03122727272727273
MuJoCo,15000,flat,turning,7214,tracking_failure,tracking_failure,True,,,,0.2980803941222072,15.593607031943089,0.028545454545454544
MuJoCo,15000,flat,turning,7215,tracking_failure,tracking_failure,True,,,,0.29813937558218373,15.484652079958956,0.028227272727272726
MuJoCo,15000,flat,turning,7216,tracking_failure,tracking_failure,True,,,,0.2958018513754054,15.487459265945269,0.031636363636363636
MuJoCo,15000,flat,reverse,7201,success,,True,,,,0.6745690945739669,9.418165090500082,0.0006486486486486486
MuJoCo,15000,flat,reverse,7202,success,,True,,,,0.6746748735119076,9.64753963997479,0.0006216216216216216
MuJoCo,15000,flat,reverse,7203,success,,True,,,,0.6741960108632984,9.534661144483945,0.0006486486486486486
MuJoCo,15000,flat,reverse,7204,success,,True,,,,0.6740363474405107,9.733072506960706,0.0006486486486486486
MuJoCo,15000,flat,reverse,7205,success,,True,,,,0.6742564816232545,9.709133442910563,0.0006216216216216216
MuJoCo,15000,flat,reverse,7206,success,,True,,,,0.6733187920830376,9.841951413042846,0.0006216216216216216
MuJoCo,15000,flat,reverse,7207,success,,True,,,,0.6749712175816581,9.364395707095376,0.0006216216216216216
MuJoCo,15000,flat,reverse,7208,success,,True,,,,0.6745421802902724,9.43159516606044,0.0006486486486486486
MuJoCo,15000,flat,reverse,7209,success,,True,,,,0.674066878359011,9.475039099472102,0.0006486486486486486
MuJoCo,15000,flat,reverse,7210,success,,True,,,,0.6745818756111418,9.379073225838242,0.0006486486486486486
MuJoCo,15000,flat,reverse,7211,success,,True,,,,0.674379942289014,9.47881063475245,0.0006486486486486486
MuJoCo,15000,flat,reverse,7212,success,,True,,,,0.6740188822216792,9.489380808014266,0.0006486486486486486
MuJoCo,15000,flat,reverse,7213,success,,True,,,,0.673791900819537,9.450425241192073,0.0006486486486486486
MuJoCo,15000,flat,reverse,7214,success,,True,,,,0.6736751076745444,9.674711165936111,0.0006486486486486486
MuJoCo,15000,flat,reverse,7215,success,,True,,,,0.6742312240305113,9.577630280606696,0.0006486486486486486
MuJoCo,15000,flat,reverse,7216,success,,True,,,,0.6738390799613987,9.654426795958159,0.0006486486486486486
MuJoCo,15000,flat,ramp,7201,tracking_failure,command_transition_failure|tracking_failure,True,,,,0.6989871951005444,16.353776406695797,0.07279166666666667
MuJoCo,15000,flat,ramp,7202,tracking_failure,command_transition_failure|tracking_failure,True,,,,0.6985999956890055,16.250305113112432,0.0715
MuJoCo,15000,flat,ramp,7203,tracking_failure,command_transition_failure|tracking_failure,True,,,,0.698647268515647,16.350426949586407,0.07641666666666666
MuJoCo,15000,flat,ramp,7204,tracking_failure,command_transition_failure|tracking_failure,True,,,,0.6989811050613917,16.24159732042771,0.06533333333333333
MuJoCo,15000,flat,ramp,7205,tracking_failure,command_transition_failure|tracking_failure,True,,,,0.6987273885699092,16.204143693051538,0.07904166666666666
MuJoCo,15000,flat,ramp,7206,tracking_failure,command_transition_failure|tracking_failure,True,,,,0.698875276008685,16.344067891266388,0.08341666666666667
MuJoCo,15000,flat,ramp,7207,tracking_failure,command_transition_failure|tracking_failure,True,,,,0.6985371847159658,16.295245007980977,0.056416666666666664
MuJoCo,15000,flat,ramp,7208,tracking_failure,command_transition_failure|tracking_failure,True,,,,0.6987628538146782,16.301662879540398,0.08054166666666666
MuJoCo,15000,flat,ramp,7209,tracking_failure,command_transition_failure|tracking_failure,True,,,,0.6985280640787024,16.307412981052515,0.08470833333333333
MuJoCo,15000,flat,ramp,7210,tracking_failure,command_transition_failure|tracking_failure,True,,,,0.6989568922271627,16.33337470340182,0.08470833333333333
MuJoCo,15000,flat,ramp,7211,tracking_failure,command_transition_failure|tracking_failure,True,,,,0.6985141078015982,16.25951010950261,0.06366666666666666
MuJoCo,15000,flat,ramp,7212,tracking_failure,command_transition_failure|tracking_failure,True,,,,0.6989277416630835,16.20786276682489,0.07729166666666666
MuJoCo,15000,flat,ramp,7213,tracking_failure,command_transition_failure|tracking_failure,True,,,,0.6981932822033534,16.266798782466314,0.03691666666666667
MuJoCo,15000,flat,ramp,7214,tracking_failure,command_transition_failure|tracking_failure,True,,,,0.6986872385814725,16.255150748978025,0.07895833333333334
MuJoCo,15000,flat,ramp,7215,tracking_failure,command_transition_failure|tracking_failure,True,,,,0.6986183675296467,16.270339270440125,0.07504166666666667
MuJoCo,15000,flat,ramp,7216,tracking_failure,command_transition_failure|tracking_failure,True,,,,0.6989269448286114,16.270194187949826,0.08316666666666667
MuJoCo,15000,flat,push_moving,7201,success,,True,,,,0.6703593307900847,6.632795476406568,0.0
MuJoCo,15000,flat,push_moving,7202,success,,True,,,,0.6703912599154542,6.647060006150342,0.0
MuJoCo,15000,flat,push_moving,7203,success,,True,,,,0.6702841353089373,6.628092661096419,0.0
MuJoCo,15000,flat,push_moving,7204,success,,True,,,,0.6703790127188662,6.624538489932002,0.0
MuJoCo,15000,flat,push_moving,7205,success,,True,,,,0.6702503893196246,6.621824433528538,0.0
MuJoCo,15000,flat,push_moving,7206,success,,True,,,,0.6703575490389498,6.599698429560294,0.0
MuJoCo,15000,flat,push_moving,7207,success,,True,,,,0.6703109641101788,6.668917724038882,0.0
MuJoCo,15000,flat,push_moving,7208,success,,True,,,,0.670430572717182,6.607547361800883,0.0
MuJoCo,15000,flat,push_moving,7209,success,,True,,,,0.6703532900325121,6.675970135978475,0.0
MuJoCo,15000,flat,push_moving,7210,success,,True,,,,0.6703333477926077,6.532681409568553,0.0
MuJoCo,15000,flat,push_moving,7211,success,,True,,,,0.6704295426446476,6.615854756622534,0.0
MuJoCo,15000,flat,push_moving,7212,success,,True,,,,0.6703121812520372,6.526636006424721,0.0
MuJoCo,15000,flat,push_moving,7213,success,,True,,,,0.6703545659833013,6.654980685675358,0.0
MuJoCo,15000,flat,push_moving,7214,success,,True,,,,0.6704018646739486,6.566639893792874,0.0
MuJoCo,15000,flat,push_moving,7215,success,,True,,,,0.6703646974469861,6.5632551745708625,0.0
MuJoCo,15000,flat,push_moving,7216,success,,True,,,,0.670273822943701,6.519943672945162,0.0
MuJoCo,15000,flat,push_standing,7201,success,,True,,,,0.6650913035951913,1.5956067343175468,0.0
MuJoCo,15000,flat,push_standing,7202,success,,True,,,,0.6648623153544201,1.8688152195870122,0.0
MuJoCo,15000,flat,push_standing,7203,success,,True,,,,0.6658876327799064,1.8171956570818781,0.0
MuJoCo,15000,flat,push_standing,7204,success,,True,,,,0.6653604718067051,1.6950822950840234,0.0
MuJoCo,15000,flat,push_standing,7205,success,,True,,,,0.664662527880406,1.8625275896052313,0.0
MuJoCo,15000,flat,push_standing,7206,success,,True,,,,0.6665669343711055,1.6856958654736656,0.0
MuJoCo,15000,flat,push_standing,7207,success,,True,,,,0.6641478131990505,1.6611910628407274,0.0
MuJoCo,15000,flat,push_standing,7208,success,,True,,,,0.6658468005511218,1.6520308585316343,0.0
MuJoCo,15000,flat,push_standing,7209,success,,True,,,,0.6653442058346611,1.7365336528926747,0.0
MuJoCo,15000,flat,push_standing,7210,success,,True,,,,0.6665243466439928,1.8573858974133985,0.0
MuJoCo,15000,flat,push_standing,7211,success,,True,,,,0.6651541519786712,1.5483343980066828,0.0
MuJoCo,15000,flat,push_standing,7212,success,,True,,,,0.6666660477085835,1.8037410053009986,0.0
MuJoCo,15000,flat,push_standing,7213,success,,True,,,,0.6650722681680166,1.7260218627299249,0.0
MuJoCo,15000,flat,push_standing,7214,success,,True,,,,0.6663269016542712,1.664059583101677,0.0
MuJoCo,15000,flat,push_standing,7215,success,,True,,,,0.6659947024908117,1.8351737521105387,0.0
MuJoCo,15000,flat,push_standing,7216,success,,True,,,,0.6671109192614275,1.8955091753893507,0.0
MuJoCo,19999,flat,stand,7201,success,,True,,,,0.7498954901569268,1.6519062906704838,0.0
MuJoCo,19999,flat,stand,7202,success,,True,,,,0.748628740789207,1.888330687283674,0.0
MuJoCo,19999,flat,stand,7203,success,,True,,,,0.7512174095184504,1.8744682335434097,0.0
MuJoCo,19999,flat,stand,7204,success,,True,,,,0.7497286276328131,1.7870103187109456,0.0
MuJoCo,19999,flat,stand,7205,success,,True,,,,0.7481787667685309,1.8565860792137008,0.0
MuJoCo,19999,flat,stand,7206,success,,True,,,,0.7521250393008654,1.8492061129573358,0.0
MuJoCo,19999,flat,stand,7207,success,,True,,,,0.748158651439199,1.7430386436388452,0.0
MuJoCo,19999,flat,stand,7208,success,,True,,,,0.750608392055111,1.613926353151648,0.0
MuJoCo,19999,flat,stand,7209,success,,True,,,,0.7497977105164005,1.795488202665004,0.0
MuJoCo,19999,flat,stand,7210,success,,True,,,,0.7509694926088708,1.8771722485002547,0.0
MuJoCo,19999,flat,stand,7211,success,,True,,,,0.7498257352909335,1.7148425295342131,0.0
MuJoCo,19999,flat,stand,7212,success,,True,,,,0.7515666747455338,1.7981509884302689,0.0
MuJoCo,19999,flat,stand,7213,success,,True,,,,0.7493820137863094,1.7833973355750001,0.0
MuJoCo,19999,flat,stand,7214,success,,True,,,,0.7508156517644992,1.7771981398812633,0.0
MuJoCo,19999,flat,stand,7215,success,,True,,,,0.7506487184781655,1.8665994148779004,0.0
MuJoCo,19999,flat,stand,7216,success,,True,,,,0.7521251337882005,1.894535300263615,0.0
MuJoCo,19999,flat,vx_-0.50,7201,success,,True,,,,0.7059797891001127,5.867721581160428,9.09090909090909e-05
MuJoCo,19999,flat,vx_-0.50,7202,success,,True,,,,0.7057877833529367,5.846944396770845,4.545454545454545e-05
MuJoCo,19999,flat,vx_-0.50,7203,success,,True,,,,0.7060436201358253,5.923745332463022,0.0003636363636363636
MuJoCo,19999,flat,vx_-0.50,7204,success,,True,,,,0.705958393836737,5.917250667688764,0.0003636363636363636
MuJoCo,19999,flat,vx_-0.50,7205,success,,True,,,,0.7058252099400604,5.874129898965429,0.00027272727272727274
MuJoCo,19999,flat,vx_-0.50,7206,success,,True,,,,0.7061597178691845,5.905612588217113,9.09090909090909e-05
MuJoCo,19999,flat,vx_-0.50,7207,success,,True,,,,0.705861038065598,5.864619944869346,4.545454545454545e-05
MuJoCo,19999,flat,vx_-0.50,7208,success,,True,,,,0.7060622982810346,5.845417447423351,0.0001818181818181818
MuJoCo,19999,flat,vx_-0.50,7209,success,,True,,,,0.7060557932007034,5.89497493381861,0.0
MuJoCo,19999,flat,vx_-0.50,7210,success,,True,,,,0.706080915971699,5.846208348695404,0.00013636363636363637
MuJoCo,19999,flat,vx_-0.50,7211,success,,True,,,,0.7059329624342854,5.85845635574961,4.545454545454545e-05
MuJoCo,19999,flat,vx_-0.50,7212,success,,True,,,,0.7060934415459359,5.882949905143653,0.0001818181818181818
MuJoCo,19999,flat,vx_-0.50,7213,success,,True,,,,0.7059315593923198,5.902987832418113,0.00045454545454545455
MuJoCo,19999,flat,vx_-0.50,7214,success,,True,,,,0.7059893939835263,5.839395183944658,4.545454545454545e-05
MuJoCo,19999,flat,vx_-0.50,7215,success,,True,,,,0.7060067365194993,5.893124797650736,0.00022727272727272727
MuJoCo,19999,flat,vx_-0.50,7216,success,,True,,,,0.7060736332767896,5.847348919601772,9.09090909090909e-05
MuJoCo,19999,flat,vx_+0.50,7201,success,,True,,,,0.7189415681837794,6.57166593827081,0.00027272727272727274
MuJoCo,19999,flat,vx_+0.50,7202,success,,True,,,,0.7189476111535288,6.558701490777009,0.0003181818181818182
MuJoCo,19999,flat,vx_+0.50,7203,success,,True,,,,0.7189487043883744,6.555399475475706,0.00013636363636363637
MuJoCo,19999,flat,vx_+0.50,7204,success,,True,,,,0.7189256566633209,6.528763868145238,0.00022727272727272727
MuJoCo,19999,flat,vx_+0.50,7205,success,,True,,,,0.7189479266395424,6.499846436012973,0.00022727272727272727
MuJoCo,19999,flat,vx_+0.50,7206,success,,True,,,,0.7188467000923229,6.689566477221708,0.0003181818181818182
MuJoCo,19999,flat,vx_+0.50,7207,success,,True,,,,0.7190095422899614,6.582486915874735,0.0003181818181818182
MuJoCo,19999,flat,vx_+0.50,7208,success,,True,,,,0.7189475595364048,6.567322564101161,0.00022727272727272727
MuJoCo,19999,flat,vx_+0.50,7209,success,,True,,,,0.7188653299257182,6.672129655841827,0.0004090909090909091
MuJoCo,19999,flat,vx_+0.50,7210,success,,True,,,,0.7189093093528793,6.504468610520552,0.00013636363636363637
MuJoCo,19999,flat,vx_+0.50,7211,success,,True,,,,0.7188829355067645,6.583170611315435,0.0003181818181818182
MuJoCo,19999,flat,vx_+0.50,7212,success,,True,,,,0.7189482963219191,6.5795073354507165,0.0001818181818181818
MuJoCo,19999,flat,vx_+0.50,7213,success,,True,,,,0.7189484415462811,6.514613551388123,0.00022727272727272727
MuJoCo,19999,flat,vx_+0.50,7214,success,,True,,,,0.7187995161451294,6.542814865383791,0.00027272727272727274
MuJoCo,19999,flat,vx_+0.50,7215,success,,True,,,,0.7189850982994005,6.53255246517895,0.0001818181818181818
MuJoCo,19999,flat,vx_+0.50,7216,success,,True,,,,0.7187222749655343,6.533000749376875,9.09090909090909e-05
MuJoCo,19999,flat,vx_+1.00,7201,tracking_failure,command_transition_failure|tracking_failure,True,,,,0.7063951945187678,17.106500447783162,0.2610454545454545
MuJoCo,19999,flat,vx_+1.00,7202,tracking_failure,command_transition_failure|tracking_failure,True,,,,0.7082095491522362,17.11406249937505,0.26022727272727275
MuJoCo,19999,flat,vx_+1.00,7203,tracking_failure,command_transition_failure|tracking_failure,True,,,,0.7074801581287055,17.104908638929775,0.25736363636363635
MuJoCo,19999,flat,vx_+1.00,7204,tracking_failure,command_transition_failure|tracking_failure,True,,,,0.7113782704069277,17.275351299723553,0.2635909090909091
MuJoCo,19999,flat,vx_+1.00,7205,tracking_failure,command_transition_failure|tracking_failure,True,,,,0.7222819517465577,17.25028404177086,0.26504545454545453
MuJoCo,19999,flat,vx_+1.00,7206,tracking_failure,command_transition_failure|tracking_failure,True,,,,0.706907816267206,17.178401546941075,0.26377272727272727
MuJoCo,19999,flat,vx_+1.00,7207,tracking_failure,command_transition_failure|tracking_failure,True,,,,0.7090495841624508,17.228870624809414,0.26536363636363636
MuJoCo,19999,flat,vx_+1.00,7208,tracking_failure,command_transition_failure|tracking_failure,True,,,,0.7087919565356162,17.083841468439815,0.2560909090909091
MuJoCo,19999,flat,vx_+1.00,7209,tracking_failure,command_transition_failure|tracking_failure,True,,,,0.707504806310718,17.22287251606414,0.2625
MuJoCo,19999,flat,vx_+1.00,7210,tracking_failure,command_transition_failure|tracking_failure,True,,,,0.7090363794435306,17.200997753487968,0.2640909090909091
MuJoCo,19999,flat,vx_+1.00,7211,tracking_failure,command_transition_failure|tracking_failure,True,,,,0.7070344230650396,17.12012124068051,0.25822727272727275
MuJoCo,19999,flat,vx_+1.00,7212,tracking_failure,command_transition_failure|tracking_failure,True,,,,0.7093733247135707,17.120159540304623,0.2586363636363636
MuJoCo,19999,flat,vx_+1.00,7213,tracking_failure,command_transition_failure|tracking_failure,True,,,,0.7151395410267658,17.254834760588874,0.2645
MuJoCo,19999,flat,vx_+1.00,7214,tracking_failure,command_transition_failure|tracking_failure,True,,,,0.727008111096902,17.265901660888684,0.26477272727272727
MuJoCo,19999,flat,vx_+1.00,7215,tracking_failure,command_transition_failure|tracking_failure,True,,,,0.7064699169537595,17.209996659419158,0.2646363636363636
MuJoCo,19999,flat,vx_+1.00,7216,tracking_failure,command_transition_failure|tracking_failure,True,,,,0.7089696515499819,17.104296903201238,0.2596363636363636
MuJoCo,19999,flat,vy_-0.20,7201,tracking_failure,command_transition_failure|tracking_failure,True,,,,0.6944509056886484,1.6519062906704838,0.0
MuJoCo,19999,flat,vy_-0.20,7202,tracking_failure,command_transition_failure|tracking_failure,True,,,,0.6933004512259545,1.888330687283674,0.0
MuJoCo,19999,flat,vy_-0.20,7203,tracking_failure,command_transition_failure|tracking_failure,True,,,,0.6947680675803987,1.8744682335434097,0.0
MuJoCo,19999,flat,vy_-0.20,7204,tracking_failure,command_transition_failure|tracking_failure,True,,,,0.6934554881859569,1.7870103187109456,0.0
MuJoCo,19999,flat,vy_-0.20,7205,tracking_failure,command_transition_failure|tracking_failure,True,,,,0.692082175313653,1.8565860792137008,0.0
MuJoCo,19999,flat,vy_-0.20,7206,tracking_failure,command_transition_failure|tracking_failure,True,,,,0.6937003703520909,1.8492061129573358,0.0
MuJoCo,19999,flat,vy_-0.20,7207,tracking_failure,command_transition_failure|tracking_failure,True,,,,0.6931936252268629,1.7430386436388452,0.0
MuJoCo,19999,flat,vy_-0.20,7208,tracking_failure,command_transition_failure|tracking_failure,True,,,,0.6949080546611462,1.613926353151648,0.0
MuJoCo,19999,flat,vy_-0.20,7209,tracking_failure,command_transition_failure|tracking_failure,True,,,,0.6937607559860572,1.795488202665004,0.0
MuJoCo,19999,flat,vy_-0.20,7210,tracking_failure,command_transition_failure|tracking_failure,True,,,,0.6924614141513274,1.8771722485002547,0.0
MuJoCo,19999,flat,vy_-0.20,7211,tracking_failure,command_transition_failure|tracking_failure,True,,,,0.6938269350972466,1.7148425295342131,0.0
MuJoCo,19999,flat,vy_-0.20,7212,tracking_failure,command_transition_failure|tracking_failure,True,,,,0.693798482672525,1.7981509884302689,0.0
MuJoCo,19999,flat,vy_-0.20,7213,tracking_failure,command_transition_failure|tracking_failure,True,,,,0.6941279030532084,1.7833973355750001,0.0
MuJoCo,19999,flat,vy_-0.20,7214,tracking_failure,command_transition_failure|tracking_failure,True,,,,0.6929780725188648,1.7771981398812633,0.0
MuJoCo,19999,flat,vy_-0.20,7215,tracking_failure,command_transition_failure|tracking_failure,True,,,,0.6934898180360519,1.8665994148779004,0.0
MuJoCo,19999,flat,vy_-0.20,7216,tracking_failure,command_transition_failure|tracking_failure,True,,,,0.6938956595895347,1.894535300263615,0.0
MuJoCo,19999,flat,vy_+0.20,7201,tracking_failure,command_transition_failure|tracking_failure,True,,,,0.6300734627893527,2.610088355901482,0.0
MuJoCo,19999,flat,vy_+0.20,7202,tracking_failure,command_transition_failure|tracking_failure,True,,,,0.6293075979877853,2.682271830876781,0.0
MuJoCo,19999,flat,vy_+0.20,7203,tracking_failure,command_transition_failure|tracking_failure,True,,,,0.6306720213773086,2.338600540076078,0.0
MuJoCo,19999,flat,vy_+0.20,7204,tracking_failure,command_transition_failure|tracking_failure,True,,,,0.6293308484325084,2.3830322842066667,0.0
MuJoCo,19999,flat,vy_+0.20,7205,tracking_failure,command_transition_failure|tracking_failure,True,,,,0.6277729301125089,2.314248267747683,0.0
MuJoCo,19999,flat,vy_+0.20,7206,tracking_failure,command_transition_failure|tracking_failure,True,,,,0.6313607936670659,2.2386807133716626,0.0
MuJoCo,19999,flat,vy_+0.20,7207,tracking_failure,command_transition_failure|tracking_failure,True,,,,0.6288118296497652,2.619669661424454,0.0
MuJoCo,19999,flat,vy_+0.20,7208,tracking_failure,command_transition_failure|tracking_failure,True,,,,0.6302994381843462,2.258270516622344,0.0
MuJoCo,19999,flat,vy_+0.20,7209,tracking_failure,command_transition_failure|tracking_failure,True,,,,0.6294317925634335,2.208784174625693,0.0
MuJoCo,19999,flat,vy_+0.20,7210,tracking_failure,command_transition_failure|tracking_failure,True,,,,0.6293143042569624,2.348700839203371,0.0
MuJoCo,19999,flat,vy_+0.20,7211,tracking_failure,command_transition_failure|tracking_failure,True,,,,0.6299225452877275,2.5522731710527773,0.0
MuJoCo,19999,flat,vy_+0.20,7212,tracking_failure,command_transition_failure|tracking_failure,True,,,,0.6299565149855219,2.3109131973299646,0.0
MuJoCo,19999,flat,vy_+0.20,7213,tracking_failure,command_transition_failure|tracking_failure,True,,,,0.6294042125443167,2.4247811221929134,0.0
MuJoCo,19999,flat,vy_+0.20,7214,tracking_failure,command_transition_failure|tracking_failure,True,,,,0.6294745505505869,2.407163282214323,0.0
MuJoCo,19999,flat,vy_+0.20,7215,tracking_failure,command_transition_failure|tracking_failure,True,,,,0.6292740101407084,2.313637827949632,0.0
MuJoCo,19999,flat,vy_+0.20,7216,tracking_failure,command_transition_failure|tracking_failure,True,,,,0.6298286174503239,2.266954152929409,0.0
MuJoCo,19999,flat,wz_-0.50,7201,command_transition_failure,command_transition_failure,True,,,,0.22508618706014272,8.689433122324683,0.0
MuJoCo,19999,flat,wz_-0.50,7202,success,,True,,,,0.2532048053288326,5.700630526034409,0.0
MuJoCo,19999,flat,wz_-0.50,7203,success,,True,,,,0.26354145883815117,7.855961672128906,0.0
MuJoCo,19999,flat,wz_-0.50,7204,success,,True,,,,0.21666464415099818,8.697140886704304,0.0
MuJoCo,19999,flat,wz_-0.50,7205,success,,True,,,,0.2514821779016939,6.857943993438934,0.0
MuJoCo,19999,flat,wz_-0.50,7206,success,,True,,,,0.17440317651597048,8.062401089570265,0.0
MuJoCo,19999,flat,wz_-0.50,7207,success,,True,,,,0.25685334185281594,7.54665939379326,0.0
MuJoCo,19999,flat,wz_-0.50,7208,success,,True,,,,0.1495264677854642,6.736759223686333,0.0
MuJoCo,19999,flat,wz_-0.50,7209,success,,True,,,,0.24312680736716985,8.885370226129528,0.0
MuJoCo,19999,flat,wz_-0.50,7210,success,,True,,,,0.2547459335434179,6.539136081555168,0.0
MuJoCo,19999,flat,wz_-0.50,7211,tracking_failure,tracking_failure,True,,,,0.44107201551830444,4.020799295545833,0.0
MuJoCo,19999,flat,wz_-0.50,7212,success,,True,,,,0.24526049542785533,7.761460639484483,0.0
MuJoCo,19999,flat,wz_-0.50,7213,success,,True,,,,0.24178668656575197,8.73199821409663,0.0
MuJoCo,19999,flat,wz_-0.50,7214,success,,True,,,,0.2580699579620397,6.734476867137937,0.0
MuJoCo,19999,flat,wz_-0.50,7215,command_transition_failure,command_transition_failure,True,,,,0.19988886751125523,7.249337856645305,0.0
MuJoCo,19999,flat,wz_-0.50,7216,command_transition_failure,command_transition_failure,True,,,,0.22485584967329653,7.940112010708162,0.0
MuJoCo,19999,flat,wz_+0.50,7201,success,,True,,,,0.3015363222873967,8.019587029762748,0.0
MuJoCo,19999,flat,wz_+0.50,7202,success,,True,,,,0.3015595454946661,8.693086047355015,0.0
MuJoCo,19999,flat,wz_+0.50,7203,success,,True,,,,0.3015937129005348,8.040630573994116,0.0
MuJoCo,19999,flat,wz_+0.50,7204,success,,True,,,,0.3012024286481426,7.412575370240884,0.0
MuJoCo,19999,flat,wz_+0.50,7205,success,,True,,,,0.300565244697922,8.415873275019184,0.0
MuJoCo,19999,flat,wz_+0.50,7206,success,,True,,,,0.29301856178349117,8.17099855068415,0.0
MuJoCo,19999,flat,wz_+0.50,7207,success,,True,,,,0.30033008745442413,7.920375477148157,0.0
MuJoCo,19999,flat,wz_+0.50,7208,success,,True,,,,0.30126334251530706,8.167989592423273,0.0
MuJoCo,19999,flat,wz_+0.50,7209,success,,True,,,,0.30330688001468153,7.2873605989537875,0.0
MuJoCo,19999,flat,wz_+0.50,7210,success,,True,,,,0.3185925396820093,8.336948088999163,0.0
MuJoCo,19999,flat,wz_+0.50,7211,success,,True,,,,0.29335071419545466,8.686746461861484,0.0
MuJoCo,19999,flat,wz_+0.50,7212,success,,True,,,,0.302449501142916,7.431470611230486,0.0
MuJoCo,19999,flat,wz_+0.50,7213,success,,True,,,,0.30001621025934744,7.791205506119134,0.0
MuJoCo,19999,flat,wz_+0.50,7214,success,,True,,,,0.2932414054599901,8.317163298864413,0.0
MuJoCo,19999,flat,wz_+0.50,7215,success,,True,,,,0.2935832226216738,7.9127150851555985,0.0
MuJoCo,19999,flat,wz_+0.50,7216,success,,True,,,,0.30242732754719925,7.637765923914427,0.0
MuJoCo,19999,flat,precision_vx_-0.10,7201,success,,True,,,,0.7027604520884492,1.6519062906704838,0.0
MuJoCo,19999,flat,precision_vx_-0.10,7202,success,,True,,,,0.7027206719655525,1.888330687283674,0.0
MuJoCo,19999,flat,precision_vx_-0.10,7203,success,,True,,,,0.702922990123565,1.8744682335434097,0.0
MuJoCo,19999,flat,precision_vx_-0.10,7204,success,,True,,,,0.7028086781465035,1.7870103187109456,0.0
MuJoCo,19999,flat,precision_vx_-0.10,7205,success,,True,,,,0.7022246327913673,1.8565860792137008,0.0
MuJoCo,19999,flat,precision_vx_-0.10,7206,success,,True,,,,0.7029679061785995,1.8492061129573358,0.0
MuJoCo,19999,flat,precision_vx_-0.10,7207,success,,True,,,,0.7020737189734949,1.7430386436388452,0.0
MuJoCo,19999,flat,precision_vx_-0.10,7208,success,,True,,,,0.7029494641483699,1.613926353151648,0.0
MuJoCo,19999,flat,precision_vx_-0.10,7209,success,,True,,,,0.702659524688932,1.795488202665004,0.0
MuJoCo,19999,flat,precision_vx_-0.10,7210,success,,True,,,,0.7029310229981147,1.8771722485002547,0.0
MuJoCo,19999,flat,precision_vx_-0.10,7211,success,,True,,,,0.7027943280632675,1.7148425295342131,0.0
MuJoCo,19999,flat,precision_vx_-0.10,7212,success,,True,,,,0.7028795078600203,1.7981509884302689,0.0
MuJoCo,19999,flat,precision_vx_-0.10,7213,success,,True,,,,0.7022450492983561,1.7833973355750001,0.0
MuJoCo,19999,flat,precision_vx_-0.10,7214,success,,True,,,,0.7029140864874153,1.7771981398812633,0.0
MuJoCo,19999,flat,precision_vx_-0.10,7215,success,,True,,,,0.7029156050004796,1.8665994148779004,0.0
MuJoCo,19999,flat,precision_vx_-0.10,7216,success,,True,,,,0.7030828835979592,1.894535300263615,0.0
MuJoCo,19999,flat,precision_vx_+0.10,7201,success,,True,,,,0.7068235121716776,1.6519062906704838,0.0
MuJoCo,19999,flat,precision_vx_+0.10,7202,success,,True,,,,0.7068238035006627,1.888330687283674,0.0
MuJoCo,19999,flat,precision_vx_+0.10,7203,success,,True,,,,0.7069433006434108,1.8744682335434097,0.0
MuJoCo,19999,flat,precision_vx_+0.10,7204,success,,True,,,,0.7068778642922285,1.7870103187109456,0.0
MuJoCo,19999,flat,precision_vx_+0.10,7205,success,,True,,,,0.7067721095513183,1.8565860792137008,0.0
MuJoCo,19999,flat,precision_vx_+0.10,7206,success,,True,,,,0.7070018596043146,1.8492061129573358,0.0
MuJoCo,19999,flat,precision_vx_+0.10,7207,success,,True,,,,0.7067522678628743,1.7430386436388452,0.0
MuJoCo,19999,flat,precision_vx_+0.10,7208,success,,True,,,,0.7068234014528445,1.613926353151648,0.0
MuJoCo,19999,flat,precision_vx_+0.10,7209,success,,True,,,,0.7067671318394435,1.795488202665004,0.0
MuJoCo,19999,flat,precision_vx_+0.10,7210,success,,True,,,,0.7068361457519307,1.8771722485002547,0.0
MuJoCo,19999,flat,precision_vx_+0.10,7211,success,,True,,,,0.7067751452111848,1.7148425295342131,0.0
MuJoCo,19999,flat,precision_vx_+0.10,7212,success,,True,,,,0.7069996582631128,1.7981509884302689,0.0
MuJoCo,19999,flat,precision_vx_+0.10,7213,success,,True,,,,0.7068550137072651,1.7833973355750001,0.0
MuJoCo,19999,flat,precision_vx_+0.10,7214,success,,True,,,,0.7067636651400767,1.7771981398812633,0.0
MuJoCo,19999,flat,precision_vx_+0.10,7215,success,,True,,,,0.706970301085661,1.8665994148779004,0.0
MuJoCo,19999,flat,precision_vx_+0.10,7216,success,,True,,,,0.7069716931541865,1.894535300263615,0.0
MuJoCo,19999,flat,precision_vy_-0.10,7201,tracking_failure,tracking_failure,True,,,,0.6885180919293338,1.6519062906704838,0.0
MuJoCo,19999,flat,precision_vy_-0.10,7202,tracking_failure,tracking_failure,True,,,,0.6882341749396256,1.888330687283674,0.0
MuJoCo,19999,flat,precision_vy_-0.10,7203,tracking_failure,tracking_failure,True,,,,0.6890219227195068,1.8744682335434097,0.0
MuJoCo,19999,flat,precision_vy_-0.10,7204,tracking_failure,tracking_failure,True,,,,0.6885538881929033,1.7870103187109456,0.0
MuJoCo,19999,flat,precision_vy_-0.10,7205,tracking_failure,tracking_failure,True,,,,0.6879195082118746,1.8565860792137008,0.0
MuJoCo,19999,flat,precision_vy_-0.10,7206,tracking_failure,tracking_failure,True,,,,0.6892049784483039,1.8492061129573358,0.0
MuJoCo,19999,flat,precision_vy_-0.10,7207,tracking_failure,tracking_failure,True,,,,0.6880814775110168,1.7430386436388452,0.0
MuJoCo,19999,flat,precision_vy_-0.10,7208,tracking_failure,tracking_failure,True,,,,0.6888647527150131,1.613926353151648,0.0
MuJoCo,19999,flat,precision_vy_-0.10,7209,tracking_failure,tracking_failure,True,,,,0.6888883146394562,1.795488202665004,0.0
MuJoCo,19999,flat,precision_vy_-0.10,7210,tracking_failure,tracking_failure,True,,,,0.6888166137368259,1.8771722485002547,0.0
MuJoCo,19999,flat,precision_vy_-0.10,7211,tracking_failure,tracking_failure,True,,,,0.688904553517621,1.7148425295342131,0.0
MuJoCo,19999,flat,precision_vy_-0.10,7212,tracking_failure,tracking_failure,True,,,,0.6896590254463089,1.7981509884302689,0.0
MuJoCo,19999,flat,precision_vy_-0.10,7213,tracking_failure,tracking_failure,True,,,,0.6881068680772686,1.7833973355750001,0.0
MuJoCo,19999,flat,precision_vy_-0.10,7214,tracking_failure,tracking_failure,True,,,,0.6887115624989111,1.7771981398812633,0.0
MuJoCo,19999,flat,precision_vy_-0.10,7215,tracking_failure,tracking_failure,True,,,,0.6882638363250382,1.8665994148779004,0.0
MuJoCo,19999,flat,precision_vy_-0.10,7216,tracking_failure,tracking_failure,True,,,,0.6888449755454154,1.894535300263615,0.0
MuJoCo,19999,flat,precision_vy_+0.10,7201,tracking_failure,tracking_failure,True,,,,0.6574413356845523,1.6519062906704838,0.0
MuJoCo,19999,flat,precision_vy_+0.10,7202,tracking_failure,tracking_failure,True,,,,0.6565728482914237,1.888330687283674,0.0
MuJoCo,19999,flat,precision_vy_+0.10,7203,tracking_failure,tracking_failure,True,,,,0.6584257641518994,1.8744682335434097,0.0
MuJoCo,19999,flat,precision_vy_+0.10,7204,tracking_failure,tracking_failure,True,,,,0.6572167986707996,1.7870103187109456,0.0
MuJoCo,19999,flat,precision_vy_+0.10,7205,tracking_failure,tracking_failure,True,,,,0.6561393328465747,1.8565860792137008,0.0
MuJoCo,19999,flat,precision_vy_+0.10,7206,tracking_failure,tracking_failure,True,,,,0.6591498112006422,1.8492061129573358,0.0
MuJoCo,19999,flat,precision_vy_+0.10,7207,tracking_failure,tracking_failure,True,,,,0.6558872767272012,1.7430386436388452,0.0
MuJoCo,19999,flat,precision_vy_+0.10,7208,tracking_failure,tracking_failure,True,,,,0.6582585929697444,1.613926353151648,0.0
MuJoCo,19999,flat,precision_vy_+0.10,7209,tracking_failure,tracking_failure,True,,,,0.6572757502908256,1.795488202665004,0.0
MuJoCo,19999,flat,precision_vy_+0.10,7210,tracking_failure,tracking_failure,True,,,,0.6582749096768095,1.8771722485002547,0.0
MuJoCo,19999,flat,precision_vy_+0.10,7211,tracking_failure,tracking_failure,True,,,,0.657287701526097,1.7148425295342131,0.0
MuJoCo,19999,flat,precision_vy_+0.10,7212,tracking_failure,tracking_failure,True,,,,0.6587930886126703,1.7981509884302689,0.0
MuJoCo,19999,flat,precision_vy_+0.10,7213,tracking_failure,tracking_failure,True,,,,0.6569979904298202,1.7833973355750001,0.0
MuJoCo,19999,flat,precision_vy_+0.10,7214,tracking_failure,tracking_failure,True,,,,0.6582871730921999,1.7771981398812633,0.0
MuJoCo,19999,flat,precision_vy_+0.10,7215,tracking_failure,tracking_failure,True,,,,0.6580705535221596,1.8665994148779004,0.0
MuJoCo,19999,flat,precision_vy_+0.10,7216,tracking_failure,tracking_failure,True,,,,0.659221620966535,1.894535300263615,0.0
MuJoCo,19999,flat,precision_wz_-0.10,7201,tracking_failure,tracking_failure,True,,,,0.7057278199678867,1.6519062906704838,0.0
MuJoCo,19999,flat,precision_wz_-0.10,7202,tracking_failure,tracking_failure,True,,,,0.7056481183202326,1.888330687283674,0.0
MuJoCo,19999,flat,precision_wz_-0.10,7203,tracking_failure,tracking_failure,True,,,,0.705795210800261,1.8744682335434097,0.0
MuJoCo,19999,flat,precision_wz_-0.10,7204,tracking_failure,tracking_failure,True,,,,0.7056944589923613,1.7870103187109456,0.0
MuJoCo,19999,flat,precision_wz_-0.10,7205,tracking_failure,tracking_failure,True,,,,0.7053237034576275,1.8565860792137008,0.0
MuJoCo,19999,flat,precision_wz_-0.10,7206,tracking_failure,tracking_failure,True,,,,0.7062392294214607,1.8492061129573358,0.0
MuJoCo,19999,flat,precision_wz_-0.10,7207,tracking_failure,tracking_failure,True,,,,0.7050672033938958,1.7430386436388452,0.0
MuJoCo,19999,flat,precision_wz_-0.10,7208,tracking_failure,tracking_failure,True,,,,0.7059492162125329,1.613926353151648,0.0
MuJoCo,19999,flat,precision_wz_-0.10,7209,tracking_failure,tracking_failure,True,,,,0.705601796634788,1.795488202665004,0.0
MuJoCo,19999,flat,precision_wz_-0.10,7210,tracking_failure,tracking_failure,True,,,,0.7060841967640739,1.8771722485002547,0.0
MuJoCo,19999,flat,precision_wz_-0.10,7211,tracking_failure,tracking_failure,True,,,,0.7054105834441149,1.7148425295342131,0.0
MuJoCo,19999,flat,precision_wz_-0.10,7212,tracking_failure,tracking_failure,True,,,,0.7061742783573555,1.7981509884302689,0.0
MuJoCo,19999,flat,precision_wz_-0.10,7213,tracking_failure,tracking_failure,True,,,,0.7055579503007021,1.7833973355750001,0.0
MuJoCo,19999,flat,precision_wz_-0.10,7214,tracking_failure,tracking_failure,True,,,,0.7060735573580046,1.7771981398812633,0.0
MuJoCo,19999,flat,precision_wz_-0.10,7215,tracking_failure,tracking_failure,True,,,,0.7059867650965812,1.8665994148779004,0.0
MuJoCo,19999,flat,precision_wz_-0.10,7216,tracking_failure,tracking_failure,True,,,,0.7063539069191285,1.894535300263615,0.0
MuJoCo,19999,flat,precision_wz_+0.10,7201,tracking_failure,tracking_failure,True,,,,0.6787798076648001,1.6519062906704838,0.0
MuJoCo,19999,flat,precision_wz_+0.10,7202,tracking_failure,tracking_failure,True,,,,0.6789164898026174,1.888330687283674,0.0
MuJoCo,19999,flat,precision_wz_+0.10,7203,tracking_failure,tracking_failure,True,,,,0.6794164381040813,1.8744682335434097,0.0
MuJoCo,19999,flat,precision_wz_+0.10,7204,tracking_failure,tracking_failure,True,,,,0.6799357667925778,1.7870103187109456,0.0
MuJoCo,19999,flat,precision_wz_+0.10,7205,tracking_failure,tracking_failure,True,,,,0.6782097670878531,1.8565860792137008,0.0
MuJoCo,19999,flat,precision_wz_+0.10,7206,tracking_failure,tracking_failure,True,,,,0.6817456960253812,1.8492061129573358,0.0
MuJoCo,19999,flat,precision_wz_+0.10,7207,tracking_failure,tracking_failure,True,,,,0.6769924787531588,1.7430386436388452,0.0
MuJoCo,19999,flat,precision_wz_+0.10,7208,tracking_failure,tracking_failure,True,,,,0.6799844713649674,1.613926353151648,0.0
MuJoCo,19999,flat,precision_wz_+0.10,7209,tracking_failure,tracking_failure,True,,,,0.6800860064311757,1.795488202665004,0.0
MuJoCo,19999,flat,precision_wz_+0.10,7210,tracking_failure,tracking_failure,True,,,,0.6817379311244365,1.8771722485002547,0.0
MuJoCo,19999,flat,precision_wz_+0.10,7211,tracking_failure,tracking_failure,True,,,,0.678764485657934,1.7148425295342131,0.0
MuJoCo,19999,flat,precision_wz_+0.10,7212,tracking_failure,tracking_failure,True,,,,0.68144264946023,1.7981509884302689,0.0
MuJoCo,19999,flat,precision_wz_+0.10,7213,tracking_failure,tracking_failure,True,,,,0.6791004892069366,1.7833973355750001,0.0
MuJoCo,19999,flat,precision_wz_+0.10,7214,tracking_failure,tracking_failure,True,,,,0.6811168585632048,1.7771981398812633,0.0
MuJoCo,19999,flat,precision_wz_+0.10,7215,tracking_failure,tracking_failure,True,,,,0.6809955078449497,1.8665994148779004,0.0
MuJoCo,19999,flat,precision_wz_+0.10,7216,tracking_failure,tracking_failure,True,,,,0.6822975963924647,1.894535300263615,0.0
MuJoCo,19999,flat,diagonal,7201,success,,True,,,,0.6596823320479364,10.859340619712327,0.0016363636363636363
MuJoCo,19999,flat,diagonal,7202,success,,True,,,,0.6625754810782577,10.883099625331013,0.001681818181818182
MuJoCo,19999,flat,diagonal,7203,success,,True,,,,0.6635167559905374,10.952406525855329,0.001590909090909091
MuJoCo,19999,flat,diagonal,7204,success,,True,,,,0.66390156819449,10.909500160487935,0.001590909090909091
MuJoCo,19999,flat,diagonal,7205,success,,True,,,,0.6604774506308547,11.202932331273313,0.001590909090909091
MuJoCo,19999,flat,diagonal,7206,success,,True,,,,0.6605552902063545,10.90603107952069,0.0017272727272727272
MuJoCo,19999,flat,diagonal,7207,success,,True,,,,0.6570543163412534,10.977041340152299,0.0016363636363636363
MuJoCo,19999,flat,diagonal,7208,success,,True,,,,0.6628092695686912,10.91818101376004,0.0016363636363636363
MuJoCo,19999,flat,diagonal,7209,success,,True,,,,0.6604531419466846,10.93700358963254,0.0017272727272727272
MuJoCo,19999,flat,diagonal,7210,success,,True,,,,0.6564340280313175,11.116818060184787,0.0014545454545454545
MuJoCo,19999,flat,diagonal,7211,success,,True,,,,0.6600036538748244,10.936917941233295,0.0016363636363636363
MuJoCo,19999,flat,diagonal,7212,success,,True,,,,0.6593603119309877,10.965321365141227,0.0016363636363636363
MuJoCo,19999,flat,diagonal,7213,success,,True,,,,0.6709743464203456,10.874899704350645,0.001590909090909091
MuJoCo,19999,flat,diagonal,7214,success,,True,,,,0.6652311445002084,11.010228808815038,0.0015454545454545454
MuJoCo,19999,flat,diagonal,7215,success,,True,,,,0.6634825941325362,11.078852691345972,0.001590909090909091
MuJoCo,19999,flat,diagonal,7216,success,,True,,,,0.66496103228677,10.858258192316892,0.0014545454545454545
MuJoCo,19999,flat,turning,7201,success,,True,,,,0.4298769197179237,15.880037781638825,0.01790909090909091
MuJoCo,19999,flat,turning,7202,command_transition_failure,command_transition_failure,True,,,,0.4103712815438777,16.264966692627073,0.014909090909090908
MuJoCo,19999,flat,turning,7203,success,,True,,,,0.4232697114823029,15.972770150788376,0.0165
MuJoCo,19999,flat,turning,7204,success,,True,,,,0.4215381673685098,15.784409204227964,0.010090909090909091
MuJoCo,19999,flat,turning,7205,success,,True,,,,0.4248905408908043,16.030566999965558,0.011636363636363636
MuJoCo,19999,flat,turning,7206,command_transition_failure,command_transition_failure,True,,,,0.40407942388540885,16.24212740306372,0.017363636363636362
MuJoCo,19999,flat,turning,7207,success,,True,,,,0.42003271633740263,15.933067583159835,0.014772727272727272
MuJoCo,19999,flat,turning,7208,success,,True,,,,0.4251657575674978,16.188110268546776,0.009590909090909091
MuJoCo,19999,flat,turning,7209,command_transition_failure,command_transition_failure,True,,,,0.3962320364341743,16.152610597689087,0.021954545454545456
MuJoCo,19999,flat,turning,7210,command_transition_failure,command_transition_failure,True,,,,0.3631886793902671,16.19434171818207,0.019045454545454546
MuJoCo,19999,flat,turning,7211,success,,True,,,,0.4297423652684354,15.702661903793645,0.012545454545454545
MuJoCo,19999,flat,turning,7212,success,,True,,,,0.4285586593832499,15.949550519232604,0.006636363636363636
MuJoCo,19999,flat,turning,7213,command_transition_failure,command_transition_failure,True,,,,0.41222761460145146,16.241739855646298,0.015636363636363636
MuJoCo,19999,flat,turning,7214,success,,True,,,,0.4195817104031895,16.263960330742346,0.015
MuJoCo,19999,flat,turning,7215,success,,True,,,,0.4221878114445651,16.13257109899894,0.008454545454545454
MuJoCo,19999,flat,turning,7216,command_transition_failure,command_transition_failure,True,,,,0.41219511929793873,16.125709903961642,0.009772727272727273
MuJoCo,19999,flat,reverse,7201,success,,True,,,,0.699392055993147,6.57166593827081,0.0009729729729729729
MuJoCo,19999,flat,reverse,7202,success,,True,,,,0.6994013364022856,6.558701490777009,0.001
MuJoCo,19999,flat,reverse,7203,success,,True,,,,0.6994275935125533,6.555399475475706,0.001
MuJoCo,19999,flat,reverse,7204,success,,True,,,,0.6993833666054562,6.528763868145238,0.0009459459459459459
MuJoCo,19999,flat,reverse,7205,success,,True,,,,0.6994593927865298,6.499846436012973,0.001054054054054054
MuJoCo,19999,flat,reverse,7206,success,,True,,,,0.6994791305548473,6.689566477221708,0.0009189189189189189
MuJoCo,19999,flat,reverse,7207,success,,True,,,,0.6993803735833607,6.582486915874735,0.0008648648648648649
MuJoCo,19999,flat,reverse,7208,success,,True,,,,0.6993812466127809,6.567322564101161,0.001054054054054054
MuJoCo,19999,flat,reverse,7209,success,,True,,,,0.6994760218841853,6.672129655841827,0.0011081081081081082
MuJoCo,19999,flat,reverse,7210,success,,True,,,,0.6994375554828205,6.504468610520552,0.0009189189189189189
MuJoCo,19999,flat,reverse,7211,success,,True,,,,0.6994439316672708,6.583170611315435,0.001054054054054054
MuJoCo,19999,flat,reverse,7212,success,,True,,,,0.6994221674695397,6.5795073354507165,0.0008648648648648649
MuJoCo,19999,flat,reverse,7213,success,,True,,,,0.6993546153422819,6.514613551388123,0.0009729729729729729
MuJoCo,19999,flat,reverse,7214,success,,True,,,,0.6994201365680331,6.542814865383791,0.0009459459459459459
MuJoCo,19999,flat,reverse,7215,success,,True,,,,0.6994419829205787,6.53255246517895,0.0008648648648648649
MuJoCo,19999,flat,reverse,7216,success,,True,,,,0.6994193232695662,6.533000749376875,0.0008648648648648649
MuJoCo,19999,flat,ramp,7201,tracking_failure,command_transition_failure|tracking_failure,True,,,,0.6993177575696898,17.181642948911627,0.25295833333333334
MuJoCo,19999,flat,ramp,7202,tracking_failure,command_transition_failure|tracking_failure,True,,,,0.6993084768563921,17.154217866919204,0.25283333333333335
MuJoCo,19999,flat,ramp,7203,tracking_failure,command_transition_failure|tracking_failure,True,,,,0.6855771519539668,17.161400557464912,0.251
MuJoCo,19999,flat,ramp,7204,tracking_failure,command_transition_failure|tracking_failure,True,,,,0.6984542789273063,17.156216184069432,0.252625
MuJoCo,19999,flat,ramp,7205,tracking_failure,command_transition_failure|tracking_failure,True,,,,0.6983191942012292,17.18902731278591,0.25195833333333334
MuJoCo,19999,flat,ramp,7206,tracking_failure,command_transition_failure|tracking_failure,True,,,,0.6884490719184109,17.155363120035204,0.25283333333333335
MuJoCo,19999,flat,ramp,7207,unsafe,command_transition_failure|standstill_failure|tracking_failure|unsafe,False,,hard_joint_position,41.362,-0.003811240832178542,17.200352721587336,0.29379623809293554
MuJoCo,19999,flat,ramp,7208,tracking_failure,command_transition_failure|tracking_failure,True,,,,0.7018029917158153,17.17128231989998,0.2522916666666667
MuJoCo,19999,flat,ramp,7209,unsafe,command_transition_failure|standstill_failure|tracking_failure|unsafe,False,,hard_joint_position,46.436,-0.006929460299742396,17.178565711388302,0.2599276423464553
MuJoCo,19999,flat,ramp,7210,tracking_failure,command_transition_failure|tracking_failure,True,,,,0.7031901594475826,17.184551329017395,0.2522083333333333
MuJoCo,19999,flat,ramp,7211,tracking_failure,command_transition_failure|tracking_failure,True,,,,0.6987924412332029,17.184485509177282,0.2530833333333333
MuJoCo,19999,flat,ramp,7212,tracking_failure,command_transition_failure|tracking_failure,True,,,,0.6849908041483387,17.08388055793654,0.250125
MuJoCo,19999,flat,ramp,7213,tracking_failure,command_transition_failure|tracking_failure,True,,,,0.6911218626472022,17.221187001580468,0.25233333333333335
MuJoCo,19999,flat,ramp,7214,tracking_failure,command_transition_failure|tracking_failure,True,,,,0.6857394809510441,17.137884086707942,0.25066666666666665
MuJoCo,19999,flat,ramp,7215,tracking_failure,command_transition_failure|tracking_failure,True,,,,0.7020904358179698,17.178379274793112,0.2514166666666667
MuJoCo,19999,flat,ramp,7216,tracking_failure,command_transition_failure|tracking_failure,True,,,,0.690644038950504,17.141626347483463,0.2515
MuJoCo,19999,flat,push_moving,7201,success,,True,,,,0.7184789687820423,6.57166593827081,0.00027272727272727274
MuJoCo,19999,flat,push_moving,7202,success,,True,,,,0.7186555794451064,6.558701490777009,0.0003181818181818182
MuJoCo,19999,flat,push_moving,7203,success,,True,,,,0.7188715564710874,6.555399475475706,0.00013636363636363637
MuJoCo,19999,flat,push_moving,7204,success,,True,,,,0.7188508156232609,6.528763868145238,0.00022727272727272727
MuJoCo,19999,flat,push_moving,7205,success,,True,,,,0.7182922731488784,6.499846436012973,0.00022727272727272727
MuJoCo,19999,flat,push_moving,7206,success,,True,,,,0.7188892053637499,6.689566477221708,0.0003181818181818182
MuJoCo,19999,flat,push_moving,7207,success,,True,,,,0.7176478370965097,6.582486915874735,0.0003181818181818182
MuJoCo,19999,flat,push_moving,7208,success,,True,,,,0.7188880898726809,6.567322564101161,0.00022727272727272727
MuJoCo,19999,flat,push_moving,7209,success,,True,,,,0.7189952408918486,6.672129655841827,0.0004090909090909091
MuJoCo,19999,flat,push_moving,7210,success,,True,,,,0.7188814486408253,6.504468610520552,0.00013636363636363637
MuJoCo,19999,flat,push_moving,7211,success,,True,,,,0.7185039608790085,6.583170611315435,0.0003181818181818182
MuJoCo,19999,flat,push_moving,7212,success,,True,,,,0.7190436024848131,6.5795073354507165,0.0001818181818181818
MuJoCo,19999,flat,push_moving,7213,success,,True,,,,0.7183167854659618,6.514613551388123,0.00022727272727272727
MuJoCo,19999,flat,push_moving,7214,success,,True,,,,0.71888848671211,6.542814865383791,0.00027272727272727274
MuJoCo,19999,flat,push_moving,7215,success,,True,,,,0.7188854379947267,6.53255246517895,0.0001818181818181818
MuJoCo,19999,flat,push_moving,7216,success,,True,,,,0.7189077618859835,6.533000749376875,9.09090909090909e-05
MuJoCo,19999,flat,push_standing,7201,success,,True,,,,0.7190423580503922,1.6519062906704838,0.0
MuJoCo,19999,flat,push_standing,7202,success,,True,,,,0.7188692183263778,1.888330687283674,0.0
MuJoCo,19999,flat,push_standing,7203,success,,True,,,,0.7192434744585307,1.8744682335434097,0.0
MuJoCo,19999,flat,push_standing,7204,success,,True,,,,0.7191979565480934,1.7870103187109456,0.0
MuJoCo,19999,flat,push_standing,7205,success,,True,,,,0.7188008417166711,1.8565860792137008,0.0
MuJoCo,19999,flat,push_standing,7206,success,,True,,,,0.7195322789846174,1.8492061129573358,0.0
MuJoCo,19999,flat,push_standing,7207,success,,True,,,,0.7184293194214465,1.7430386436388452,0.0
MuJoCo,19999,flat,push_standing,7208,success,,True,,,,0.7193992711628716,1.613926353151648,0.0
MuJoCo,19999,flat,push_standing,7209,success,,True,,,,0.7191441782400738,1.795488202665004,0.0
MuJoCo,19999,flat,push_standing,7210,success,,True,,,,0.7191366233028654,1.8771722485002547,0.0
MuJoCo,19999,flat,push_standing,7211,success,,True,,,,0.719055976381878,1.7148425295342131,0.0
MuJoCo,19999,flat,push_standing,7212,success,,True,,,,0.7195141270778177,1.7981509884302689,0.0
MuJoCo,19999,flat,push_standing,7213,success,,True,,,,0.7189477411424984,1.7833973355750001,0.0
MuJoCo,19999,flat,push_standing,7214,success,,True,,,,0.7192826889677431,1.7771981398812633,0.0
MuJoCo,19999,flat,push_standing,7215,success,,True,,,,0.719249195295581,1.8665994148779004,0.0
MuJoCo,19999,flat,push_standing,7216,success,,True,,,,0.7194201638592702,1.894535300263615,0.0
MuJoCo,10000,random_rough,forward_0.30,7201,success,,True,True,,,0.6885127222761793,14.523564071321585,0.01622222222222222
MuJoCo,10000,random_rough,forward_0.30,7202,success,,True,True,,,0.6892257577010436,14.417259292935103,0.016
MuJoCo,10000,random_rough,forward_0.30,7203,success,,True,True,,,0.6885903324901727,14.30970802799816,0.0152
MuJoCo,10000,random_rough,forward_0.30,7204,success,,True,True,,,0.6887555999341144,13.96564637543716,0.015377777777777778
MuJoCo,10000,random_rough,forward_0.30,7205,success,,True,True,,,0.6879365927071865,15.115654975870735,0.014444444444444444
MuJoCo,10000,random_rough,forward_0.30,7206,success,,True,True,,,0.6887143350682078,15.626134983499115,0.014355555555555555
MuJoCo,10000,random_rough,forward_0.30,7207,success,,True,True,,,0.6881260510385758,14.078919168954409,0.016533333333333334
MuJoCo,10000,random_rough,forward_0.30,7208,success,,True,True,,,0.6889773973723826,14.063338606659874,0.014666666666666666
MuJoCo,10000,random_rough,forward_0.30,7209,success,,True,True,,,0.6895634641242514,14.28460093470395,0.016
MuJoCo,10000,random_rough,forward_0.30,7210,success,,True,True,,,0.6890382742220457,14.136747880406372,0.016266666666666665
MuJoCo,10000,random_rough,forward_0.30,7211,success,,True,True,,,0.6863381191167204,14.03827589726696,0.015688888888888888
MuJoCo,10000,random_rough,forward_0.30,7212,success,,True,True,,,0.688741017219044,14.152434888459767,0.015688888888888888
MuJoCo,10000,random_rough,forward_0.30,7213,success,,True,True,,,0.6876048133876903,14.793081517032803,0.015466666666666667
MuJoCo,10000,random_rough,forward_0.30,7214,success,,True,True,,,0.6884415243866109,15.58487606819243,0.014533333333333334
MuJoCo,10000,random_rough,forward_0.30,7215,success,,True,True,,,0.6889744623133912,14.495751953047764,0.015511111111111111
MuJoCo,10000,random_rough,forward_0.30,7216,success,,True,True,,,0.6869324557008187,15.22203208429034,0.014577777777777778
MuJoCo,10000,random_rough,forward_0.70,7201,success,,True,True,,,0.7064105853369362,16.792477064846516,0.0204
MuJoCo,10000,random_rough,forward_0.70,7202,success,,True,True,,,0.7059524947101856,16.496564598971652,0.016044444444444445
MuJoCo,10000,random_rough,forward_0.70,7203,success,,True,True,,,0.706209385944361,16.295785128099695,0.018933333333333333
MuJoCo,10000,random_rough,forward_0.70,7204,success,,True,True,,,0.7060756677417868,16.35900353616592,0.019777777777777776
MuJoCo,10000,random_rough,forward_0.70,7205,success,,True,True,,,0.7061157557387332,16.201818505531474,0.011111111111111112
MuJoCo,10000,random_rough,forward_0.70,7206,success,,True,True,,,0.7061484270155316,16.311412666307064,0.01862222222222222
MuJoCo,10000,random_rough,forward_0.70,7207,success,,True,True,,,0.7066900794262437,16.60444079112149,0.02497777777777778
MuJoCo,10000,random_rough,forward_0.70,7208,success,,True,True,,,0.7061091701538672,16.24386845729592,0.018577777777777776
MuJoCo,10000,random_rough,forward_0.70,7209,success,,True,True,,,0.7066689808697274,16.392130129689974,0.022977777777777778
MuJoCo,10000,random_rough,forward_0.70,7210,success,,True,True,,,0.7061382374400583,16.480171825824858,0.022711111111111112
MuJoCo,10000,random_rough,forward_0.70,7211,success,,True,True,,,0.7065496679188944,16.4605815188795,0.020533333333333334
MuJoCo,10000,random_rough,forward_0.70,7212,success,,True,True,,,0.7064443865354564,16.387207057003724,0.016177777777777777
MuJoCo,10000,random_rough,forward_0.70,7213,success,,True,True,,,0.7062202094861685,16.440631255325002,0.016
MuJoCo,10000,random_rough,forward_0.70,7214,success,,True,True,,,0.7058788254599904,16.297662850058824,0.013911111111111112
MuJoCo,10000,random_rough,forward_0.70,7215,success,,True,True,,,0.7063366093400952,16.444133651854813,0.0172
MuJoCo,10000,random_rough,forward_0.70,7216,success,,True,True,,,0.7065183809828663,16.41568040276124,0.0192
MuJoCo,10000,random_rough,interrupted,7201,success,,True,True,,,0.6693587859439023,17.523369079401476,0.01267741935483871
MuJoCo,10000,random_rough,interrupted,7202,success,,True,True,,,0.6715386570089632,17.47581036005359,0.014258064516129033
MuJoCo,10000,random_rough,interrupted,7203,success,,True,True,,,0.6926083839312634,17.182456166395824,0.016
MuJoCo,10000,random_rough,interrupted,7204,success,,True,True,,,0.6770273225129064,16.997246540357178,0.015709677419354837
MuJoCo,10000,random_rough,interrupted,7205,success,,True,True,,,0.6949335648115069,17.019299945533433,0.014580645161290323
MuJoCo,10000,random_rough,interrupted,7206,success,,True,True,,,0.6971423650525674,17.24718839132763,0.013838709677419354
MuJoCo,10000,random_rough,interrupted,7207,success,,True,True,,,0.6985615471783255,18.101615255790296,0.012258064516129033
MuJoCo,10000,random_rough,interrupted,7208,success,,True,True,,,0.6870435367889891,17.140157709729866,0.015580645161290322
MuJoCo,10000,random_rough,interrupted,7209,success,,True,True,,,0.6678180748873459,17.890064092744044,0.01329032258064516
MuJoCo,10000,random_rough,interrupted,7210,success,,True,True,,,0.6692113822931436,17.04480458209295,0.014064516129032258
MuJoCo,10000,random_rough,interrupted,7211,success,,True,True,,,0.6874027524121806,17.379599310616012,0.013096774193548388
MuJoCo,10000,random_rough,interrupted,7212,success,,True,True,,,0.6583418820770546,16.99593779667365,0.015935483870967743
MuJoCo,10000,random_rough,interrupted,7213,success,,True,True,,,0.6935449671486078,17.08240416297149,0.015193548387096774
MuJoCo,10000,random_rough,interrupted,7214,success,,True,True,,,0.6867397750520368,17.40925651227368,0.014096774193548387
MuJoCo,10000,random_rough,interrupted,7215,success,,True,True,,,0.6851086517790632,17.225403900759925,0.015193548387096774
MuJoCo,10000,random_rough,interrupted,7216,success,,True,True,,,0.6955847159631791,17.01403367318549,0.014903225806451613
MuJoCo,10000,random_rough,push_moving,7201,success,,True,True,,,0.6889720472446029,14.523564071321585,0.016844444444444443
MuJoCo,10000,random_rough,push_moving,7202,success,,True,True,,,0.6890988972104715,14.417259292935103,0.0164
MuJoCo,10000,random_rough,push_moving,7203,success,,True,True,,,0.6886766933153802,14.30970802799816,0.014844444444444445
MuJoCo,10000,random_rough,push_moving,7204,success,,True,True,,,0.6884184526142825,13.96564637543716,0.015511111111111111
MuJoCo,10000,random_rough,push_moving,7205,success,,True,True,,,0.6880838191399801,15.115654975870735,0.014977777777777777
MuJoCo,10000,random_rough,push_moving,7206,success,,True,True,,,0.6868873284276009,15.626134983499115,0.015244444444444444
MuJoCo,10000,random_rough,push_moving,7207,success,,True,True,,,0.6860271657867187,14.078919168954409,0.016844444444444443
MuJoCo,10000,random_rough,push_moving,7208,success,,True,True,,,0.6885532010695863,14.063338606659874,0.015066666666666667
MuJoCo,10000,random_rough,push_moving,7209,success,,True,True,,,0.6886421917925675,14.28460093470395,0.016044444444444445
MuJoCo,10000,random_rough,push_moving,7210,success,,True,True,,,0.6861981182826872,14.136747880406372,0.01671111111111111
MuJoCo,10000,random_rough,push_moving,7211,success,,True,True,,,0.6867174572377773,14.03827589726696,0.016
MuJoCo,10000,random_rough,push_moving,7212,success,,True,True,,,0.6887629543877613,14.152434888459767,0.015555555555555555
MuJoCo,10000,random_rough,push_moving,7213,success,,True,True,,,0.6884766141550129,14.793081517032803,0.015555555555555555
MuJoCo,10000,random_rough,push_moving,7214,success,,True,True,,,0.686929953176632,15.58487606819243,0.015333333333333332
MuJoCo,10000,random_rough,push_moving,7215,success,,True,True,,,0.6888229463238116,14.495751953047764,0.016
MuJoCo,10000,random_rough,push_moving,7216,success,,True,True,,,0.6880329545078043,15.22203208429034,0.015111111111111112
MuJoCo,15000,random_rough,forward_0.30,7201,success,,True,True,,,0.6458398610730005,15.383513486073403,0.021822222222222222
MuJoCo,15000,random_rough,forward_0.30,7202,success,,True,True,,,0.6453909305560983,14.993623229417942,0.02142222222222222
MuJoCo,15000,random_rough,forward_0.30,7203,success,,True,True,,,0.6486450767751599,14.384292789407851,0.02311111111111111
MuJoCo,15000,random_rough,forward_0.30,7204,success,,True,True,,,0.6489570427397193,14.272119523878814,0.021955555555555555
MuJoCo,15000,random_rough,forward_0.30,7205,success,,True,True,,,0.648315786462196,14.831294799248084,0.023466666666666667
MuJoCo,15000,random_rough,forward_0.30,7206,success,,True,True,,,0.6487625711161514,14.013495799424902,0.022222222222222223
MuJoCo,15000,random_rough,forward_0.30,7207,success,,True,True,,,0.6291444529679193,16.616798127666545,0.022266666666666667
MuJoCo,15000,random_rough,forward_0.30,7208,success,,True,True,,,0.6463486485443962,14.115800034285781,0.021555555555555557
MuJoCo,15000,random_rough,forward_0.30,7209,success,,True,True,,,0.6425962343830217,15.188068412610507,0.021377777777777777
MuJoCo,15000,random_rough,forward_0.30,7210,success,,True,True,,,0.6472219351982162,15.052998512199578,0.02191111111111111
MuJoCo,15000,random_rough,forward_0.30,7211,success,,True,True,,,0.6438184096659567,15.292504872718837,0.022577777777777776
MuJoCo,15000,random_rough,forward_0.30,7212,success,,True,True,,,0.647763791588498,14.02111142409403,0.021111111111111112
MuJoCo,15000,random_rough,forward_0.30,7213,success,,True,True,,,0.6481538093780997,13.909373416658774,0.021866666666666666
MuJoCo,15000,random_rough,forward_0.30,7214,success,,True,True,,,0.6487411361421112,14.372596785589067,0.02266666666666667
MuJoCo,15000,random_rough,forward_0.30,7215,success,,True,True,,,0.6486303056221003,14.05826829093436,0.022044444444444443
MuJoCo,15000,random_rough,forward_0.30,7216,success,,True,True,,,0.6485196732142097,14.473419759858182,0.022444444444444444
MuJoCo,15000,random_rough,forward_0.70,7201,success,,True,True,,,0.6433995311812102,19.7367573892151,0.026533333333333332
MuJoCo,15000,random_rough,forward_0.70,7202,command_transition_failure,command_transition_failure,True,True,,,0.639730425982181,19.693127327613414,0.02591111111111111
MuJoCo,15000,random_rough,forward_0.70,7203,command_transition_failure,command_transition_failure,True,True,,,0.5823438625160504,19.555576804704145,0.035244444444444446
MuJoCo,15000,random_rough,forward_0.70,7204,command_transition_failure,command_transition_failure,True,True,,,0.6381012141408056,19.71653354670605,0.03017777777777778
MuJoCo,15000,random_rough,forward_0.70,7205,command_transition_failure,command_transition_failure,True,True,,,0.569335268291687,18.401563540248844,0.028755555555555555
MuJoCo,15000,random_rough,forward_0.70,7206,command_transition_failure,command_transition_failure,True,True,,,0.5236979247760265,18.578583337599675,0.028666666666666667
MuJoCo,15000,random_rough,forward_0.70,7207,success,,True,True,,,0.6825173064477925,19.590951656263,0.023466666666666667
MuJoCo,15000,random_rough,forward_0.70,7208,command_transition_failure,command_transition_failure,True,True,,,0.6410663714613478,19.68557630737886,0.028533333333333334
MuJoCo,15000,random_rough,forward_0.70,7209,success,,True,True,,,0.6571696090497359,19.667427879115802,0.024577777777777778
MuJoCo,15000,random_rough,forward_0.70,7210,success,,True,True,,,0.6727030350636183,19.660606086306274,0.024355555555555554
MuJoCo,15000,random_rough,forward_0.70,7211,success,,True,True,,,0.6503623776036468,19.681793171335432,0.024577777777777778
MuJoCo,15000,random_rough,forward_0.70,7212,command_transition_failure,command_transition_failure,True,True,,,0.6222796911231532,19.707571379393567,0.033466666666666665
MuJoCo,15000,random_rough,forward_0.70,7213,command_transition_failure,command_transition_failure,True,True,,,0.5793569473316038,18.503635064557734,0.03217777777777778
MuJoCo,15000,random_rough,forward_0.70,7214,command_transition_failure,command_transition_failure,True,True,,,0.5568152349327606,18.30728155824142,0.028266666666666666
MuJoCo,15000,random_rough,forward_0.70,7215,command_transition_failure,command_transition_failure,True,True,,,0.6049813216519099,19.707879477666904,0.033555555555555554
MuJoCo,15000,random_rough,forward_0.70,7216,command_transition_failure,command_transition_failure,True,True,,,0.5729020261676532,18.97355279095352,0.030711111111111113
MuJoCo,15000,random_rough,interrupted,7201,standstill_failure,standstill_failure,True,True,,,0.6660712491493295,16.385668386581784,0.014741935483870967
MuJoCo,15000,random_rough,interrupted,7202,standstill_failure,standstill_failure,True,True,,,0.6663176481084322,16.39844702104917,0.014741935483870967
MuJoCo,15000,random_rough,interrupted,7203,standstill_failure,standstill_failure,True,True,,,0.6602034736521782,16.57092461647591,0.01432258064516129
MuJoCo,15000,random_rough,interrupted,7204,standstill_failure,standstill_failure,True,True,,,0.6537202590763969,16.178035098006006,0.013870967741935483
MuJoCo,15000,random_rough,interrupted,7205,standstill_failure,standstill_failure,True,True,,,0.665879255459582,16.674624794647237,0.014193548387096775
MuJoCo,15000,random_rough,interrupted,7206,standstill_failure,standstill_failure,True,True,,,0.6660063312596236,16.6344447836978,0.014516129032258065
MuJoCo,15000,random_rough,interrupted,7207,standstill_failure,standstill_failure,True,True,,,0.6580749460554388,16.400446964874554,0.012258064516129033
MuJoCo,15000,random_rough,interrupted,7208,standstill_failure,standstill_failure,True,True,,,0.6569056843007619,16.512175044977887,0.013645161290322581
MuJoCo,15000,random_rough,interrupted,7209,standstill_failure,standstill_failure,True,True,,,0.6663527592633376,16.483317793438633,0.014774193548387098
MuJoCo,15000,random_rough,interrupted,7210,standstill_failure,standstill_failure,True,True,,,0.6419052786209233,16.45811203271497,0.013225806451612903
MuJoCo,15000,random_rough,interrupted,7211,standstill_failure,standstill_failure,True,True,,,0.6215193930029443,16.344795252079518,0.013193548387096774
MuJoCo,15000,random_rough,interrupted,7212,standstill_failure,standstill_failure,True,True,,,0.6599648208628544,16.32233525230635,0.013935483870967743
MuJoCo,15000,random_rough,interrupted,7213,standstill_failure,standstill_failure,True,True,,,0.6660703406572221,16.397886218724757,0.01435483870967742
MuJoCo,15000,random_rough,interrupted,7214,standstill_failure,standstill_failure,True,True,,,0.6660546653904758,17.234117295020997,0.017193548387096774
MuJoCo,15000,random_rough,interrupted,7215,standstill_failure,standstill_failure,True,True,,,0.652588376773016,16.49231744986954,0.01535483870967742
MuJoCo,15000,random_rough,interrupted,7216,standstill_failure,standstill_failure,True,True,,,0.6660509886269915,16.307288220208978,0.013225806451612903
MuJoCo,15000,random_rough,push_moving,7201,success,,True,True,,,0.6458734384543526,15.383513486073403,0.02031111111111111
MuJoCo,15000,random_rough,push_moving,7202,success,,True,True,,,0.6451517865568943,14.993623229417942,0.02031111111111111
MuJoCo,15000,random_rough,push_moving,7203,success,,True,True,,,0.648100919296448,14.384292789407851,0.02337777777777778
MuJoCo,15000,random_rough,push_moving,7204,success,,True,True,,,0.6481591171787269,14.272119523878814,0.021333333333333333
MuJoCo,15000,random_rough,push_moving,7205,success,,True,True,,,0.6481473597744792,14.831294799248084,0.022133333333333335
MuJoCo,15000,random_rough,push_moving,7206,success,,True,True,,,0.6486342051830357,14.013495799424902,0.022222222222222223
MuJoCo,15000,random_rough,push_moving,7207,success,,True,True,,,0.6231955851606765,16.616798127666545,0.02
MuJoCo,15000,random_rough,push_moving,7208,success,,True,True,,,0.6468853398975379,14.115800034285781,0.020444444444444446
MuJoCo,15000,random_rough,push_moving,7209,success,,True,True,,,0.6442214625901482,15.188068412610507,0.019644444444444444
MuJoCo,15000,random_rough,push_moving,7210,success,,True,True,,,0.6469693994175499,15.052998512199578,0.020622222222222222
MuJoCo,15000,random_rough,push_moving,7211,success,,True,True,,,0.6450887164599134,15.292504872718837,0.020888888888888887
MuJoCo,15000,random_rough,push_moving,7212,success,,True,True,,,0.6476473290859355,14.02111142409403,0.021244444444444444
MuJoCo,15000,random_rough,push_moving,7213,success,,True,True,,,0.6480759235022638,13.909373416658774,0.021777777777777778
MuJoCo,15000,random_rough,push_moving,7214,success,,True,True,,,0.6486468487234371,14.372596785589067,0.0224
MuJoCo,15000,random_rough,push_moving,7215,success,,True,True,,,0.6488410037106649,14.05826829093436,0.020622222222222222
MuJoCo,15000,random_rough,push_moving,7216,success,,True,True,,,0.6484386760116129,14.473419759858182,0.022977777777777778
MuJoCo,19999,random_rough,forward_0.30,7201,success,,True,True,,,0.700174117394897,15.918892446301736,0.028444444444444446
MuJoCo,19999,random_rough,forward_0.30,7202,success,,True,True,,,0.6972547957653936,14.264287433251743,0.025111111111111112
MuJoCo,19999,random_rough,forward_0.30,7203,success,,True,True,,,0.7126667780572824,15.892878137607116,0.0284
MuJoCo,19999,random_rough,forward_0.30,7204,success,,True,True,,,0.7015560779288562,16.10355471493463,0.031466666666666664
MuJoCo,19999,random_rough,forward_0.30,7205,success,,True,True,,,0.7122573981379998,15.730597666106563,0.02857777777777778
MuJoCo,19999,random_rough,forward_0.30,7206,success,,True,True,,,0.712131403981693,15.59303366744918,0.028844444444444443
MuJoCo,19999,random_rough,forward_0.30,7207,success,,True,True,,,0.6901163142502533,13.720955826100854,0.022222222222222223
MuJoCo,19999,random_rough,forward_0.30,7208,success,,True,True,,,0.7127297631004101,16.00934804594421,0.028888888888888888
MuJoCo,19999,random_rough,forward_0.30,7209,success,,True,True,,,0.703907817043349,13.552559332614004,0.024444444444444446
MuJoCo,19999,random_rough,forward_0.30,7210,success,,True,True,,,0.6978129627517136,15.597356731889997,0.0248
MuJoCo,19999,random_rough,forward_0.30,7211,success,,True,True,,,0.6974271454140665,13.487487116001915,0.0232
MuJoCo,19999,random_rough,forward_0.30,7212,success,,True,True,,,0.7086372707260504,15.983133415104948,0.028
MuJoCo,19999,random_rough,forward_0.30,7213,success,,True,True,,,0.7123897632304836,15.864505097299391,0.02822222222222222
MuJoCo,19999,random_rough,forward_0.30,7214,success,,True,True,,,0.7124770970976523,15.336160955784194,0.025777777777777778
MuJoCo,19999,random_rough,forward_0.30,7215,success,,True,True,,,0.7124707667680532,16.07618759549534,0.028844444444444443
MuJoCo,19999,random_rough,forward_0.30,7216,success,,True,True,,,0.7126400287735493,15.906062242111634,0.029333333333333333
MuJoCo,19999,random_rough,forward_0.70,7201,success,,True,True,,,0.683422212744408,18.125068981727527,0.019733333333333332
MuJoCo,19999,random_rough,forward_0.70,7202,success,,True,True,,,0.6834118011862164,18.07166583609026,0.019244444444444446
MuJoCo,19999,random_rough,forward_0.70,7203,success,,True,True,,,0.6838159242712261,17.661252044204577,0.017644444444444445
MuJoCo,19999,random_rough,forward_0.70,7204,success,,True,True,,,0.6835323883031277,17.979769947791016,0.019866666666666668
MuJoCo,19999,random_rough,forward_0.70,7205,success,,True,True,,,0.6836268226794766,17.613995816446746,0.019777777777777776
MuJoCo,19999,random_rough,forward_0.70,7206,success,,True,True,,,0.6838934616226306,17.56495516875813,0.018711111111111112
MuJoCo,19999,random_rough,forward_0.70,7207,success,,True,True,,,0.6477149311659084,18.43382684665428,0.02031111111111111
MuJoCo,19999,random_rough,forward_0.70,7208,success,,True,True,,,0.6830971514959661,17.852020447914757,0.017333333333333333
MuJoCo,19999,random_rough,forward_0.70,7209,success,,True,True,,,0.6832334220991682,18.424315338387103,0.020355555555555557
MuJoCo,19999,random_rough,forward_0.70,7210,success,,True,True,,,0.6833878739996705,18.14834852949757,0.01911111111111111
MuJoCo,19999,random_rough,forward_0.70,7211,success,,True,True,,,0.6835760368243476,18.468935173184455,0.02097777777777778
MuJoCo,19999,random_rough,forward_0.70,7212,success,,True,True,,,0.682985655676531,17.727927675250108,0.017244444444444444
MuJoCo,19999,random_rough,forward_0.70,7213,success,,True,True,,,0.6835643525441416,17.660778125832692,0.0164
MuJoCo,19999,random_rough,forward_0.70,7214,success,,True,True,,,0.6835584257487285,17.53038050623431,0.016044444444444445
MuJoCo,19999,random_rough,forward_0.70,7215,success,,True,True,,,0.6832517198456434,17.8843900788583,0.017955555555555554
MuJoCo,19999,random_rough,forward_0.70,7216,success,,True,True,,,0.6837389660332113,17.814804207513102,0.01791111111111111
MuJoCo,19999,random_rough,interrupted,7201,standstill_failure,standstill_failure,True,True,,,0.6885481341842193,17.358196866043237,0.014516129032258065
MuJoCo,19999,random_rough,interrupted,7202,standstill_failure,standstill_failure,True,True,,,0.6962778935000615,16.958148101081584,0.015
MuJoCo,19999,random_rough,interrupted,7203,standstill_failure,standstill_failure,True,True,,,0.7173386705854615,16.790470006618644,0.014451612903225806
MuJoCo,19999,random_rough,interrupted,7204,standstill_failure,standstill_failure,True,True,,,0.7006465222819359,16.91101818437262,0.013516129032258064
MuJoCo,19999,random_rough,interrupted,7205,standstill_failure,standstill_failure,True,True,,,0.7173218568901409,16.673236502236747,0.012419354838709677
MuJoCo,19999,random_rough,interrupted,7206,standstill_failure,standstill_failure,True,True,,,0.7171774365783461,16.772155723282133,0.011967741935483871
MuJoCo,19999,random_rough,interrupted,7207,standstill_failure,standstill_failure,True,True,,,0.6556085364545194,17.408120637876305,0.016741935483870967
MuJoCo,19999,random_rough,interrupted,7208,standstill_failure,standstill_failure,True,True,,,0.7174855213374223,16.876699674887732,0.014612903225806452
MuJoCo,19999,random_rough,interrupted,7209,standstill_failure,standstill_failure,True,True,,,0.6709451642121935,17.525477436752674,0.016806451612903225
MuJoCo,19999,random_rough,interrupted,7210,standstill_failure,standstill_failure,True,True,,,0.6860395229450019,17.022572321738803,0.013806451612903226
MuJoCo,19999,random_rough,interrupted,7211,standstill_failure,standstill_failure,True,True,,,0.6650199543455894,17.907541762044335,0.01496774193548387
MuJoCo,19999,random_rough,interrupted,7212,standstill_failure,standstill_failure,True,True,,,0.7117262757272138,16.679235472486468,0.012419354838709677
MuJoCo,19999,random_rough,interrupted,7213,standstill_failure,standstill_failure,True,True,,,0.7171479534000477,16.761145724096345,0.012741935483870967
MuJoCo,19999,random_rough,interrupted,7214,standstill_failure,standstill_failure,True,True,,,0.7173493417248409,16.71473950967926,0.013483870967741935
MuJoCo,19999,random_rough,interrupted,7215,standstill_failure,standstill_failure,True,True,,,0.7175337072702056,16.914943400103496,0.01432258064516129
MuJoCo,19999,random_rough,interrupted,7216,standstill_failure,standstill_failure,True,True,,,0.7174819152079925,16.71444499136811,0.012580645161290323
MuJoCo,19999,random_rough,push_moving,7201,success,,True,True,,,0.700174117394897,15.918892446301736,0.028444444444444446
MuJoCo,19999,random_rough,push_moving,7202,success,,True,True,,,0.6972547957653936,14.264287433251743,0.024577777777777778
MuJoCo,19999,random_rough,push_moving,7203,success,,True,True,,,0.7127537104177848,15.892878137607116,0.028444444444444446
MuJoCo,19999,random_rough,push_moving,7204,success,,True,True,,,0.7015560779288562,16.10355471493463,0.031466666666666664
MuJoCo,19999,random_rough,push_moving,7205,success,,True,True,,,0.7122573981379998,15.730597666106563,0.027822222222222224
MuJoCo,19999,random_rough,push_moving,7206,success,,True,True,,,0.7124012333545433,15.59303366744918,0.028
MuJoCo,19999,random_rough,push_moving,7207,success,,True,True,,,0.6977445294370942,13.720955826100854,0.021777777777777778
MuJoCo,19999,random_rough,push_moving,7208,success,,True,True,,,0.712862922761714,16.00934804594421,0.029333333333333333
MuJoCo,19999,random_rough,push_moving,7209,success,,True,True,,,0.7063983387519858,13.552559332614004,0.02448888888888889
MuJoCo,19999,random_rough,push_moving,7210,success,,True,True,,,0.6978129627517136,15.597356731889997,0.024444444444444446
MuJoCo,19999,random_rough,push_moving,7211,success,,True,True,,,0.7003570388774207,13.487487116001915,0.02337777777777778
MuJoCo,19999,random_rough,push_moving,7212,success,,True,True,,,0.7086372707260504,15.983133415104948,0.028
MuJoCo,19999,random_rough,push_moving,7213,success,,True,True,,,0.7125169442456825,15.864505097299391,0.0284
MuJoCo,19999,random_rough,push_moving,7214,success,,True,True,,,0.7125466835306784,15.336160955784194,0.026
MuJoCo,19999,random_rough,push_moving,7215,success,,True,True,,,0.7125076778262448,16.07618759549534,0.028444444444444446
MuJoCo,19999,random_rough,push_moving,7216,success,,True,True,,,0.7126574920337452,15.906062242111634,0.02871111111111111
MuJoCo,10000,obstacles,forward_0.30,7201,success,,True,True,,,0.7024638826354165,16.614363388484694,0.088
MuJoCo,10000,obstacles,forward_0.30,7202,success,,True,True,,,0.6707642764911845,16.890178782567197,0.108
MuJoCo,10000,obstacles,forward_0.30,7203,success,,True,True,,,0.7019895412845395,16.20505061066599,0.08088888888888889
MuJoCo,10000,obstacles,forward_0.30,7204,success,,True,True,,,0.702168853333321,16.319711371031286,0.08266666666666667
MuJoCo,10000,obstacles,forward_0.30,7205,success,,True,True,,,0.7019648823416084,16.166868074179003,0.07942222222222223
MuJoCo,10000,obstacles,forward_0.30,7206,success,,True,True,,,0.7026061793354251,16.046302914605924,0.07875555555555555
MuJoCo,10000,obstacles,forward_0.30,7207,success,,True,True,,,0.7027910573657292,16.636307014717435,0.09022222222222222
MuJoCo,10000,obstacles,forward_0.30,7208,success,,True,True,,,0.7024246241742678,16.180971401366058,0.084
MuJoCo,10000,obstacles,forward_0.30,7209,success,,True,True,,,0.693563415999952,16.81210927494194,0.10577777777777778
MuJoCo,10000,obstacles,forward_0.30,7210,success,,True,True,,,0.6826484015579686,17.17276060802431,0.10177777777777777
MuJoCo,10000,obstacles,forward_0.30,7211,success,,True,True,,,0.6783956318045117,16.861261675310782,0.11391111111111112
MuJoCo,10000,obstacles,forward_0.30,7212,success,,True,True,,,0.7015852776545637,16.65815521470547,0.084
MuJoCo,10000,obstacles,forward_0.30,7213,success,,True,True,,,0.7005510031464306,16.58435184311846,0.07786666666666667
MuJoCo,10000,obstacles,forward_0.30,7214,success,,True,True,,,0.7018502370778053,16.156743642282404,0.07537777777777778
MuJoCo,10000,obstacles,forward_0.30,7215,success,,True,True,,,0.701201415451135,16.59688927130221,0.08355555555555555
MuJoCo,10000,obstacles,forward_0.30,7216,success,,True,True,,,0.7016719318721564,16.092915711426365,0.0768888888888889
MuJoCo,10000,obstacles,forward_0.70,7201,success,,True,True,,,0.7066848998222958,17.752990806627096,0.04964444444444444
MuJoCo,10000,obstacles,forward_0.70,7202,success,,True,True,,,0.7065984804755009,18.098829232051923,0.049777777777777775
MuJoCo,10000,obstacles,forward_0.70,7203,success,,True,True,,,0.6720587238050291,18.350194515379297,0.051644444444444444
MuJoCo,10000,obstacles,forward_0.70,7204,success,,True,True,,,0.6903821495496696,17.662969812295877,0.053066666666666665
MuJoCo,10000,obstacles,forward_0.70,7205,success,,True,True,,,0.6655192416079673,18.68095778109643,0.0544
MuJoCo,10000,obstacles,forward_0.70,7206,success,,True,True,,,0.6838612313328396,18.564119368741224,0.0532
MuJoCo,10000,obstacles,forward_0.70,7207,success,,True,True,,,0.6714825458845921,19.466149717419743,0.05466666666666667
MuJoCo,10000,obstacles,forward_0.70,7208,success,,True,True,,,0.6895053970265723,17.50348818994996,0.05457777777777778
MuJoCo,10000,obstacles,forward_0.70,7209,success,,True,True,,,0.7061469352620544,18.755440266705317,0.05137777777777778
MuJoCo,10000,obstacles,forward_0.70,7210,success,,True,True,,,0.7065136346911156,18.714548095375225,0.051866666666666665
MuJoCo,10000,obstacles,forward_0.70,7211,success,,True,True,,,0.706719122732451,19.059385372113027,0.05173333333333333
MuJoCo,10000,obstacles,forward_0.70,7212,success,,True,True,,,0.6940310889249822,18.269504111774364,0.054266666666666664
MuJoCo,10000,obstacles,forward_0.70,7213,command_transition_failure,command_transition_failure,True,True,,,0.6034067419378342,18.337307076579453,0.053422222222222225
MuJoCo,10000,obstacles,forward_0.70,7214,success,,True,True,,,0.6888766632767183,18.356145789230908,0.05302222222222222
MuJoCo,10000,obstacles,forward_0.70,7215,success,,True,True,,,0.6792770752286595,17.995227830267762,0.05466666666666667
MuJoCo,10000,obstacles,forward_0.70,7216,command_transition_failure,command_transition_failure,True,True,,,0.6022116709410892,18.09338802995167,0.056666666666666664
MuJoCo,10000,obstacles,interrupted,7201,success,,True,True,,,0.6991488985198939,18.35698662972228,0.033161290322580646
MuJoCo,10000,obstacles,interrupted,7202,success,,True,True,,,0.6989604009794128,18.784015973085854,0.030225806451612904
MuJoCo,10000,obstacles,interrupted,7203,success,,True,True,,,0.6898815898741506,18.467346699174804,0.030838709677419356
MuJoCo,10000,obstacles,interrupted,7204,success,,True,True,,,0.6995325344703349,19.015050037930457,0.03061290322580645
MuJoCo,10000,obstacles,interrupted,7205,success,,True,True,,,0.699467985545176,18.505959342385026,0.04206451612903226
MuJoCo,10000,obstacles,interrupted,7206,success,,True,True,,,0.6991753234017132,18.254799161849206,0.03670967741935484
MuJoCo,10000,obstacles,interrupted,7207,success,,True,True,,,0.6990865133053568,18.217064524268444,0.03309677419354839
MuJoCo,10000,obstacles,interrupted,7208,success,,True,True,,,0.6995488715566606,18.2976983033322,0.03038709677419355
MuJoCo,10000,obstacles,interrupted,7209,success,,True,True,,,0.6991069793934845,18.229609693106188,0.03351612903225806
MuJoCo,10000,obstacles,interrupted,7210,success,,True,True,,,0.6991884765659322,18.676165511935096,0.029838709677419355
MuJoCo,10000,obstacles,interrupted,7211,success,,True,True,,,0.6994765703512368,18.454349382860606,0.03174193548387097
MuJoCo,10000,obstacles,interrupted,7212,success,,True,True,,,0.6988813856721235,18.810701343159604,0.031193548387096773
MuJoCo,10000,obstacles,interrupted,7213,success,,True,True,,,0.6990229248292831,18.264122376046473,0.032677419354838706
MuJoCo,10000,obstacles,interrupted,7214,success,,True,True,,,0.6991435472748667,18.135351898534314,0.03719354838709677
MuJoCo,10000,obstacles,interrupted,7215,success,,True,True,,,0.6911286804144358,18.4004753865701,0.03135483870967742
MuJoCo,10000,obstacles,interrupted,7216,success,,True,True,,,0.6991514827614642,18.07003818909264,0.034193548387096775
MuJoCo,15000,obstacles,forward_0.30,7201,success,,True,True,,,0.6610686525987235,16.961007721588498,0.06733333333333333
MuJoCo,15000,obstacles,forward_0.30,7202,success,,True,True,,,0.6611696061474658,17.22845459357369,0.06933333333333333
MuJoCo,15000,obstacles,forward_0.30,7203,success,,True,True,,,0.660100197755519,17.133486429197905,0.07337777777777778
MuJoCo,15000,obstacles,forward_0.30,7204,success,,True,True,,,0.6615101379227339,16.979616103661208,0.07235555555555556
MuJoCo,15000,obstacles,forward_0.30,7205,success,,True,True,,,0.6630697494975697,16.930384546097052,0.07377777777777778
MuJoCo,15000,obstacles,forward_0.30,7206,success,,True,True,,,0.661005215097203,16.771999755819394,0.07422222222222222
MuJoCo,15000,obstacles,forward_0.30,7207,success,,True,True,,,0.6630239681743257,16.9556433128926,0.06577777777777778
MuJoCo,15000,obstacles,forward_0.30,7208,success,,True,True,,,0.6626391985813006,17.077466287012484,0.0716
MuJoCo,15000,obstacles,forward_0.30,7209,success,,True,True,,,0.6601552437620655,17.02055382548836,0.06955555555555555
MuJoCo,15000,obstacles,forward_0.30,7210,success,,True,True,,,0.6629440617301104,16.811436355447587,0.06755555555555555
MuJoCo,15000,obstacles,forward_0.30,7211,success,,True,True,,,0.6470911101612526,17.051663668241243,0.06755555555555555
MuJoCo,15000,obstacles,forward_0.30,7212,success,,True,True,,,0.6607468852167967,17.166276307917826,0.07244444444444445
MuJoCo,15000,obstacles,forward_0.30,7213,success,,True,True,,,0.6647281087503677,16.974280508385057,0.07564444444444444
MuJoCo,15000,obstacles,forward_0.30,7214,success,,True,True,,,0.6610195704082039,17.237302294406657,0.07511111111111111
MuJoCo,15000,obstacles,forward_0.30,7215,success,,True,True,,,0.6633343493001533,17.024579316186276,0.07333333333333333
MuJoCo,15000,obstacles,forward_0.30,7216,success,,True,True,,,0.6629769488065613,16.929951966710252,0.07422222222222222
MuJoCo,15000,obstacles,forward_0.70,7201,command_transition_failure,command_transition_failure,True,True,,,0.6078488164676437,19.56827090467431,0.06275555555555555
MuJoCo,15000,obstacles,forward_0.70,7202,command_transition_failure,command_transition_failure,True,True,,,0.5866302394174507,19.53864262911238,0.06448888888888889
MuJoCo,15000,obstacles,forward_0.70,7203,command_transition_failure,command_transition_failure,True,True,,,0.5660205259183639,19.742032946842254,0.06591111111111111
MuJoCo,15000,obstacles,forward_0.70,7204,command_transition_failure,command_transition_failure,True,True,,,0.5659568515503007,19.679318429240904,0.06733333333333333
MuJoCo,15000,obstacles,forward_0.70,7205,command_transition_failure,command_transition_failure,True,True,,,0.5454253572058584,21.21218068240035,0.0724
MuJoCo,15000,obstacles,forward_0.70,7206,command_transition_failure,command_transition_failure,True,True,,,0.5257783121581168,22.473617740973165,0.07311111111111111
MuJoCo,15000,obstacles,forward_0.70,7207,command_transition_failure,command_transition_failure,True,True,,,0.6032611980100131,19.57081034689252,0.05973333333333333
MuJoCo,15000,obstacles,forward_0.70,7208,command_transition_failure,command_transition_failure,True,True,,,0.5774151696351331,19.53282234764562,0.06635555555555556
MuJoCo,15000,obstacles,forward_0.70,7209,command_transition_failure,command_transition_failure,True,True,,,0.5866241376543369,19.537665731447134,0.06462222222222222
MuJoCo,15000,obstacles,forward_0.70,7210,success,,True,True,,,0.626514178808265,19.571689771211894,0.06262222222222222
MuJoCo,15000,obstacles,forward_0.70,7211,command_transition_failure,command_transition_failure,True,True,,,0.6247115282544777,19.565798997940185,0.06168888888888889
MuJoCo,15000,obstacles,forward_0.70,7212,command_transition_failure,command_transition_failure,True,True,,,0.5810089031585575,19.62648800166382,0.06564444444444445
MuJoCo,15000,obstacles,forward_0.70,7213,command_transition_failure,command_transition_failure,True,True,,,0.5358021141584672,19.729817052213622,0.07648888888888888
MuJoCo,15000,obstacles,forward_0.70,7214,command_transition_failure,command_transition_failure,True,True,,,0.5174368707250196,21.668383868049055,0.07368888888888889
MuJoCo,15000,obstacles,forward_0.70,7215,command_transition_failure,command_transition_failure,True,True,,,0.5546523103563664,19.664805616332238,0.06964444444444444
MuJoCo,15000,obstacles,forward_0.70,7216,command_transition_failure,command_transition_failure,True,True,,,0.5615642434577514,19.40790780404443,0.07746666666666667
MuJoCo,15000,obstacles,interrupted,7201,standstill_failure,standstill_failure,True,True,,,0.6663027759168076,17.467677254594506,0.030225806451612904
MuJoCo,15000,obstacles,interrupted,7202,standstill_failure,standstill_failure,True,True,,,0.6663459091053354,17.397189369321524,0.03067741935483871
MuJoCo,15000,obstacles,interrupted,7203,standstill_failure,standstill_failure,True,True,,,0.6662441320516213,17.34899035701721,0.03425806451612903
MuJoCo,15000,obstacles,interrupted,7204,standstill_failure,standstill_failure,True,True,,,0.6664626841995057,17.30523267326453,0.03193548387096774
MuJoCo,15000,obstacles,interrupted,7205,standstill_failure,standstill_failure,True,True,,,0.6663666540240274,18.86376052354361,0.034516129032258064
MuJoCo,15000,obstacles,interrupted,7206,standstill_failure,standstill_failure,True,True,,,0.6662978941780262,19.594553910521025,0.035225806451612905
MuJoCo,15000,obstacles,interrupted,7207,standstill_failure,standstill_failure,True,True,,,0.6665727923923606,17.089555276107156,0.029516129032258063
MuJoCo,15000,obstacles,interrupted,7208,standstill_failure,standstill_failure,True,True,,,0.6664378371012023,17.611493706968936,0.03225806451612903
MuJoCo,15000,obstacles,interrupted,7209,standstill_failure,standstill_failure,True,True,,,0.6662259339408633,17.254269795812196,0.03209677419354839
MuJoCo,15000,obstacles,interrupted,7210,standstill_failure,standstill_failure,True,True,,,0.6666053459285345,17.19761672278315,0.029806451612903226
MuJoCo,15000,obstacles,interrupted,7211,standstill_failure,standstill_failure,True,True,,,0.6662138097610975,17.60738678183963,0.03061290322580645
MuJoCo,15000,obstacles,interrupted,7212,standstill_failure,standstill_failure,True,True,,,0.6662940130341695,17.568255599111062,0.03225806451612903
MuJoCo,15000,obstacles,interrupted,7213,standstill_failure,standstill_failure,True,True,,,0.6663124432796462,18.79785648431055,0.03409677419354839
MuJoCo,15000,obstacles,interrupted,7214,standstill_failure,standstill_failure,True,True,,,0.6665959048650794,19.612510116784193,0.03470967741935484
MuJoCo,15000,obstacles,interrupted,7215,standstill_failure,standstill_failure,True,True,,,0.6664011811218409,17.256102948159896,0.03280645161290323
MuJoCo,15000,obstacles,interrupted,7216,standstill_failure,standstill_failure,True,True,,,0.6664540461768087,18.49819730988813,0.03387096774193549
MuJoCo,19999,obstacles,forward_0.30,7201,success,,True,True,,,0.6869373550434417,15.278006889972287,0.05782222222222222
MuJoCo,19999,obstacles,forward_0.30,7202,success,,True,True,,,0.6853095988009201,14.939943027843546,0.057244444444444445
MuJoCo,19999,obstacles,forward_0.30,7203,success,,True,True,,,0.6043253871808218,17.699772047758227,0.06826666666666667
MuJoCo,19999,obstacles,forward_0.30,7204,success,,True,True,,,0.6308261718768908,17.603208059940627,0.07306666666666667
MuJoCo,19999,obstacles,forward_0.30,7205,success,,True,True,,,0.6112481531250551,17.64370785193463,0.0704
MuJoCo,19999,obstacles,forward_0.30,7206,success,,True,True,,,0.5949276278357067,17.79800039262864,0.07155555555555555
MuJoCo,19999,obstacles,forward_0.30,7207,success,,True,True,,,0.6884675425254545,14.363100187429836,0.050755555555555554
MuJoCo,19999,obstacles,forward_0.30,7208,success,,True,True,,,0.6235225949411638,17.468794707605078,0.06804444444444445
MuJoCo,19999,obstacles,forward_0.30,7209,success,,True,True,,,0.6884212700113593,16.174151585221278,0.05262222222222222
MuJoCo,19999,obstacles,forward_0.30,7210,success,,True,True,,,0.6883824781490167,15.055339691790477,0.054533333333333336
MuJoCo,19999,obstacles,forward_0.30,7211,success,,True,True,,,0.6827555319643384,14.936699097098781,0.05448888888888889
MuJoCo,19999,obstacles,forward_0.30,7212,success,,True,True,,,0.5804360683208745,17.86442883112725,0.07213333333333333
MuJoCo,19999,obstacles,forward_0.30,7213,success,,True,True,,,0.6720907318301308,16.408268082788638,0.053644444444444446
MuJoCo,19999,obstacles,forward_0.30,7214,success,,True,True,,,0.6159983259164106,17.70902204576435,0.06946666666666666
MuJoCo,19999,obstacles,forward_0.30,7215,success,,True,True,,,0.6011750288449358,17.772422498836832,0.07048888888888889
MuJoCo,19999,obstacles,forward_0.30,7216,success,,True,True,,,0.6328227354440292,17.565236490746706,0.06884444444444444
MuJoCo,19999,obstacles,forward_0.70,7201,command_transition_failure,command_transition_failure,True,True,,,0.6315363615325806,19.363562916499486,0.06208888888888889
MuJoCo,19999,obstacles,forward_0.70,7202,command_transition_failure,command_transition_failure,True,True,,,0.6243779776707823,19.39139241171014,0.05742222222222222
MuJoCo,19999,obstacles,forward_0.70,7203,success,,True,True,,,0.6840361245972147,18.739666293841992,0.04457777777777778
MuJoCo,19999,obstacles,forward_0.70,7204,success,,True,True,,,0.6844189929449849,19.030500465738594,0.047377777777777776
MuJoCo,19999,obstacles,forward_0.70,7205,success,,True,True,,,0.6840386681636628,18.89393156780841,0.04457777777777778
MuJoCo,19999,obstacles,forward_0.70,7206,success,,True,True,,,0.6839989205631967,18.85369781715189,0.045066666666666665
MuJoCo,19999,obstacles,forward_0.70,7207,command_transition_failure,command_transition_failure,True,True,,,0.54517916864807,19.499244054822025,0.06386666666666667
MuJoCo,19999,obstacles,forward_0.70,7208,success,,True,True,,,0.68428927610383,18.858414848252956,0.04577777777777778
MuJoCo,19999,obstacles,forward_0.70,7209,command_transition_failure,command_transition_failure,True,True,,,0.5062713310529348,19.16306479485906,0.05728888888888889
MuJoCo,19999,obstacles,forward_0.70,7210,command_transition_failure,command_transition_failure,True,True,,,0.6095513301185049,25.038992680733514,0.05751111111111111
MuJoCo,19999,obstacles,forward_0.70,7211,command_transition_failure,command_transition_failure,True,True,,,0.5906516713745684,19.32334688159492,0.06422222222222222
MuJoCo,19999,obstacles,forward_0.70,7212,success,,True,True,,,0.6842894058932545,19.022768189882303,0.047155555555555555
MuJoCo,19999,obstacles,forward_0.70,7213,success,,True,True,,,0.6841122234758872,18.922546073566288,0.04533333333333334
MuJoCo,19999,obstacles,forward_0.70,7214,success,,True,True,,,0.6838893658119806,18.879280000684385,0.044444444444444446
MuJoCo,19999,obstacles,forward_0.70,7215,success,,True,True,,,0.6844374042359485,19.01672925867571,0.04524444444444444
MuJoCo,19999,obstacles,forward_0.70,7216,success,,True,True,,,0.6838037855075242,18.688881630100493,0.04337777777777778
MuJoCo,19999,obstacles,interrupted,7201,success,,True,True,,,0.6899814705107296,17.695400729536463,0.032193548387096774
MuJoCo,19999,obstacles,interrupted,7202,success,,True,True,,,0.6750270892075957,17.985083479126878,0.0327741935483871
MuJoCo,19999,obstacles,interrupted,7203,success,,True,True,,,0.7178046262212053,17.68416086549305,0.03170967741935484
MuJoCo,19999,obstacles,interrupted,7204,success,,True,True,,,0.7175657906766548,17.60354878003034,0.03151612903225806
MuJoCo,19999,obstacles,interrupted,7205,success,,True,True,,,0.7179313034709336,17.73371528537354,0.031129032258064515
MuJoCo,19999,obstacles,interrupted,7206,success,,True,True,,,0.7180312811950671,17.751270496225917,0.031
MuJoCo,19999,obstacles,interrupted,7207,success,,True,True,,,0.6715514160012227,18.660297606415988,0.037516129032258067
MuJoCo,19999,obstacles,interrupted,7208,success,,True,True,,,0.7179593665483166,17.679394141518042,0.031451612903225803
MuJoCo,19999,obstacles,interrupted,7209,success,,True,True,,,0.6056353367021337,18.024199444602267,0.03583870967741935
MuJoCo,19999,obstacles,interrupted,7210,success,,True,True,,,0.6730293595075754,18.004890764381752,0.03306451612903226
MuJoCo,19999,obstacles,interrupted,7211,success,,True,True,,,0.6709421282588349,18.240471962733952,0.034193548387096775
MuJoCo,19999,obstacles,interrupted,7212,success,,True,True,,,0.7179188658810883,17.730220519126583,0.03196774193548387
MuJoCo,19999,obstacles,interrupted,7213,success,,True,True,,,0.717756095875976,17.680374605340358,0.03135483870967742
MuJoCo,19999,obstacles,interrupted,7214,success,,True,True,,,0.7180158996515242,17.708174719841455,0.031387096774193546
MuJoCo,19999,obstacles,interrupted,7215,success,,True,True,,,0.7177381414712591,17.710028982098905,0.0312258064516129
MuJoCo,19999,obstacles,interrupted,7216,success,,True,True,,,0.7177841362148237,17.683681979079406,0.031419354838709675
MuJoCo,10000,inverse,forward_0.30,7201,success,,True,True,,,0.6067215425196817,17.354923236414507,0.13253333333333334
MuJoCo,10000,inverse,forward_0.30,7202,tracking_failure,command_transition_failure|terrain_stall|tracking_failure,True,False,,,0.6829810379581931,16.239284938186287,0.35715555555555556
MuJoCo,10000,inverse,forward_0.30,7203,tracking_failure,command_transition_failure|terrain_stall|tracking_failure,True,False,,,0.6817798715620401,16.26785529508585,0.35435555555555553
MuJoCo,10000,inverse,forward_0.30,7204,tracking_failure,command_transition_failure|terrain_stall|tracking_failure,True,False,,,0.6709247366298182,16.200833647541792,0.35684444444444446
MuJoCo,10000,inverse,forward_0.30,7205,tracking_failure,command_transition_failure|terrain_stall|tracking_failure,True,False,,,0.684599711254257,16.142587004032475,0.35302222222222224
MuJoCo,10000,inverse,forward_0.30,7206,tracking_failure,command_transition_failure|terrain_stall|tracking_failure,True,False,,,0.6841020596165579,16.05870709841131,0.3562666666666667
MuJoCo,10000,inverse,forward_0.30,7207,success,,True,True,,,0.5922256243998916,17.24407077360611,0.09168888888888889
MuJoCo,10000,inverse,forward_0.30,7208,tracking_failure,command_transition_failure|terrain_stall|tracking_failure,True,False,,,0.6741763001051262,16.216330068995035,0.3576888888888889
MuJoCo,10000,inverse,forward_0.30,7209,success,,True,True,,,0.5931295664829459,17.109227745269067,0.104
MuJoCo,10000,inverse,forward_0.30,7210,tracking_failure,command_transition_failure|terrain_stall|tracking_failure,True,False,,,0.682039766200341,16.20014398591247,0.35804444444444444
MuJoCo,10000,inverse,forward_0.30,7211,success,,True,True,,,0.552815692699089,17.296717133696138,0.1176
MuJoCo,10000,inverse,forward_0.30,7212,tracking_failure,command_transition_failure|terrain_stall|tracking_failure,True,False,,,0.6770924337934816,16.126196578073674,0.3602666666666667
MuJoCo,10000,inverse,forward_0.30,7213,tracking_failure,command_transition_failure|terrain_stall|tracking_failure,True,False,,,0.6744460383756687,16.156705870242202,0.35702222222222224
MuJoCo,10000,inverse,forward_0.30,7214,tracking_failure,command_transition_failure|terrain_stall|tracking_failure,True,False,,,0.6830288500355262,16.067296114827275,0.35675555555555555
MuJoCo,10000,inverse,forward_0.30,7215,success,,True,True,,,0.5880883906742023,17.22672518230379,0.09337777777777778
MuJoCo,10000,inverse,forward_0.30,7216,tracking_failure,command_transition_failure|terrain_stall|tracking_failure,True,False,,,0.6846085155392697,16.295299163301287,0.35515555555555556
MuJoCo,10000,inverse,forward_0.70,7201,command_transition_failure,command_transition_failure,True,True,,,0.36637666083430537,19.0550319194836,0.059866666666666665
MuJoCo,10000,inverse,forward_0.70,7202,command_transition_failure,command_transition_failure,True,True,,,0.44512337113180395,19.18256518481021,0.06244444444444444
MuJoCo,10000,inverse,forward_0.70,7203,command_transition_failure,command_transition_failure,True,True,,,0.3795193930707028,18.666081404521947,0.07088888888888889
MuJoCo,10000,inverse,forward_0.70,7204,command_transition_failure,command_transition_failure,True,True,,,0.41298745060394904,19.190052894293114,0.06622222222222222
MuJoCo,10000,inverse,forward_0.70,7205,command_transition_failure,command_transition_failure,True,True,,,0.38392483842661956,19.30400281775134,0.05848888888888889
MuJoCo,10000,inverse,forward_0.70,7206,command_transition_failure,command_transition_failure,True,True,,,0.4539200142468673,18.552982410106015,0.06351111111111112
MuJoCo,10000,inverse,forward_0.70,7207,command_transition_failure,command_transition_failure,True,True,,,0.3251964704921555,19.08462977903721,0.06706666666666666
MuJoCo,10000,inverse,forward_0.70,7208,command_transition_failure,command_transition_failure,True,True,,,0.3861138242859748,19.215253157092587,0.0627111111111111
MuJoCo,10000,inverse,forward_0.70,7209,command_transition_failure,command_transition_failure,True,True,,,0.40669220895419267,18.86186099672838,0.06213333333333333
MuJoCo,10000,inverse,forward_0.70,7210,command_transition_failure,command_transition_failure,True,True,,,0.4365741568043197,18.5902878796114,0.060222222222222226
MuJoCo,10000,inverse,forward_0.70,7211,command_transition_failure,command_transition_failure,True,True,,,0.4042626841473171,19.514558661993664,0.06595555555555556
MuJoCo,10000,inverse,forward_0.70,7212,command_transition_failure,command_transition_failure,True,True,,,0.3846025596126739,19.01465921194847,0.06097777777777778
MuJoCo,10000,inverse,forward_0.70,7213,command_transition_failure,command_transition_failure,True,True,,,0.2465640284468243,19.493010385732337,0.06177777777777778
MuJoCo,10000,inverse,forward_0.70,7214,command_transition_failure,command_transition_failure,True,True,,,0.366691906686738,19.13940661311393,0.06591111111111111
MuJoCo,10000,inverse,forward_0.70,7215,command_transition_failure,command_transition_failure,True,True,,,0.3676388283323311,18.715915007179934,0.06275555555555555
MuJoCo,10000,inverse,forward_0.70,7216,command_transition_failure,command_transition_failure,True,True,,,0.37100895884562995,19.69797549986994,0.06284444444444444
MuJoCo,10000,inverse,interrupted,7201,command_transition_failure,command_transition_failure|standstill_failure,True,True,,,0.5143369591119666,18.550622890458854,0.06296774193548386
MuJoCo,10000,inverse,interrupted,7202,command_transition_failure,command_transition_failure|standstill_failure,True,True,,,0.5103668972410378,19.49624446557245,0.06180645161290323
MuJoCo,10000,inverse,interrupted,7203,command_transition_failure,command_transition_failure|standstill_failure,True,True,,,0.5378568303360369,18.210943250076543,0.06335483870967742
MuJoCo,10000,inverse,interrupted,7204,command_transition_failure,command_transition_failure|standstill_failure,True,True,,,0.5622626230960273,19.364492551144362,0.05832258064516129
MuJoCo,10000,inverse,interrupted,7205,command_transition_failure,command_transition_failure|standstill_failure,True,True,,,0.5755123712674093,18.29513774444393,0.06203225806451613
MuJoCo,10000,inverse,interrupted,7206,command_transition_failure,command_transition_failure|standstill_failure,True,True,,,0.5324358646083449,19.478443992640027,0.05961290322580645
MuJoCo,10000,inverse,interrupted,7207,command_transition_failure,command_transition_failure|standstill_failure,True,True,,,0.5479294887454271,19.43814995913178,0.0742258064516129
MuJoCo,10000,inverse,interrupted,7208,command_transition_failure,command_transition_failure|standstill_failure,True,True,,,0.4647029447510951,19.420143722362052,0.06390322580645161
MuJoCo,10000,inverse,interrupted,7209,command_transition_failure,command_transition_failure|standstill_failure,True,True,,,0.5740208050886209,19.421154931859295,0.08116129032258064
MuJoCo,10000,inverse,interrupted,7210,command_transition_failure,command_transition_failure|standstill_failure,True,True,,,0.5849198705655101,18.204742369835202,0.06848387096774193
MuJoCo,10000,inverse,interrupted,7211,command_transition_failure,command_transition_failure|standstill_failure,True,True,,,0.4881680058470006,17.948337939661535,0.07393548387096774
MuJoCo,10000,inverse,interrupted,7212,command_transition_failure,command_transition_failure|standstill_failure,True,True,,,0.5320685307934543,18.46820481264868,0.06590322580645161
MuJoCo,10000,inverse,interrupted,7213,command_transition_failure,command_transition_failure|standstill_failure,True,True,,,0.5736273932136804,19.386512362705687,0.05141935483870968
MuJoCo,10000,inverse,interrupted,7214,command_transition_failure,command_transition_failure|standstill_failure,True,True,,,0.5675804217841194,19.458996704473982,0.05941935483870968
MuJoCo,10000,inverse,interrupted,7215,command_transition_failure,command_transition_failure|standstill_failure,True,True,,,0.5356490413581065,18.494547629111043,0.06264516129032258
MuJoCo,10000,inverse,interrupted,7216,command_transition_failure,command_transition_failure|standstill_failure,True,True,,,0.48700460223766795,18.2552951886142,0.05964516129032258
MuJoCo,15000,inverse,forward_0.30,7201,command_transition_failure,command_transition_failure,True,True,,,0.5243298887595473,18.189155483570914,0.16613333333333333
MuJoCo,15000,inverse,forward_0.30,7202,command_transition_failure,command_transition_failure,True,True,,,0.47317969126197185,18.149220239030736,0.1332
MuJoCo,15000,inverse,forward_0.30,7203,success,,True,True,,,0.4872365664377403,17.919451304828872,0.15084444444444445
MuJoCo,15000,inverse,forward_0.30,7204,command_transition_failure,command_transition_failure,True,True,,,0.4917929666097837,18.747250373796284,0.23502222222222222
MuJoCo,15000,inverse,forward_0.30,7205,success,,True,True,,,0.48625316017009906,17.77015346935191,0.138
MuJoCo,15000,inverse,forward_0.30,7206,tracking_failure,command_transition_failure|terrain_stall|tracking_failure,True,False,,,0.6457321958326403,16.212102244397858,0.40813333333333335
MuJoCo,15000,inverse,forward_0.30,7207,command_transition_failure,command_transition_failure,True,True,,,0.4868416695811761,17.846126262066175,0.2028
MuJoCo,15000,inverse,forward_0.30,7208,success,,True,True,,,0.49397066006223417,18.072489282137084,0.13466666666666666
MuJoCo,15000,inverse,forward_0.30,7209,command_transition_failure,command_transition_failure,True,True,,,0.5156296916414043,18.078807757963638,0.2865333333333333
MuJoCo,15000,inverse,forward_0.30,7210,command_transition_failure,command_transition_failure,True,True,,,0.5154395254891988,18.248066264582384,0.15355555555555556
MuJoCo,15000,inverse,forward_0.30,7211,command_transition_failure,command_transition_failure,True,True,,,0.5156782912821882,18.695444735101955,0.2368
MuJoCo,15000,inverse,forward_0.30,7212,command_transition_failure,command_transition_failure,True,True,,,0.48362966555081394,18.126114986366456,0.13742222222222222
MuJoCo,15000,inverse,forward_0.30,7213,tracking_failure,command_transition_failure|terrain_stall|tracking_failure,True,False,,,0.6456520623704398,16.01860479754114,0.40155555555555555
MuJoCo,15000,inverse,forward_0.30,7214,tracking_failure,command_transition_failure|terrain_stall|tracking_failure,True,False,,,0.6278245720963648,16.147958026931406,0.42035555555555554
MuJoCo,15000,inverse,forward_0.30,7215,success,,True,True,,,0.4946273108592523,17.64951404958257,0.14435555555555554
MuJoCo,15000,inverse,forward_0.30,7216,tracking_failure,command_transition_failure|terrain_stall|tracking_failure,True,False,,,0.6445524831545377,16.20380230823927,0.41102222222222223
MuJoCo,15000,inverse,forward_0.70,7201,command_transition_failure,command_transition_failure,True,True,,,0.20036404496711624,19.05389037753521,0.060533333333333335
MuJoCo,15000,inverse,forward_0.70,7202,command_transition_failure,command_transition_failure,True,True,,,0.26331659080161396,19.105751048875995,0.05915555555555556
MuJoCo,15000,inverse,forward_0.70,7203,command_transition_failure,command_transition_failure,True,True,,,0.1723732574745469,19.113499256741875,0.06235555555555555
MuJoCo,15000,inverse,forward_0.70,7204,command_transition_failure,command_transition_failure,True,True,,,0.19832180280477685,19.000732430507227,0.059422222222222223
MuJoCo,15000,inverse,forward_0.70,7205,command_transition_failure,command_transition_failure,True,True,,,0.16129069306442023,19.32744384905206,0.06475555555555555
MuJoCo,15000,inverse,forward_0.70,7206,command_transition_failure,command_transition_failure,True,True,,,0.1817697997072747,19.091747488429604,0.06146666666666667
MuJoCo,15000,inverse,forward_0.70,7207,command_transition_failure,command_transition_failure,True,True,,,0.23255857211500697,19.14315310281368,0.05502222222222222
MuJoCo,15000,inverse,forward_0.70,7208,command_transition_failure,command_transition_failure,True,True,,,0.2548022072842895,19.252482424005347,0.05946666666666667
MuJoCo,15000,inverse,forward_0.70,7209,command_transition_failure,command_transition_failure,True,True,,,0.16384660716789456,19.007044096425435,0.06515555555555555
MuJoCo,15000,inverse,forward_0.70,7210,command_transition_failure,command_transition_failure,True,True,,,0.18030392870360323,19.206025037083528,0.062266666666666665
MuJoCo,15000,inverse,forward_0.70,7211,command_transition_failure,command_transition_failure,True,True,,,0.24240876506170572,19.106050258093507,0.060844444444444444
MuJoCo,15000,inverse,forward_0.70,7212,command_transition_failure,command_transition_failure,True,True,,,0.24730960649056888,19.206484314716104,0.05884444444444444
MuJoCo,15000,inverse,forward_0.70,7213,command_transition_failure,command_transition_failure,True,True,,,0.21285476485561983,19.160208971875075,0.059866666666666665
MuJoCo,15000,inverse,forward_0.70,7214,command_transition_failure,command_transition_failure,True,True,,,0.18002765661279874,19.129378147377427,0.058977777777777775
MuJoCo,15000,inverse,forward_0.70,7215,command_transition_failure,command_transition_failure,True,True,,,0.2019899949558268,19.25803219791205,0.0604
MuJoCo,15000,inverse,forward_0.70,7216,command_transition_failure,command_transition_failure,True,True,,,0.23257765272587116,19.09657594188804,0.0588
MuJoCo,15000,inverse,interrupted,7201,command_transition_failure,command_transition_failure|standstill_failure,True,True,,,0.26651594416133895,19.543669949180245,0.04316129032258065
MuJoCo,15000,inverse,interrupted,7202,command_transition_failure,command_transition_failure|standstill_failure,True,True,,,0.3045460913458844,19.49708455951843,0.04151612903225806
MuJoCo,15000,inverse,interrupted,7203,command_transition_failure,command_transition_failure|standstill_failure,True,True,,,0.2728726055347015,18.98081277935938,0.06235483870967742
MuJoCo,15000,inverse,interrupted,7204,command_transition_failure,command_transition_failure|standstill_failure,True,True,,,0.32801493669307336,18.801073603158184,0.06248387096774193
MuJoCo,15000,inverse,interrupted,7205,command_transition_failure,command_transition_failure|standstill_failure,True,True,,,0.29530047985872443,18.735477093925645,0.063
MuJoCo,15000,inverse,interrupted,7206,command_transition_failure,command_transition_failure|standstill_failure,True,True,,,0.3369401000958927,18.79586122219489,0.06190322580645161
MuJoCo,15000,inverse,interrupted,7207,command_transition_failure,command_transition_failure|standstill_failure,True,True,,,0.39757243977642975,19.017076258535248,0.063
MuJoCo,15000,inverse,interrupted,7208,command_transition_failure,command_transition_failure|standstill_failure,True,True,,,0.27038021792574396,18.98836719823286,0.06174193548387097
MuJoCo,15000,inverse,interrupted,7209,command_transition_failure,command_transition_failure|standstill_failure,True,True,,,0.4001297857850199,19.421982358746174,0.054580645161290325
MuJoCo,15000,inverse,interrupted,7210,command_transition_failure,command_transition_failure|standstill_failure,True,True,,,0.40405975103242264,19.505335631313745,0.04232258064516129
MuJoCo,15000,inverse,interrupted,7211,command_transition_failure,command_transition_failure|standstill_failure,True,True,,,0.4194437549884418,18.905267153392725,0.0634516129032258
MuJoCo,15000,inverse,interrupted,7212,command_transition_failure,command_transition_failure|standstill_failure,True,True,,,0.29978574161529536,19.375671742582487,0.04135483870967742
MuJoCo,15000,inverse,interrupted,7213,command_transition_failure,command_transition_failure,True,True,,,0.4901272820452558,19.028903063379484,0.042774193548387095
MuJoCo,15000,inverse,interrupted,7214,command_transition_failure,command_transition_failure|standstill_failure,True,True,,,0.2958122892744832,18.759973565633363,0.06225806451612903
MuJoCo,15000,inverse,interrupted,7215,command_transition_failure,command_transition_failure|standstill_failure,True,True,,,0.24601683166204502,18.85702829105807,0.062096774193548386
MuJoCo,15000,inverse,interrupted,7216,command_transition_failure,command_transition_failure|standstill_failure,True,True,,,0.32439245194375266,18.933116893538994,0.06193548387096774
MuJoCo,19999,inverse,forward_0.30,7201,success,,True,True,,,0.3590698872131642,17.50884657923945,0.0772
MuJoCo,19999,inverse,forward_0.30,7202,success,,True,True,,,0.36584445754879885,17.773184886636823,0.07662222222222222
MuJoCo,19999,inverse,forward_0.30,7203,success,,True,True,,,0.4003002799692725,17.386232645321087,0.0772888888888889
MuJoCo,19999,inverse,forward_0.30,7204,success,,True,True,,,0.35600810620797846,17.74397695244156,0.07622222222222222
MuJoCo,19999,inverse,forward_0.30,7205,success,,True,True,,,0.418857940679578,17.387703035336088,0.07666666666666666
MuJoCo,19999,inverse,forward_0.30,7206,success,,True,True,,,0.3934733589903919,17.535032850201006,0.08044444444444444
MuJoCo,19999,inverse,forward_0.30,7207,success,,True,True,,,0.3632943201843835,17.71599845404898,0.0768
MuJoCo,19999,inverse,forward_0.30,7208,success,,True,True,,,0.34279951289833216,17.966128046206904,0.07546666666666667
MuJoCo,19999,inverse,forward_0.30,7209,success,,True,True,,,0.40000876119135903,18.064628335803462,0.07306666666666667
MuJoCo,19999,inverse,forward_0.30,7210,success,,True,True,,,0.3977288097215232,17.58304470732999,0.07511111111111111
MuJoCo,19999,inverse,forward_0.30,7211,success,,True,True,,,0.3519717461539576,17.95350937157484,0.07595555555555555
MuJoCo,19999,inverse,forward_0.30,7212,success,,True,True,,,0.41323395537503543,18.11938854730686,0.07484444444444445
MuJoCo,19999,inverse,forward_0.30,7213,success,,True,True,,,0.4104952247332813,17.205072515443977,0.07542222222222222
MuJoCo,19999,inverse,forward_0.30,7214,success,,True,True,,,0.39515155442146094,17.67915709895869,0.07826666666666666
MuJoCo,19999,inverse,forward_0.30,7215,success,,True,True,,,0.34199500665855914,18.037989907466287,0.07715555555555556
MuJoCo,19999,inverse,forward_0.30,7216,success,,True,True,,,0.3763214383447428,17.67726785592211,0.07497777777777778
MuJoCo,19999,inverse,forward_0.70,7201,command_transition_failure,command_transition_failure,True,True,,,0.30882437732870294,18.857772758134125,0.058222222222222224
MuJoCo,19999,inverse,forward_0.70,7202,command_transition_failure,command_transition_failure,True,True,,,0.4416064909340615,19.060484754699562,0.06208888888888889
MuJoCo,19999,inverse,forward_0.70,7203,command_transition_failure,command_transition_failure,True,True,,,0.3241196034367422,19.14778668901058,0.06386666666666667
MuJoCo,19999,inverse,forward_0.70,7204,command_transition_failure,command_transition_failure,True,True,,,0.3381240035648867,19.33327468557128,0.06133333333333333
MuJoCo,19999,inverse,forward_0.70,7205,command_transition_failure,command_transition_failure,True,True,,,0.2248713803114697,18.909412344968256,0.061955555555555555
MuJoCo,19999,inverse,forward_0.70,7206,command_transition_failure,command_transition_failure,True,True,,,0.3357152765611151,19.108463799319573,0.06417777777777778
MuJoCo,19999,inverse,forward_0.70,7207,command_transition_failure,command_transition_failure,True,True,,,0.3010149484615572,19.05990833448017,0.058133333333333335
MuJoCo,19999,inverse,forward_0.70,7208,command_transition_failure,command_transition_failure,True,True,,,0.2773983640809887,19.096730367616562,0.058
MuJoCo,19999,inverse,forward_0.70,7209,command_transition_failure,command_transition_failure,True,True,,,0.3162064365798041,19.516344445212233,0.05946666666666667
MuJoCo,19999,inverse,forward_0.70,7210,command_transition_failure,command_transition_failure,True,True,,,0.17934412871454875,18.801569047406357,0.060444444444444446
MuJoCo,19999,inverse,forward_0.70,7211,command_transition_failure,command_transition_failure,True,True,,,0.3054360918975978,18.8003110753854,0.060088888888888886
MuJoCo,19999,inverse,forward_0.70,7212,command_transition_failure,command_transition_failure,True,True,,,0.2548361017598504,19.191261489475565,0.06733333333333333
MuJoCo,19999,inverse,forward_0.70,7213,command_transition_failure,command_transition_failure,True,True,,,0.35290116794705295,18.986286829004083,0.06088888888888889
MuJoCo,19999,inverse,forward_0.70,7214,success,,True,True,,,0.36316823344334626,19.188441398623212,0.06311111111111112
MuJoCo,19999,inverse,forward_0.70,7215,command_transition_failure,command_transition_failure,True,True,,,0.2927608643629296,19.105356428590817,0.06155555555555556
MuJoCo,19999,inverse,forward_0.70,7216,command_transition_failure,command_transition_failure,True,True,,,0.22825175778589246,18.989279697311353,0.06088888888888889
MuJoCo,19999,inverse,interrupted,7201,standstill_failure,standstill_failure,True,True,,,0.3591296480553112,19.004412840964942,0.14241935483870968
MuJoCo,19999,inverse,interrupted,7202,standstill_failure,standstill_failure,True,True,,,0.43706207683166615,18.915294555711462,0.16419354838709677
MuJoCo,19999,inverse,interrupted,7203,command_transition_failure,command_transition_failure|standstill_failure,True,True,,,0.3431525589671631,18.92797053510528,0.11019354838709677
MuJoCo,19999,inverse,interrupted,7204,command_transition_failure,command_transition_failure|standstill_failure,True,True,,,0.5431264513192069,19.254887177168975,0.1287741935483871
MuJoCo,19999,inverse,interrupted,7205,command_transition_failure,command_transition_failure|standstill_failure,True,True,,,0.5252374377710309,19.115142069377203,0.11061290322580646
MuJoCo,19999,inverse,interrupted,7206,command_transition_failure,command_transition_failure|standstill_failure,True,True,,,0.3600435163554257,19.353276247405446,0.11654838709677419
MuJoCo,19999,inverse,interrupted,7207,command_transition_failure,command_transition_failure|standstill_failure,True,True,,,0.5169258321221643,18.90914740606604,0.18303225806451612
MuJoCo,19999,inverse,interrupted,7208,command_transition_failure,command_transition_failure|standstill_failure,True,True,,,0.41248110181702247,18.911315538002654,0.12164516129032259
MuJoCo,19999,inverse,interrupted,7209,command_transition_failure,command_transition_failure|standstill_failure,True,True,,,0.44593129953139243,18.976952829676065,0.15554838709677418
MuJoCo,19999,inverse,interrupted,7210,command_transition_failure,command_transition_failure|standstill_failure,True,True,,,0.42211070792118494,19.31092159252266,0.1590967741935484
MuJoCo,19999,inverse,interrupted,7211,command_transition_failure,command_transition_failure|standstill_failure,True,True,,,0.47826873125971947,18.857237434693072,0.1456451612903226
MuJoCo,19999,inverse,interrupted,7212,command_transition_failure,command_transition_failure|standstill_failure,True,True,,,0.5069300314453367,18.86691611783932,0.13048387096774194
MuJoCo,19999,inverse,interrupted,7213,command_transition_failure,command_transition_failure|standstill_failure,True,True,,,0.232905386351848,18.961966538531637,0.11238709677419355
MuJoCo,19999,inverse,interrupted,7214,command_transition_failure,command_transition_failure|standstill_failure,True,True,,,0.36300633287579304,19.17504699917292,0.11393548387096775
MuJoCo,19999,inverse,interrupted,7215,command_transition_failure,command_transition_failure|standstill_failure,True,True,,,0.47693682364149703,19.096632741530936,0.11383870967741935
MuJoCo,19999,inverse,interrupted,7216,standstill_failure,standstill_failure,True,True,,,0.5203628682600252,18.972820942779165,0.11725806451612904
MuJoCo,10000,slope_up,forward_0.30,7201,success,,True,True,,,0.6877461669912819,4.522616384610059,0.0
MuJoCo,10000,slope_up,forward_0.30,7202,success,,True,True,,,0.687954873250386,4.578381921451997,0.0
MuJoCo,10000,slope_up,forward_0.30,7203,success,,True,True,,,0.6877883886708922,4.525663476544831,0.0
MuJoCo,10000,slope_up,forward_0.30,7204,success,,True,True,,,0.6879096937335153,4.480648262947695,0.0
MuJoCo,10000,slope_up,forward_0.30,7205,success,,True,True,,,0.6873186116228369,4.572810118933831,0.0
MuJoCo,10000,slope_up,forward_0.30,7206,success,,True,True,,,0.6884917739897918,4.582985291313307,0.0
MuJoCo,10000,slope_up,forward_0.30,7207,success,,True,True,,,0.6877874381524027,4.507269127085148,0.0
MuJoCo,10000,slope_up,forward_0.30,7208,success,,True,True,,,0.6883942935229809,4.595457017137031,0.0
MuJoCo,10000,slope_up,forward_0.30,7209,success,,True,True,,,0.6877502993299782,4.6495987382747686,0.0
MuJoCo,10000,slope_up,forward_0.30,7210,success,,True,True,,,0.6880290625622307,4.67824331539178,0.0
MuJoCo,10000,slope_up,forward_0.30,7211,success,,True,True,,,0.6877004058771595,4.526299815517284,0.0
MuJoCo,10000,slope_up,forward_0.30,7212,success,,True,True,,,0.6881248080928343,4.60986615723682,0.0
MuJoCo,10000,slope_up,forward_0.30,7213,success,,True,True,,,0.6881396031466265,4.528297033436908,0.0
MuJoCo,10000,slope_up,forward_0.30,7214,success,,True,True,,,0.6881538657656304,4.633959693045999,0.0
MuJoCo,10000,slope_up,forward_0.30,7215,success,,True,True,,,0.6881843559982365,4.5674405648308545,0.0
MuJoCo,10000,slope_up,forward_0.30,7216,success,,True,True,,,0.6875426894723106,4.647235169348102,0.0
MuJoCo,10000,slope_up,forward_0.70,7201,success,,True,True,,,0.7062174462691375,14.992779989733993,0.01911111111111111
MuJoCo,10000,slope_up,forward_0.70,7202,success,,True,True,,,0.706107249706839,14.953488107922372,0.01902222222222222
MuJoCo,10000,slope_up,forward_0.70,7203,success,,True,True,,,0.706196385937401,15.104240737938502,0.02048888888888889
MuJoCo,10000,slope_up,forward_0.70,7204,success,,True,True,,,0.7058304858532853,14.976477616950193,0.019866666666666668
MuJoCo,10000,slope_up,forward_0.70,7205,success,,True,True,,,0.7062714336120897,15.067683083319828,0.021333333333333333
MuJoCo,10000,slope_up,forward_0.70,7206,success,,True,True,,,0.7061875286862884,15.124978597043032,0.021866666666666666
MuJoCo,10000,slope_up,forward_0.70,7207,success,,True,True,,,0.7059661846286215,14.918338493441656,0.017733333333333334
MuJoCo,10000,slope_up,forward_0.70,7208,success,,True,True,,,0.7060665241092307,15.027353315445485,0.019644444444444444
MuJoCo,10000,slope_up,forward_0.70,7209,success,,True,True,,,0.7061053017670189,15.019470674564564,0.01888888888888889
MuJoCo,10000,slope_up,forward_0.70,7210,success,,True,True,,,0.7059463060463187,14.79381432910551,0.018844444444444445
MuJoCo,10000,slope_up,forward_0.70,7211,success,,True,True,,,0.7061735102411015,14.975662822423557,0.0184
MuJoCo,10000,slope_up,forward_0.70,7212,success,,True,True,,,0.7059665472240855,14.907698263144788,0.01951111111111111
MuJoCo,10000,slope_up,forward_0.70,7213,success,,True,True,,,0.7058155875105319,15.01143279698286,0.020755555555555555
MuJoCo,10000,slope_up,forward_0.70,7214,success,,True,True,,,0.7061423261421623,15.106261562684427,0.02168888888888889
MuJoCo,10000,slope_up,forward_0.70,7215,success,,True,True,,,0.7060825133707151,14.928719527723349,0.020177777777777777
MuJoCo,10000,slope_up,forward_0.70,7216,success,,True,True,,,0.706208085555887,15.018944062572318,0.020933333333333335
MuJoCo,10000,slope_up,interrupted,7201,success,,True,True,,,0.698873585777016,9.358372962618553,0.0016451612903225807
MuJoCo,10000,slope_up,interrupted,7202,success,,True,True,,,0.698540208440797,9.30443849301946,0.0017741935483870969
MuJoCo,10000,slope_up,interrupted,7203,success,,True,True,,,0.6985751215361997,9.28211464211404,0.0015161290322580644
MuJoCo,10000,slope_up,interrupted,7204,success,,True,True,,,0.6989063545875523,9.328296872834782,0.0017419354838709678
MuJoCo,10000,slope_up,interrupted,7205,success,,True,True,,,0.6986925402146591,9.418652939016672,0.0017419354838709678
MuJoCo,10000,slope_up,interrupted,7206,success,,True,True,,,0.6985506044434946,9.364132201699531,0.0016774193548387097
MuJoCo,10000,slope_up,interrupted,7207,success,,True,True,,,0.6989080308369315,9.168688020600044,0.0016129032258064516
MuJoCo,10000,slope_up,interrupted,7208,success,,True,True,,,0.6988334779379538,9.317974105168638,0.0015806451612903226
MuJoCo,10000,slope_up,interrupted,7209,success,,True,True,,,0.6986890784606807,9.41416382359977,0.0017419354838709678
MuJoCo,10000,slope_up,interrupted,7210,success,,True,True,,,0.6987146704419156,9.24004882875329,0.0017741935483870969
MuJoCo,10000,slope_up,interrupted,7211,success,,True,True,,,0.6988176289049306,9.191178037631435,0.0015806451612903226
MuJoCo,10000,slope_up,interrupted,7212,success,,True,True,,,0.6989364542668021,9.251813607933526,0.0017419354838709678
MuJoCo,10000,slope_up,interrupted,7213,success,,True,True,,,0.6988571049399614,9.494839067759052,0.0015806451612903226
MuJoCo,10000,slope_up,interrupted,7214,success,,True,True,,,0.6985722855331162,9.557560119916726,0.0017741935483870969
MuJoCo,10000,slope_up,interrupted,7215,success,,True,True,,,0.6989096839888201,9.367840071216188,0.0017741935483870969
MuJoCo,10000,slope_up,interrupted,7216,success,,True,True,,,0.6983591936911044,9.489972402152544,0.0017419354838709678
MuJoCo,15000,slope_up,forward_0.30,7201,success,,True,True,,,0.6469326921353276,4.530600137934035,0.0
MuJoCo,15000,slope_up,forward_0.30,7202,success,,True,True,,,0.6470006981592071,4.494150131328878,0.0
MuJoCo,15000,slope_up,forward_0.30,7203,success,,True,True,,,0.6469617691316557,4.526379870725576,0.0
MuJoCo,15000,slope_up,forward_0.30,7204,success,,True,True,,,0.6470461331611874,4.479310066303165,0.0
MuJoCo,15000,slope_up,forward_0.30,7205,success,,True,True,,,0.6471135182786631,4.515337897148128,0.0
MuJoCo,15000,slope_up,forward_0.30,7206,success,,True,True,,,0.6467791036588596,4.4821722759383436,0.0
MuJoCo,15000,slope_up,forward_0.30,7207,success,,True,True,,,0.64700145384972,4.5349140830306185,0.0
MuJoCo,15000,slope_up,forward_0.30,7208,success,,True,True,,,0.6468702471956562,4.471349434373836,0.0
MuJoCo,15000,slope_up,forward_0.30,7209,success,,True,True,,,0.6470266690457516,4.51434759036995,0.0
MuJoCo,15000,slope_up,forward_0.30,7210,success,,True,True,,,0.6469594124382354,4.579652146948354,0.0
MuJoCo,15000,slope_up,forward_0.30,7211,success,,True,True,,,0.6469566630472419,4.493262056825305,0.0
MuJoCo,15000,slope_up,forward_0.30,7212,success,,True,True,,,0.6468922903542057,4.59276115750148,0.0
MuJoCo,15000,slope_up,forward_0.30,7213,success,,True,True,,,0.6467904023800076,4.5108006507991885,0.0
MuJoCo,15000,slope_up,forward_0.30,7214,success,,True,True,,,0.6471374778455653,4.495405166765327,0.0
MuJoCo,15000,slope_up,forward_0.30,7215,success,,True,True,,,0.6470110079473358,4.493150023696218,0.0
MuJoCo,15000,slope_up,forward_0.30,7216,success,,True,True,,,0.647049246535802,4.483145694907553,0.0
MuJoCo,15000,slope_up,forward_0.70,7201,success,,True,True,,,0.6827602752467707,14.413122895006538,0.018
MuJoCo,15000,slope_up,forward_0.70,7202,success,,True,True,,,0.6825709796077208,14.452097252319712,0.01808888888888889
MuJoCo,15000,slope_up,forward_0.70,7203,success,,True,True,,,0.6826967348532414,14.364590781380477,0.017644444444444445
MuJoCo,15000,slope_up,forward_0.70,7204,success,,True,True,,,0.6827746143742952,14.414989666665596,0.01768888888888889
MuJoCo,15000,slope_up,forward_0.70,7205,success,,True,True,,,0.6825393178569069,14.406360188734533,0.018044444444444443
MuJoCo,15000,slope_up,forward_0.70,7206,success,,True,True,,,0.682642324405023,14.338318238445947,0.018133333333333335
MuJoCo,15000,slope_up,forward_0.70,7207,success,,True,True,,,0.6827489062542393,14.475460938528983,0.018355555555555556
MuJoCo,15000,slope_up,forward_0.70,7208,success,,True,True,,,0.6826983132899725,14.365566419296394,0.017466666666666665
MuJoCo,15000,slope_up,forward_0.70,7209,success,,True,True,,,0.6827714736996444,14.444366299068435,0.017244444444444444
MuJoCo,15000,slope_up,forward_0.70,7210,success,,True,True,,,0.682762287078666,14.429726036088711,0.017155555555555556
MuJoCo,15000,slope_up,forward_0.70,7211,success,,True,True,,,0.68272296232723,14.467738790643415,0.0176
MuJoCo,15000,slope_up,forward_0.70,7212,success,,True,True,,,0.6827542207395967,14.356906012576564,0.017244444444444444
MuJoCo,15000,slope_up,forward_0.70,7213,success,,True,True,,,0.6826517294492817,14.379551338538787,0.0184
MuJoCo,15000,slope_up,forward_0.70,7214,success,,True,True,,,0.6826240985744031,14.379979189929896,0.017466666666666665
MuJoCo,15000,slope_up,forward_0.70,7215,success,,True,True,,,0.6825902145667315,14.399539967031483,0.017777777777777778
MuJoCo,15000,slope_up,forward_0.70,7216,success,,True,True,,,0.6826256409024383,14.354221241653564,0.017644444444444445
MuJoCo,15000,slope_up,interrupted,7201,standstill_failure,standstill_failure,True,True,,,0.666085148414381,9.114566117171373,0.000967741935483871
MuJoCo,15000,slope_up,interrupted,7202,standstill_failure,standstill_failure,True,True,,,0.666068459977069,9.10085986662611,0.000967741935483871
MuJoCo,15000,slope_up,interrupted,7203,standstill_failure,standstill_failure,True,True,,,0.6660601278479658,9.047438657977073,0.000967741935483871
MuJoCo,15000,slope_up,interrupted,7204,standstill_failure,standstill_failure,True,True,,,0.6660789048256293,9.178336393228149,0.000967741935483871
MuJoCo,15000,slope_up,interrupted,7205,standstill_failure,standstill_failure,True,True,,,0.6661356039147446,9.277566644439121,0.000967741935483871
MuJoCo,15000,slope_up,interrupted,7206,standstill_failure,standstill_failure,True,True,,,0.6660717817367573,9.067379942750623,0.000967741935483871
MuJoCo,15000,slope_up,interrupted,7207,standstill_failure,standstill_failure,True,True,,,0.6660046585348207,9.039197830322477,0.000967741935483871
MuJoCo,15000,slope_up,interrupted,7208,standstill_failure,standstill_failure,True,True,,,0.6661855659863933,9.049392511747888,0.000967741935483871
MuJoCo,15000,slope_up,interrupted,7209,standstill_failure,standstill_failure,True,True,,,0.6660289660680981,9.054336034907832,0.000967741935483871
MuJoCo,15000,slope_up,interrupted,7210,standstill_failure,standstill_failure,True,True,,,0.666015017604737,9.243651782419821,0.000967741935483871
MuJoCo,15000,slope_up,interrupted,7211,standstill_failure,standstill_failure,True,True,,,0.6661039972597625,9.061282334339746,0.000967741935483871
MuJoCo,15000,slope_up,interrupted,7212,standstill_failure,standstill_failure,True,True,,,0.6660435757910251,9.12623769070341,0.000967741935483871
MuJoCo,15000,slope_up,interrupted,7213,standstill_failure,standstill_failure,True,True,,,0.6662131992613833,9.073312582037685,0.000967741935483871
MuJoCo,15000,slope_up,interrupted,7214,standstill_failure,standstill_failure,True,True,,,0.6661739298449469,9.237807223358127,0.000967741935483871
MuJoCo,15000,slope_up,interrupted,7215,standstill_failure,standstill_failure,True,True,,,0.6662153478786563,9.165238340253223,0.000967741935483871
MuJoCo,15000,slope_up,interrupted,7216,standstill_failure,standstill_failure,True,True,,,0.6661945935021083,9.11286245534804,0.000967741935483871
MuJoCo,19999,slope_up,forward_0.30,7201,success,,True,True,,,0.71306614898873,4.098551839323894,0.0
MuJoCo,19999,slope_up,forward_0.30,7202,success,,True,True,,,0.7132043937116678,4.107899564149073,0.0
MuJoCo,19999,slope_up,forward_0.30,7203,success,,True,True,,,0.7130925630325131,4.130693622590804,0.0
MuJoCo,19999,slope_up,forward_0.30,7204,success,,True,True,,,0.7132007899015809,4.098592266001137,0.0
MuJoCo,19999,slope_up,forward_0.30,7205,success,,True,True,,,0.7130076041698152,4.093647156509004,0.0
MuJoCo,19999,slope_up,forward_0.30,7206,success,,True,True,,,0.7131411920418027,4.1177651549808,0.0
MuJoCo,19999,slope_up,forward_0.30,7207,success,,True,True,,,0.7131885081658783,4.143018632829311,0.0
MuJoCo,19999,slope_up,forward_0.30,7208,success,,True,True,,,0.7131105324452452,4.112558056818246,0.0
MuJoCo,19999,slope_up,forward_0.30,7209,success,,True,True,,,0.7131869948342705,4.121744574321037,0.0
MuJoCo,19999,slope_up,forward_0.30,7210,success,,True,True,,,0.7133152253664438,4.143641869221644,0.0
MuJoCo,19999,slope_up,forward_0.30,7211,success,,True,True,,,0.7133370073304908,4.1106106776709375,0.0
MuJoCo,19999,slope_up,forward_0.30,7212,success,,True,True,,,0.7130732764918171,4.13950107696605,0.0
MuJoCo,19999,slope_up,forward_0.30,7213,success,,True,True,,,0.7130043315754755,4.132027484782966,0.0
MuJoCo,19999,slope_up,forward_0.30,7214,success,,True,True,,,0.7130937212314511,4.179967315748705,0.0
MuJoCo,19999,slope_up,forward_0.30,7215,success,,True,True,,,0.7132052458221867,4.090910348343951,0.0
MuJoCo,19999,slope_up,forward_0.30,7216,success,,True,True,,,0.7133829660661951,4.138419450493363,0.0
MuJoCo,19999,slope_up,forward_0.70,7201,success,,True,True,,,0.6835470974802473,10.683259622732617,0.003111111111111111
MuJoCo,19999,slope_up,forward_0.70,7202,success,,True,True,,,0.6836523206622503,10.70294878362553,0.003111111111111111
MuJoCo,19999,slope_up,forward_0.70,7203,success,,True,True,,,0.6834627517479582,10.587725693427164,0.003111111111111111
MuJoCo,19999,slope_up,forward_0.70,7204,success,,True,True,,,0.6837571761304427,10.564580831151819,0.003111111111111111
MuJoCo,19999,slope_up,forward_0.70,7205,success,,True,True,,,0.6833340912346366,10.607189290903301,0.003111111111111111
MuJoCo,19999,slope_up,forward_0.70,7206,success,,True,True,,,0.6835802023164471,10.518895044255567,0.003111111111111111
MuJoCo,19999,slope_up,forward_0.70,7207,success,,True,True,,,0.6834832502034279,10.754460637350343,0.003288888888888889
MuJoCo,19999,slope_up,forward_0.70,7208,success,,True,True,,,0.6834241213964326,10.615281285043624,0.003111111111111111
MuJoCo,19999,slope_up,forward_0.70,7209,success,,True,True,,,0.6834231223389672,10.728791003572503,0.003111111111111111
MuJoCo,19999,slope_up,forward_0.70,7210,success,,True,True,,,0.6833379682005001,10.570361724948118,0.003111111111111111
MuJoCo,19999,slope_up,forward_0.70,7211,success,,True,True,,,0.6834153515540158,10.741638286480338,0.003111111111111111
MuJoCo,19999,slope_up,forward_0.70,7212,success,,True,True,,,0.6836098165564122,10.564093376863159,0.003111111111111111
MuJoCo,19999,slope_up,forward_0.70,7213,success,,True,True,,,0.6834411494673406,10.544315973640558,0.003111111111111111
MuJoCo,19999,slope_up,forward_0.70,7214,success,,True,True,,,0.6834591699238022,10.523940702986518,0.003111111111111111
MuJoCo,19999,slope_up,forward_0.70,7215,success,,True,True,,,0.6834768283183185,10.503737481457858,0.003111111111111111
MuJoCo,19999,slope_up,forward_0.70,7216,success,,True,True,,,0.6834142367511967,10.421833112241698,0.003111111111111111
MuJoCo,19999,slope_up,interrupted,7201,success,,True,True,,,0.7174115534934821,8.897620395082681,0.0015161290322580644
MuJoCo,19999,slope_up,interrupted,7202,success,,True,True,,,0.7175654865795733,8.82058564354667,0.0015483870967741935
MuJoCo,19999,slope_up,interrupted,7203,success,,True,True,,,0.7173643741672118,8.704962752383796,0.0014838709677419354
MuJoCo,19999,slope_up,interrupted,7204,success,,True,True,,,0.717525035320187,8.92423030673857,0.0015483870967741935
MuJoCo,19999,slope_up,interrupted,7205,success,,True,True,,,0.7175997756215979,8.845813793728013,0.0015483870967741935
MuJoCo,19999,slope_up,interrupted,7206,success,,True,True,,,0.717478023630715,8.925836084732987,0.0015483870967741935
MuJoCo,19999,slope_up,interrupted,7207,success,,True,True,,,0.7174262638756908,8.870639456826735,0.0015161290322580644
MuJoCo,19999,slope_up,interrupted,7208,success,,True,True,,,0.7174452934812012,8.788478808069659,0.0014193548387096775
MuJoCo,19999,slope_up,interrupted,7209,success,,True,True,,,0.7174955559829602,8.85742874934451,0.0013870967741935485
MuJoCo,19999,slope_up,interrupted,7210,success,,True,True,,,0.7173261230357628,8.768220780407155,0.0015483870967741935
MuJoCo,19999,slope_up,interrupted,7211,success,,True,True,,,0.7174731284106007,8.962304595581871,0.0014838709677419354
MuJoCo,19999,slope_up,interrupted,7212,success,,True,True,,,0.7173643531927677,8.799818194564047,0.0014838709677419354
MuJoCo,19999,slope_up,interrupted,7213,success,,True,True,,,0.7174202090673998,8.86211374385099,0.0014838709677419354
MuJoCo,19999,slope_up,interrupted,7214,success,,True,True,,,0.7175030699758149,8.639175523630465,0.0015483870967741935
MuJoCo,19999,slope_up,interrupted,7215,success,,True,True,,,0.7173667886083632,8.88016085158591,0.0014838709677419354
MuJoCo,19999,slope_up,interrupted,7216,success,,True,True,,,0.717505465865931,8.826214710567879,0.0015161290322580644
MuJoCo,10000,slope_down,forward_0.30,7201,success,,True,True,,,0.6634439712581692,4.522616384609459,0.0
MuJoCo,10000,slope_down,forward_0.30,7202,success,,True,True,,,0.6634690761967825,4.578381921452628,0.0
MuJoCo,10000,slope_down,forward_0.30,7203,success,,True,True,,,0.6633637012010054,4.525663476545787,0.0
MuJoCo,10000,slope_down,forward_0.30,7204,success,,True,True,,,0.6632632863064435,4.48064826294658,0.0
MuJoCo,10000,slope_down,forward_0.30,7205,success,,True,True,,,0.6631962194914997,4.572810118933977,0.0
MuJoCo,10000,slope_down,forward_0.30,7206,success,,True,True,,,0.6634801714358145,4.582985291314675,0.0
MuJoCo,10000,slope_down,forward_0.30,7207,success,,True,True,,,0.6628967307002935,4.507269127085571,0.0
MuJoCo,10000,slope_down,forward_0.30,7208,success,,True,True,,,0.6633765691010383,4.595457017136222,0.0
MuJoCo,10000,slope_down,forward_0.30,7209,success,,True,True,,,0.6631211171965375,4.64959873827478,0.0
MuJoCo,10000,slope_down,forward_0.30,7210,success,,True,True,,,0.6636425840754346,4.678243315396568,0.0
MuJoCo,10000,slope_down,forward_0.30,7211,success,,True,True,,,0.6634001312173663,4.526299815519719,0.0
MuJoCo,10000,slope_down,forward_0.30,7212,success,,True,True,,,0.6635848844866803,4.609866157233553,0.0
MuJoCo,10000,slope_down,forward_0.30,7213,success,,True,True,,,0.6637685289799743,4.528297033436415,0.0
MuJoCo,10000,slope_down,forward_0.30,7214,success,,True,True,,,0.6636305905496823,4.633959693058752,0.0
MuJoCo,10000,slope_down,forward_0.30,7215,success,,True,True,,,0.6634475738750556,4.567440564829178,0.0
MuJoCo,10000,slope_down,forward_0.30,7216,success,,True,True,,,0.6636629113600614,4.64723516935743,0.0
MuJoCo,10000,slope_down,forward_0.70,7201,success,,True,True,,,0.6765417933789135,11.019145836674275,0.003111111111111111
MuJoCo,10000,slope_down,forward_0.70,7202,success,,True,True,,,0.6756334955024411,11.071296801445426,0.003111111111111111
MuJoCo,10000,slope_down,forward_0.70,7203,success,,True,True,,,0.6761933589374717,10.960181472388445,0.003111111111111111
MuJoCo,10000,slope_down,forward_0.70,7204,success,,True,True,,,0.6754938124749748,11.088639519542413,0.003111111111111111
MuJoCo,10000,slope_down,forward_0.70,7205,success,,True,True,,,0.6768296133526785,11.087142752166718,0.003111111111111111
MuJoCo,10000,slope_down,forward_0.70,7206,success,,True,True,,,0.6770486129609398,11.101203401689151,0.003111111111111111
MuJoCo,10000,slope_down,forward_0.70,7207,success,,True,True,,,0.6807597211041593,11.054736246632118,0.003111111111111111
MuJoCo,10000,slope_down,forward_0.70,7208,success,,True,True,,,0.6753131551795757,11.053806828007781,0.003111111111111111
MuJoCo,10000,slope_down,forward_0.70,7209,success,,True,True,,,0.6777558542047606,11.152873243457398,0.003111111111111111
MuJoCo,10000,slope_down,forward_0.70,7210,success,,True,True,,,0.6740746082381471,11.27483018299378,0.003111111111111111
MuJoCo,10000,slope_down,forward_0.70,7211,success,,True,True,,,0.678140947994541,11.002870923722284,0.003111111111111111
MuJoCo,10000,slope_down,forward_0.70,7212,success,,True,True,,,0.6753484237170317,11.036299547179588,0.003111111111111111
MuJoCo,10000,slope_down,forward_0.70,7213,success,,True,True,,,0.6762598582388701,11.195893127861396,0.003111111111111111
MuJoCo,10000,slope_down,forward_0.70,7214,success,,True,True,,,0.6771309461965889,11.054768161115716,0.003111111111111111
MuJoCo,10000,slope_down,forward_0.70,7215,success,,True,True,,,0.6756342690039323,11.010848352286526,0.003111111111111111
MuJoCo,10000,slope_down,forward_0.70,7216,success,,True,True,,,0.6761267591957459,11.052585217007222,0.003111111111111111
MuJoCo,10000,slope_down,interrupted,7201,success,,True,True,,,0.6576487834650875,8.026074605965261,0.001032258064516129
MuJoCo,10000,slope_down,interrupted,7202,success,,True,True,,,0.6574467278908663,8.059839397306968,0.001
MuJoCo,10000,slope_down,interrupted,7203,success,,True,True,,,0.6572532149482145,8.00593080470068,0.000967741935483871
MuJoCo,10000,slope_down,interrupted,7204,success,,True,True,,,0.6569562751465312,8.098493399954709,0.001
MuJoCo,10000,slope_down,interrupted,7205,success,,True,True,,,0.6569332079819236,8.01914109892786,0.000967741935483871
MuJoCo,10000,slope_down,interrupted,7206,success,,True,True,,,0.6578276483941942,8.05394538474063,0.001
MuJoCo,10000,slope_down,interrupted,7207,success,,True,True,,,0.6597022094607936,8.077580106283254,0.000967741935483871
MuJoCo,10000,slope_down,interrupted,7208,success,,True,True,,,0.6567648943503324,8.035237110015327,0.000967741935483871
MuJoCo,10000,slope_down,interrupted,7209,success,,True,True,,,0.6574190524260186,8.123034187727917,0.0011290322580645162
MuJoCo,10000,slope_down,interrupted,7210,success,,True,True,,,0.6575144283982927,8.128748019987892,0.0010967741935483872
MuJoCo,10000,slope_down,interrupted,7211,success,,True,True,,,0.6580005124910279,7.993961083432312,0.000967741935483871
MuJoCo,10000,slope_down,interrupted,7212,success,,True,True,,,0.6568559135049181,8.037589513924615,0.0010645161290322581
MuJoCo,10000,slope_down,interrupted,7213,success,,True,True,,,0.6570492898671692,8.05636404025994,0.000967741935483871
MuJoCo,10000,slope_down,interrupted,7214,success,,True,True,,,0.6576974606277831,8.099568699114988,0.001032258064516129
MuJoCo,10000,slope_down,interrupted,7215,success,,True,True,,,0.6572441791935987,8.01467278775649,0.001032258064516129
MuJoCo,10000,slope_down,interrupted,7216,success,,True,True,,,0.6572293229322603,8.103969669288361,0.001032258064516129
MuJoCo,15000,slope_down,forward_0.30,7201,success,,True,True,,,0.5714520662243864,4.36114107224459,0.0
MuJoCo,15000,slope_down,forward_0.30,7202,success,,True,True,,,0.5710192195662704,4.365358597914481,0.0
MuJoCo,15000,slope_down,forward_0.30,7203,success,,True,True,,,0.572065564778798,4.463610313921218,0.0
MuJoCo,15000,slope_down,forward_0.30,7204,success,,True,True,,,0.5717458066839065,4.386194853130563,0.0
MuJoCo,15000,slope_down,forward_0.30,7205,success,,True,True,,,0.5710662144563233,4.3455467446130145,0.0
MuJoCo,15000,slope_down,forward_0.30,7206,success,,True,True,,,0.5719821268149082,4.423213439781905,0.0
MuJoCo,15000,slope_down,forward_0.30,7207,success,,True,True,,,0.5696902156901742,4.18742598518819,0.0
MuJoCo,15000,slope_down,forward_0.30,7208,success,,True,True,,,0.5717641777953508,4.349980914753285,0.0
MuJoCo,15000,slope_down,forward_0.30,7209,success,,True,True,,,0.571695856849432,4.32117527863219,0.0
MuJoCo,15000,slope_down,forward_0.30,7210,success,,True,True,,,0.571912932693601,4.31976778661941,0.0
MuJoCo,15000,slope_down,forward_0.30,7211,success,,True,True,,,0.5703427035065596,4.19205418950573,0.0
MuJoCo,15000,slope_down,forward_0.30,7212,success,,True,True,,,0.5721641310184369,4.433435787455489,0.0
MuJoCo,15000,slope_down,forward_0.30,7213,success,,True,True,,,0.5719546104645935,4.428292637614254,0.0
MuJoCo,15000,slope_down,forward_0.30,7214,success,,True,True,,,0.5720124681371935,4.420485199000283,0.0
MuJoCo,15000,slope_down,forward_0.30,7215,success,,True,True,,,0.5718498389210158,4.40929465230903,0.0
MuJoCo,15000,slope_down,forward_0.30,7216,success,,True,True,,,0.5720727099292555,4.409898085900997,0.0
MuJoCo,15000,slope_down,forward_0.70,7201,success,,True,True,,,0.6824605454309678,9.454269466233082,0.0026666666666666666
MuJoCo,15000,slope_down,forward_0.70,7202,success,,True,True,,,0.6825067544980211,9.402791245333127,0.0026666666666666666
MuJoCo,15000,slope_down,forward_0.70,7203,success,,True,True,,,0.682748210129867,9.454975119560942,0.0026666666666666666
MuJoCo,15000,slope_down,forward_0.70,7204,success,,True,True,,,0.6825148875397251,9.415962995338612,0.0026666666666666666
MuJoCo,15000,slope_down,forward_0.70,7205,success,,True,True,,,0.6825768878758733,9.399028557487242,0.0026666666666666666
MuJoCo,15000,slope_down,forward_0.70,7206,success,,True,True,,,0.6826495958993108,9.378761806995394,0.0026666666666666666
MuJoCo,15000,slope_down,forward_0.70,7207,success,,True,True,,,0.6824743372508946,9.467883551359462,0.0026666666666666666
MuJoCo,15000,slope_down,forward_0.70,7208,success,,True,True,,,0.6825162980931111,9.415167814613822,0.0026666666666666666
MuJoCo,15000,slope_down,forward_0.70,7209,success,,True,True,,,0.6827187127974277,9.454889317238719,0.0026666666666666666
MuJoCo,15000,slope_down,forward_0.70,7210,success,,True,True,,,0.682557909652978,9.317762470476147,0.002533333333333333
MuJoCo,15000,slope_down,forward_0.70,7211,success,,True,True,,,0.6824426515852275,9.424630914282238,0.0026666666666666666
MuJoCo,15000,slope_down,forward_0.70,7212,success,,True,True,,,0.682769032624156,9.339183736401917,0.0026666666666666666
MuJoCo,15000,slope_down,forward_0.70,7213,success,,True,True,,,0.6824822018346185,9.458673134886826,0.0026666666666666666
MuJoCo,15000,slope_down,forward_0.70,7214,success,,True,True,,,0.6824666343149448,9.335822317624022,0.0026666666666666666
MuJoCo,15000,slope_down,forward_0.70,7215,success,,True,True,,,0.6825717607238458,9.348692990260288,0.0026666666666666666
MuJoCo,15000,slope_down,forward_0.70,7216,success,,True,True,,,0.6825305616513302,9.29759409033001,0.0024444444444444444
MuJoCo,15000,slope_down,interrupted,7201,success,,True,True,,,0.6349612494271704,8.760519375635935,0.00041935483870967743
MuJoCo,15000,slope_down,interrupted,7202,success,,True,True,,,0.6327409567371158,8.136135535137504,9.67741935483871e-05
MuJoCo,15000,slope_down,interrupted,7203,success,,True,True,,,0.63873099931459,8.478359454312749,0.00012903225806451613
MuJoCo,15000,slope_down,interrupted,7204,success,,True,True,,,0.6367608045311111,8.787624640740628,0.00041935483870967743
MuJoCo,15000,slope_down,interrupted,7205,success,,True,True,,,0.6384756528100882,8.342034850275324,0.00012903225806451613
MuJoCo,15000,slope_down,interrupted,7206,success,,True,True,,,0.6424540658054759,8.25061328931006,9.67741935483871e-05
MuJoCo,15000,slope_down,interrupted,7207,success,,True,True,,,0.6286265503431487,8.758090845774435,0.00041935483870967743
MuJoCo,15000,slope_down,interrupted,7208,success,,True,True,,,0.6359800758384654,8.52153111248415,0.0001935483870967742
MuJoCo,15000,slope_down,interrupted,7209,success,,True,True,,,0.6329673315559069,8.62696577757363,0.00029032258064516127
MuJoCo,15000,slope_down,interrupted,7210,success,,True,True,,,0.6360549810627628,8.211394880785521,9.67741935483871e-05
MuJoCo,15000,slope_down,interrupted,7211,success,,True,True,,,0.6312045848707595,8.472697876227233,0.0001935483870967742
MuJoCo,15000,slope_down,interrupted,7212,success,,True,True,,,0.6389574642114627,8.343628701579084,0.00012903225806451613
MuJoCo,15000,slope_down,interrupted,7213,success,,True,True,,,0.6376891499289773,8.294290474563427,6.451612903225807e-05
MuJoCo,15000,slope_down,interrupted,7214,success,,True,True,,,0.6416364016213313,8.243959806964401,0.00012903225806451613
MuJoCo,15000,slope_down,interrupted,7215,success,,True,True,,,0.6383438001566043,8.21734815272479,6.451612903225807e-05
MuJoCo,15000,slope_down,interrupted,7216,success,,True,True,,,0.6421991693232254,8.370043598318059,0.00012903225806451613
MuJoCo,19999,slope_down,forward_0.30,7201,success,,True,True,,,0.6804858154478488,3.8674425466215636,0.0
MuJoCo,19999,slope_down,forward_0.30,7202,success,,True,True,,,0.6804108074004596,3.869837221262933,0.0
MuJoCo,19999,slope_down,forward_0.30,7203,success,,True,True,,,0.6803350205286828,3.8558851655906046,0.0
MuJoCo,19999,slope_down,forward_0.30,7204,success,,True,True,,,0.6804193145513419,3.8743622686811166,0.0
MuJoCo,19999,slope_down,forward_0.30,7205,success,,True,True,,,0.6795079478878321,3.823340282207439,0.0
MuJoCo,19999,slope_down,forward_0.30,7206,success,,True,True,,,0.6803881664231279,3.8009047630549415,0.0
MuJoCo,19999,slope_down,forward_0.30,7207,success,,True,True,,,0.6802230735692889,3.8087781448094082,0.0
MuJoCo,19999,slope_down,forward_0.30,7208,success,,True,True,,,0.6805316465384388,3.8596019399471926,0.0
MuJoCo,19999,slope_down,forward_0.30,7209,success,,True,True,,,0.6807496228017041,3.8391663512787164,0.0
MuJoCo,19999,slope_down,forward_0.30,7210,success,,True,True,,,0.6809424567327971,3.8549891272604064,0.0
MuJoCo,19999,slope_down,forward_0.30,7211,success,,True,True,,,0.6803677193132449,3.853636123683436,0.0
MuJoCo,19999,slope_down,forward_0.30,7212,success,,True,True,,,0.6809161078248659,3.839774933651001,0.0
MuJoCo,19999,slope_down,forward_0.30,7213,success,,True,True,,,0.6801658079416749,3.82239104004955,0.0
MuJoCo,19999,slope_down,forward_0.30,7214,success,,True,True,,,0.6802101796998812,3.7892632127541126,0.0
MuJoCo,19999,slope_down,forward_0.30,7215,success,,True,True,,,0.680453741687998,3.8596068632071634,0.0
MuJoCo,19999,slope_down,forward_0.30,7216,success,,True,True,,,0.6806867022413068,3.8225318524309113,0.0
MuJoCo,19999,slope_down,forward_0.70,7201,success,,True,True,,,0.6516160688442779,10.683259622732054,0.003111111111111111
MuJoCo,19999,slope_down,forward_0.70,7202,success,,True,True,,,0.6478354114613452,10.702948783625718,0.003111111111111111
MuJoCo,19999,slope_down,forward_0.70,7203,success,,True,True,,,0.6473382933027414,10.587725693426195,0.003111111111111111
MuJoCo,19999,slope_down,forward_0.70,7204,success,,True,True,,,0.6471545366483967,10.56458083115041,0.003111111111111111
MuJoCo,19999,slope_down,forward_0.70,7205,success,,True,True,,,0.6406917688780307,10.625516324766494,0.003111111111111111
MuJoCo,19999,slope_down,forward_0.70,7206,success,,True,True,,,0.6442572185459571,10.54836722014098,0.003111111111111111
MuJoCo,19999,slope_down,forward_0.70,7207,success,,True,True,,,0.6537397341327126,10.754460637350105,0.003288888888888889
MuJoCo,19999,slope_down,forward_0.70,7208,success,,True,True,,,0.6469638145004932,10.615281285043618,0.003111111111111111
MuJoCo,19999,slope_down,forward_0.70,7209,success,,True,True,,,0.6513465261852703,10.728791003575699,0.003111111111111111
MuJoCo,19999,slope_down,forward_0.70,7210,success,,True,True,,,0.6485033910256546,10.570361724947942,0.003111111111111111
MuJoCo,19999,slope_down,forward_0.70,7211,success,,True,True,,,0.6527555684576343,10.74163828647978,0.003111111111111111
MuJoCo,19999,slope_down,forward_0.70,7212,success,,True,True,,,0.646933893712285,10.564093376862742,0.003111111111111111
MuJoCo,19999,slope_down,forward_0.70,7213,success,,True,True,,,0.6434570957916826,10.544315973640416,0.003111111111111111
MuJoCo,19999,slope_down,forward_0.70,7214,success,,True,True,,,0.6408291853773798,10.869429570582994,0.003111111111111111
MuJoCo,19999,slope_down,forward_0.70,7215,success,,True,True,,,0.6444585625161287,10.503737481458439,0.003111111111111111
MuJoCo,19999,slope_down,forward_0.70,7216,success,,True,True,,,0.6439125368359677,10.603008331775435,0.003111111111111111
MuJoCo,19999,slope_down,interrupted,7201,success,,True,True,,,0.6569238097813166,6.571665938270122,0.0001935483870967742
MuJoCo,19999,slope_down,interrupted,7202,success,,True,True,,,0.6567124477440524,6.575153421266161,0.00022580645161290321
MuJoCo,19999,slope_down,interrupted,7203,success,,True,True,,,0.653726802231924,6.555399475471118,9.67741935483871e-05
MuJoCo,19999,slope_down,interrupted,7204,success,,True,True,,,0.6554482003377181,6.528763868144934,0.00016129032258064516
MuJoCo,19999,slope_down,interrupted,7205,success,,True,True,,,0.6517986237735662,6.499846436016049,0.00016129032258064516
MuJoCo,19999,slope_down,interrupted,7206,success,,True,True,,,0.6514852045259482,6.689566477221625,0.00022580645161290321
MuJoCo,19999,slope_down,interrupted,7207,success,,True,True,,,0.6655029706313195,6.5824869158736,0.00022580645161290321
MuJoCo,19999,slope_down,interrupted,7208,success,,True,True,,,0.6547267060622922,6.567322564101522,0.00016129032258064516
MuJoCo,19999,slope_down,interrupted,7209,success,,True,True,,,0.6588726721074972,6.672129655843365,0.00029032258064516127
MuJoCo,19999,slope_down,interrupted,7210,success,,True,True,,,0.6579316769774121,6.528612556488248,9.67741935483871e-05
MuJoCo,19999,slope_down,interrupted,7211,success,,True,True,,,0.658874059552474,6.583170611312634,0.00022580645161290321
MuJoCo,19999,slope_down,interrupted,7212,success,,True,True,,,0.6550292078087652,6.5795073354475635,0.00012903225806451613
MuJoCo,19999,slope_down,interrupted,7213,success,,True,True,,,0.6526870515415967,6.514613551387687,0.00016129032258064516
MuJoCo,19999,slope_down,interrupted,7214,success,,True,True,,,0.651105582928392,6.568116067361193,0.0001935483870967742
MuJoCo,19999,slope_down,interrupted,7215,success,,True,True,,,0.6542410982336002,6.560109223716913,0.00012903225806451613
MuJoCo,19999,slope_down,interrupted,7216,success,,True,True,,,0.65310391284108,6.5330007493755184,6.451612903225807e-05
MuJoCo,10000,up_12x38,forward_0.30,7201,success,,True,True,,,0.5104740213067487,18.601897258813313,0.09115555555555556
MuJoCo,10000,up_12x38,forward_0.30,7202,success,,True,True,,,0.5098554183041439,17.63424688117325,0.08977777777777778
MuJoCo,10000,up_12x38,forward_0.30,7203,success,,True,True,,,0.514171167669347,18.046119539794663,0.08933333333333333
MuJoCo,10000,up_12x38,forward_0.30,7204,success,,True,True,,,0.503340282190543,16.863955588122444,0.08604444444444445
MuJoCo,10000,up_12x38,forward_0.30,7205,success,,True,True,,,0.508629203054624,18.23651854909364,0.09253333333333333
MuJoCo,10000,up_12x38,forward_0.30,7206,success,,True,True,,,0.49172923341451663,18.570277820995244,0.09257777777777777
MuJoCo,10000,up_12x38,forward_0.30,7207,success,,True,True,,,0.5047516912132628,16.545908129122452,0.08568888888888888
MuJoCo,10000,up_12x38,forward_0.30,7208,success,,True,True,,,0.5087628798662471,18.161136778259905,0.0908888888888889
MuJoCo,10000,up_12x38,forward_0.30,7209,success,,True,True,,,0.5171868099231729,16.49386707203886,0.0896
MuJoCo,10000,up_12x38,forward_0.30,7210,success,,True,True,,,0.5070165703810927,17.33295282622034,0.0904
MuJoCo,10000,up_12x38,forward_0.30,7211,success,,True,True,,,0.5118456692834306,16.287142897697517,0.0868
MuJoCo,10000,up_12x38,forward_0.30,7212,success,,True,True,,,0.5107698191081467,16.546184923402965,0.0872
MuJoCo,10000,up_12x38,forward_0.30,7213,success,,True,True,,,0.5138854845248533,17.009586965827346,0.08977777777777778
MuJoCo,10000,up_12x38,forward_0.30,7214,success,,True,True,,,0.4993963550801101,17.995796009249506,0.0912
MuJoCo,10000,up_12x38,forward_0.30,7215,success,,True,True,,,0.510779144890519,17.317287644034685,0.08995555555555555
MuJoCo,10000,up_12x38,forward_0.30,7216,success,,True,True,,,0.5030092134043824,16.935563521618782,0.08666666666666667
MuJoCo,10000,up_12x38,forward_0.70,7201,command_transition_failure,command_transition_failure,True,True,,,0.29547301143563004,20.912649249904497,0.06413333333333333
MuJoCo,10000,up_12x38,forward_0.70,7202,command_transition_failure,command_transition_failure,True,True,,,0.31995441258355367,18.72716747193181,0.05311111111111111
MuJoCo,10000,up_12x38,forward_0.70,7203,command_transition_failure,command_transition_failure,True,True,,,0.25998297841766865,20.527849700827772,0.06284444444444444
MuJoCo,10000,up_12x38,forward_0.70,7204,command_transition_failure,command_transition_failure,True,True,,,0.353124762469446,18.97329998383613,0.0584
MuJoCo,10000,up_12x38,forward_0.70,7205,command_transition_failure,command_transition_failure,True,True,,,0.328480177467213,19.46473577781612,0.06453333333333333
MuJoCo,10000,up_12x38,forward_0.70,7206,command_transition_failure,command_transition_failure,True,True,,,0.1691941325258159,20.47998150999543,0.062266666666666665
MuJoCo,10000,up_12x38,forward_0.70,7207,command_transition_failure,command_transition_failure,True,True,,,0.27124774879212615,21.389820112618963,0.05146666666666667
MuJoCo,10000,up_12x38,forward_0.70,7208,command_transition_failure,command_transition_failure,True,True,,,0.29391389518314043,19.20800499048681,0.04968888888888889
MuJoCo,10000,up_12x38,forward_0.70,7209,command_transition_failure,command_transition_failure,True,True,,,0.18277642697331414,19.976866638275435,0.064
MuJoCo,10000,up_12x38,forward_0.70,7210,command_transition_failure,command_transition_failure,True,True,,,0.37894867797274584,19.388903098020386,0.058
MuJoCo,10000,up_12x38,forward_0.70,7211,command_transition_failure,command_transition_failure,True,True,,,0.28206684371748075,19.316350773205382,0.05568888888888889
MuJoCo,10000,up_12x38,forward_0.70,7212,command_transition_failure,command_transition_failure,True,True,,,0.36515746290718726,18.36071324462238,0.05195555555555555
MuJoCo,10000,up_12x38,forward_0.70,7213,command_transition_failure,command_transition_failure,True,True,,,0.33192890356610355,19.3870591224831,0.06337777777777778
MuJoCo,10000,up_12x38,forward_0.70,7214,command_transition_failure,command_transition_failure,True,True,,,0.37369066977502813,19.23046003295457,0.06444444444444444
MuJoCo,10000,up_12x38,forward_0.70,7215,command_transition_failure,command_transition_failure,True,True,,,0.38038458229382904,19.052171624463202,0.07124444444444444
MuJoCo,10000,up_12x38,forward_0.70,7216,command_transition_failure,command_transition_failure,True,True,,,0.2380203559038221,18.826221210115293,0.057555555555555554
MuJoCo,10000,up_12x38,interrupted,7201,success,,True,True,,,0.38671311129606295,18.88236601350892,0.0612258064516129
MuJoCo,10000,up_12x38,interrupted,7202,command_transition_failure,command_transition_failure,True,True,,,0.36703647689796065,19.212666917381977,0.06193548387096774
MuJoCo,10000,up_12x38,interrupted,7203,success,,True,True,,,0.2973085053998667,18.69792534986101,0.2178064516129032
MuJoCo,10000,up_12x38,interrupted,7204,success,,True,True,,,0.3307707437487583,18.981825502526146,0.06670967741935484
MuJoCo,10000,up_12x38,interrupted,7205,standstill_failure,standstill_failure,True,True,,,0.37732482056638533,18.93701255711406,0.07070967741935484
MuJoCo,10000,up_12x38,interrupted,7206,success,,True,True,,,0.4123488744768254,18.92966443840954,0.05735483870967742
MuJoCo,10000,up_12x38,interrupted,7207,success,,True,True,,,0.28151612772152595,18.946726876758753,0.04503225806451613
MuJoCo,10000,up_12x38,interrupted,7208,success,,True,True,,,0.372434672800183,18.958580485516404,0.053838709677419355
MuJoCo,10000,up_12x38,interrupted,7209,command_transition_failure,command_transition_failure,True,True,,,0.36580452758469856,19.14144553995768,0.047129032258064515
MuJoCo,10000,up_12x38,interrupted,7210,command_transition_failure,command_transition_failure,True,True,,,0.38076111365956483,19.168108100470445,0.06458064516129032
MuJoCo,10000,up_12x38,interrupted,7211,success,,True,True,,,0.38070841888717627,18.893964755122607,0.057935483870967745
MuJoCo,10000,up_12x38,interrupted,7212,success,,True,True,,,0.3753515167525812,18.953933423919846,0.2033548387096774
MuJoCo,10000,up_12x38,interrupted,7213,success,,True,True,,,0.23763583607071753,18.90444694796226,0.22125806451612903
MuJoCo,10000,up_12x38,interrupted,7214,command_transition_failure,command_transition_failure,True,True,,,0.25890028470595855,19.025761601446142,0.20890322580645163
MuJoCo,10000,up_12x38,interrupted,7215,command_transition_failure,command_transition_failure|standstill_failure,True,True,,,0.41753984299912567,19.611335546597008,0.19138709677419355
MuJoCo,10000,up_12x38,interrupted,7216,success,,True,True,,,0.40615641725346513,18.926953447813883,0.06038709677419355
MuJoCo,15000,up_12x38,forward_0.30,7201,success,,True,True,,,0.40573377767637536,19.521792383923305,0.12893333333333334
MuJoCo,15000,up_12x38,forward_0.30,7202,command_transition_failure,command_transition_failure,True,True,,,0.5559916979748722,19.472768300202503,0.1328
MuJoCo,15000,up_12x38,forward_0.30,7203,success,,True,True,,,0.4061440042779733,18.61458568837239,0.10684444444444445
MuJoCo,15000,up_12x38,forward_0.30,7204,success,,True,True,,,0.5548512543659432,19.82253975620983,0.14484444444444444
MuJoCo,15000,up_12x38,forward_0.30,7205,success,,True,True,,,0.40931878004455663,18.727393438133706,0.11404444444444445
MuJoCo,15000,up_12x38,forward_0.30,7206,command_transition_failure,command_transition_failure,True,True,,,0.3527823485545136,19.864076246237616,0.08235555555555556
MuJoCo,15000,up_12x38,forward_0.30,7207,success,,True,True,,,0.5307874895616238,19.56384183710913,0.13986666666666667
MuJoCo,15000,up_12x38,forward_0.30,7208,success,,True,True,,,0.5196974339463007,19.56029961394605,0.11208888888888889
MuJoCo,15000,up_12x38,forward_0.30,7209,success,,True,True,,,0.5384805538641042,19.168279789681613,0.12884444444444446
MuJoCo,15000,up_12x38,forward_0.30,7210,success,,True,True,,,0.491187608832972,19.682055458734567,0.11648888888888889
MuJoCo,15000,up_12x38,forward_0.30,7211,success,,True,True,,,0.5046804047239304,18.307896750719596,0.12275555555555556
MuJoCo,15000,up_12x38,forward_0.30,7212,success,,True,True,,,0.4088104856253347,19.178371804089334,0.14693333333333333
MuJoCo,15000,up_12x38,forward_0.30,7213,success,,True,True,,,0.4767220192854394,18.865047858481667,0.10133333333333333
MuJoCo,15000,up_12x38,forward_0.30,7214,success,,True,True,,,0.3630445968084035,19.700752774199167,0.09488888888888888
MuJoCo,15000,up_12x38,forward_0.30,7215,success,,True,True,,,0.4174618426294658,18.02031316917557,0.1324
MuJoCo,15000,up_12x38,forward_0.30,7216,success,,True,True,,,0.5250590304217926,18.73287437186619,0.12026666666666666
MuJoCo,15000,up_12x38,forward_0.70,7201,tracking_failure,command_transition_failure|tracking_failure,True,True,,,0.13686695781449876,20.981807287616792,0.0624
MuJoCo,15000,up_12x38,forward_0.70,7202,command_transition_failure,command_transition_failure,True,True,,,0.19247240250330977,21.452035741093226,0.05302222222222222
MuJoCo,15000,up_12x38,forward_0.70,7203,unsafe,command_transition_failure|terrain_stall|tracking_failure|unsafe,False,False,hard_joint_position,6.226,-0.012500107395194804,19.665078847922466,0.3498233215547703
MuJoCo,15000,up_12x38,forward_0.70,7204,unsafe,command_transition_failure|terrain_stall|tracking_failure|unsafe,False,False,hard_joint_position,5.908,-0.00301848430278423,19.123884021091378,0.32532159783344616
MuJoCo,15000,up_12x38,forward_0.70,7205,command_transition_failure,command_transition_failure,True,True,,,0.18572652803978507,19.832912730374765,0.06591111111111111
MuJoCo,15000,up_12x38,forward_0.70,7206,command_transition_failure,command_transition_failure,True,True,,,0.20384907397267993,19.31673726902475,0.07
MuJoCo,15000,up_12x38,forward_0.70,7207,tracking_failure,command_transition_failure|tracking_failure,True,True,,,0.1358842356454839,22.349830592964473,0.056
MuJoCo,15000,up_12x38,forward_0.70,7208,command_transition_failure,command_transition_failure,True,True,,,0.1890996444519737,20.186324413515464,0.05893333333333333
MuJoCo,15000,up_12x38,forward_0.70,7209,tracking_failure,command_transition_failure|tracking_failure,True,True,,,0.13968067813539387,21.622074240887112,0.05506666666666667
MuJoCo,15000,up_12x38,forward_0.70,7210,command_transition_failure,command_transition_failure,True,True,,,0.14634919743648167,19.356912581511317,0.058222222222222224
MuJoCo,15000,up_12x38,forward_0.70,7211,command_transition_failure,command_transition_failure,True,True,,,0.20127894766799148,19.541053068858922,0.05084444444444444
MuJoCo,15000,up_12x38,forward_0.70,7212,tracking_failure,command_transition_failure|tracking_failure,True,True,,,0.1321609073080432,22.851482918692128,0.06097777777777778
MuJoCo,15000,up_12x38,forward_0.70,7213,command_transition_failure,command_transition_failure,True,True,,,0.11204372261874296,21.324883697146134,0.06737777777777777
MuJoCo,15000,up_12x38,forward_0.70,7214,command_transition_failure,command_transition_failure,True,True,,,0.19644690813833288,19.34851872110698,0.05706666666666667
MuJoCo,15000,up_12x38,forward_0.70,7215,command_transition_failure,command_transition_failure,True,True,,,0.1528535240995832,19.386582759288835,0.06262222222222222
MuJoCo,15000,up_12x38,forward_0.70,7216,command_transition_failure,command_transition_failure,True,True,,,0.20042128210379406,19.449796203791273,0.05555555555555555
MuJoCo,15000,up_12x38,interrupted,7201,tracking_failure,command_transition_failure|tracking_failure,True,True,,,0.48266671531033944,19.754671587078654,0.05238709677419355
MuJoCo,15000,up_12x38,interrupted,7202,tracking_failure,command_transition_failure|tracking_failure,True,True,,,0.1734658479092679,19.05849248583606,0.06412903225806452
MuJoCo,15000,up_12x38,interrupted,7203,tracking_failure,command_transition_failure|tracking_failure,True,True,,,0.5275896711839696,19.64706027221632,0.05854838709677419
MuJoCo,15000,up_12x38,interrupted,7204,tracking_failure,command_transition_failure|tracking_failure,True,True,,,0.5104769317944928,19.86428989385975,0.05348387096774194
MuJoCo,15000,up_12x38,interrupted,7205,tracking_failure,command_transition_failure|tracking_failure,True,True,,,0.5262784243305294,19.644673180717177,0.06325806451612903
MuJoCo,15000,up_12x38,interrupted,7206,tracking_failure,command_transition_failure|tracking_failure,True,True,,,0.5118036294903607,19.443164741557737,0.05835483870967742
MuJoCo,15000,up_12x38,interrupted,7207,tracking_failure,command_transition_failure|tracking_failure,True,True,,,0.41764158719264177,19.540286409357925,0.07751612903225806
MuJoCo,15000,up_12x38,interrupted,7208,tracking_failure,command_transition_failure|tracking_failure,True,True,,,0.4521129375991224,19.67903860056095,0.059774193548387096
MuJoCo,15000,up_12x38,interrupted,7209,tracking_failure,command_transition_failure|tracking_failure,True,True,,,0.5310845548284435,19.122551045245878,0.05974193548387097
MuJoCo,15000,up_12x38,interrupted,7210,tracking_failure,command_transition_failure|tracking_failure,True,True,,,0.2651047083221063,18.996366091556173,0.05761290322580645
MuJoCo,15000,up_12x38,interrupted,7211,tracking_failure,command_transition_failure|tracking_failure,True,True,,,0.17932164933456285,19.164418963090743,0.055935483870967743
MuJoCo,15000,up_12x38,interrupted,7212,tracking_failure,command_transition_failure|tracking_failure,True,True,,,0.5288074050719365,19.639893093174866,0.05232258064516129
MuJoCo,15000,up_12x38,interrupted,7213,tracking_failure,command_transition_failure|tracking_failure,True,True,,,0.5035236287366658,19.657673264326785,0.05419354838709677
MuJoCo,15000,up_12x38,interrupted,7214,tracking_failure,command_transition_failure|tracking_failure,True,True,,,0.48574480589567637,19.494358969549566,0.05958064516129032
MuJoCo,15000,up_12x38,interrupted,7215,tracking_failure,command_transition_failure|tracking_failure,True,True,,,0.5139865273678836,19.81397818681981,0.05390322580645161
MuJoCo,15000,up_12x38,interrupted,7216,tracking_failure,command_transition_failure|tracking_failure,True,True,,,0.38674500933988964,19.60710407405698,0.06416129032258064
MuJoCo,19999,up_12x38,forward_0.30,7201,success,,True,True,,,0.5140008164292296,18.40830770933337,0.09831111111111111
MuJoCo,19999,up_12x38,forward_0.30,7202,command_transition_failure,command_transition_failure,True,True,,,0.48435090869335157,19.064337893043856,0.10924444444444445
MuJoCo,19999,up_12x38,forward_0.30,7203,command_transition_failure,command_transition_failure,True,True,,,0.4297422301830825,17.873760621741468,0.08275555555555555
MuJoCo,19999,up_12x38,forward_0.30,7204,command_transition_failure,command_transition_failure,True,True,,,0.5361556356971235,19.09016569640535,0.0903111111111111
MuJoCo,19999,up_12x38,forward_0.30,7205,command_transition_failure,command_transition_failure,True,True,,,0.42495040520084765,17.99506195119561,0.08133333333333333
MuJoCo,19999,up_12x38,forward_0.30,7206,command_transition_failure,command_transition_failure,True,True,,,0.41821661516025016,18.032773465673277,0.07973333333333334
MuJoCo,19999,up_12x38,forward_0.30,7207,success,,True,True,,,0.5459455555019195,18.393772999657696,0.09577777777777778
MuJoCo,19999,up_12x38,forward_0.30,7208,command_transition_failure,command_transition_failure,True,True,,,0.5149333985654536,19.22878265355867,0.09186666666666667
MuJoCo,19999,up_12x38,forward_0.30,7209,success,,True,True,,,0.5379229588091261,18.058366360557425,0.08928888888888889
MuJoCo,19999,up_12x38,forward_0.30,7210,success,,True,True,,,0.5387838548210324,18.835734943570134,0.11017777777777778
MuJoCo,19999,up_12x38,forward_0.30,7211,success,,True,True,,,0.5451993725787501,18.390361180720117,0.09568888888888889
MuJoCo,19999,up_12x38,forward_0.30,7212,success,,True,True,,,0.5281336781143338,18.437693051827726,0.09893333333333333
MuJoCo,19999,up_12x38,forward_0.30,7213,command_transition_failure,command_transition_failure,True,True,,,0.423949615153062,18.086988999830464,0.08071111111111111
MuJoCo,19999,up_12x38,forward_0.30,7214,command_transition_failure,command_transition_failure,True,True,,,0.4198226470812521,18.172489207234662,0.07986666666666667
MuJoCo,19999,up_12x38,forward_0.30,7215,command_transition_failure,command_transition_failure,True,True,,,0.5442430027837912,19.002467858954116,0.08586666666666666
MuJoCo,19999,up_12x38,forward_0.30,7216,command_transition_failure,command_transition_failure,True,True,,,0.4189010762232958,18.14543809340689,0.08
MuJoCo,19999,up_12x38,forward_0.70,7201,command_transition_failure,command_transition_failure,True,True,,,0.4734635850642682,19.088228228765693,0.06893333333333333
MuJoCo,19999,up_12x38,forward_0.70,7202,unsafe,terrain_stall|tracking_failure|unsafe,False,False,hard_joint_position,4.966,-0.016004828345787536,18.181188117721103,0.220700765203383
MuJoCo,19999,up_12x38,forward_0.70,7203,command_transition_failure,command_transition_failure,True,True,,,0.44932077266766823,20.3657287166498,0.06311111111111112
MuJoCo,19999,up_12x38,forward_0.70,7204,command_transition_failure,command_transition_failure,True,True,,,0.4432098867966506,18.998781984840093,0.06311111111111112
MuJoCo,19999,up_12x38,forward_0.70,7205,command_transition_failure,command_transition_failure,True,True,,,0.38773805923814963,19.30011521228164,0.06413333333333333
MuJoCo,19999,up_12x38,forward_0.70,7206,command_transition_failure,command_transition_failure,True,True,,,0.392900306366164,19.67296099940721,0.06782222222222223
MuJoCo,19999,up_12x38,forward_0.70,7207,command_transition_failure,command_transition_failure,True,True,,,0.3852850516914659,19.002363163346413,0.0668
MuJoCo,19999,up_12x38,forward_0.70,7208,command_transition_failure,command_transition_failure,True,True,,,0.482802282515685,19.20324411699801,0.06235555555555555
MuJoCo,19999,up_12x38,forward_0.70,7209,command_transition_failure,command_transition_failure,True,True,,,0.42431986816315614,18.811136908553763,0.06222222222222222
MuJoCo,19999,up_12x38,forward_0.70,7210,unsafe,command_transition_failure|terrain_stall|tracking_failure|unsafe,False,False,hard_joint_position,5.359999999999999,-0.004642804049706184,18.277969063177597,0.27798507462686567
MuJoCo,19999,up_12x38,forward_0.70,7211,command_transition_failure,command_transition_failure,True,True,,,0.3079258342832265,19.41935040489876,0.08115555555555555
MuJoCo,19999,up_12x38,forward_0.70,7212,command_transition_failure,command_transition_failure,True,True,,,0.44659785666662577,18.639289336370407,0.06026666666666667
MuJoCo,19999,up_12x38,forward_0.70,7213,command_transition_failure,command_transition_failure,True,True,,,0.48643217368573055,19.612217546656,0.06395555555555556
MuJoCo,19999,up_12x38,forward_0.70,7214,command_transition_failure,command_transition_failure,True,True,,,0.22015310421914824,18.817556754746732,0.06608888888888889
MuJoCo,19999,up_12x38,forward_0.70,7215,command_transition_failure,command_transition_failure,True,True,,,0.4583237652691903,20.904814985946107,0.06355555555555556
MuJoCo,19999,up_12x38,forward_0.70,7216,command_transition_failure,command_transition_failure,True,True,,,0.35283269761804403,19.44483146004564,0.06395555555555556
MuJoCo,19999,up_12x38,interrupted,7201,tracking_failure,command_transition_failure|tracking_failure,True,True,,,0.4612921348545322,19.631719425638146,0.06570967741935484
MuJoCo,19999,up_12x38,interrupted,7202,tracking_failure,command_transition_failure|standstill_failure|tracking_failure,True,True,,,0.35305898944622,19.007956782144937,0.06709677419354838
MuJoCo,19999,up_12x38,interrupted,7203,command_transition_failure,command_transition_failure,True,True,,,0.4638743465568896,19.526989374115804,0.06796774193548387
MuJoCo,19999,up_12x38,interrupted,7204,tracking_failure,command_transition_failure|standstill_failure|tracking_failure,True,True,,,0.4723970313923061,18.96700915344675,0.08035483870967743
MuJoCo,19999,up_12x38,interrupted,7205,command_transition_failure,command_transition_failure,True,True,,,0.45782395182934693,19.457136588121266,0.06638709677419355
MuJoCo,19999,up_12x38,interrupted,7206,command_transition_failure,command_transition_failure|standstill_failure,True,True,,,0.4467186538913364,19.45928843262088,0.0665483870967742
MuJoCo,19999,up_12x38,interrupted,7207,tracking_failure,command_transition_failure|tracking_failure,True,True,,,0.47088683521569014,18.98314777935926,0.06145161290322581
MuJoCo,19999,up_12x38,interrupted,7208,tracking_failure,command_transition_failure|tracking_failure,True,True,,,0.4711995313008093,19.26357535052074,0.07267741935483871
MuJoCo,19999,up_12x38,interrupted,7209,tracking_failure,command_transition_failure|standstill_failure|tracking_failure,True,True,,,0.3147601476697513,19.114937116117787,0.08129032258064516
MuJoCo,19999,up_12x38,interrupted,7210,tracking_failure,command_transition_failure|tracking_failure,True,True,,,0.4654008381526566,19.34488139256853,0.06812903225806452
MuJoCo,19999,up_12x38,interrupted,7211,tracking_failure,command_transition_failure|tracking_failure,True,True,,,0.48824212212196255,19.323195221608636,0.06148387096774194
MuJoCo,19999,up_12x38,interrupted,7212,tracking_failure,command_transition_failure|tracking_failure,True,True,,,0.46059730340624655,19.60716768383388,0.06361290322580646
MuJoCo,19999,up_12x38,interrupted,7213,tracking_failure,command_transition_failure|tracking_failure,True,True,,,0.32915186760916654,19.139486713950575,0.07035483870967742
MuJoCo,19999,up_12x38,interrupted,7214,command_transition_failure,command_transition_failure,True,True,,,0.4532918401678016,18.97264566630665,0.06935483870967742
MuJoCo,19999,up_12x38,interrupted,7215,tracking_failure,command_transition_failure|tracking_failure,True,True,,,0.4497762579413878,19.366961164564085,0.05938709677419355
MuJoCo,19999,up_12x38,interrupted,7216,success,,True,True,,,0.3200502583989581,19.728195615447955,0.06606451612903226
MuJoCo,10000,down_12x38,forward_0.30,7201,success,,True,True,,,0.6939643290828827,7.741955684786841,0.0014666666666666667
MuJoCo,10000,down_12x38,forward_0.30,7202,success,,True,True,,,0.6939005880685214,7.716685891995466,0.003288888888888889
MuJoCo,10000,down_12x38,forward_0.30,7203,success,,True,True,,,0.6940968022349636,7.918572822735311,0.003022222222222222
MuJoCo,10000,down_12x38,forward_0.30,7204,success,,True,True,,,0.6935824848966015,7.881140677799366,0.0023555555555555556
MuJoCo,10000,down_12x38,forward_0.30,7205,success,,True,True,,,0.6939149685351483,7.897579631009343,0.0036
MuJoCo,10000,down_12x38,forward_0.30,7206,success,,True,True,,,0.6943878416894697,7.91459183473658,0.0034666666666666665
MuJoCo,10000,down_12x38,forward_0.30,7207,success,,True,True,,,0.6939803658215462,7.791454836552334,0.0052
MuJoCo,10000,down_12x38,forward_0.30,7208,success,,True,True,,,0.6938356554271722,7.821435304074567,0.0021333333333333334
MuJoCo,10000,down_12x38,forward_0.30,7209,success,,True,True,,,0.6937499458300525,7.762816026320201,0.0037333333333333333
MuJoCo,10000,down_12x38,forward_0.30,7210,success,,True,True,,,0.6943649529893894,7.764397937455002,0.0038666666666666667
MuJoCo,10000,down_12x38,forward_0.30,7211,success,,True,True,,,0.6945101877540193,7.864157999467593,0.004622222222222222
MuJoCo,10000,down_12x38,forward_0.30,7212,success,,True,True,,,0.6941253597138781,8.050055841972437,0.002088888888888889
MuJoCo,10000,down_12x38,forward_0.30,7213,success,,True,True,,,0.6936506432515062,7.8674989387552765,0.003022222222222222
MuJoCo,10000,down_12x38,forward_0.30,7214,success,,True,True,,,0.6944228602020276,7.965025256845607,0.0011555555555555555
MuJoCo,10000,down_12x38,forward_0.30,7215,success,,True,True,,,0.6938969802765758,7.946726657991912,0.001511111111111111
MuJoCo,10000,down_12x38,forward_0.30,7216,success,,True,True,,,0.6943652876202948,7.946723660686277,0.0024444444444444444
MuJoCo,10000,down_12x38,forward_0.70,7201,success,,True,True,,,0.7061792408352455,12.59239640799916,0.020666666666666667
MuJoCo,10000,down_12x38,forward_0.70,7202,success,,True,True,,,0.7061553613438097,12.64744800702026,0.020666666666666667
MuJoCo,10000,down_12x38,forward_0.70,7203,success,,True,True,,,0.7060619850880383,12.697819503614555,0.019688888888888888
MuJoCo,10000,down_12x38,forward_0.70,7204,success,,True,True,,,0.7058494159832666,12.657181236874893,0.019955555555555556
MuJoCo,10000,down_12x38,forward_0.70,7205,success,,True,True,,,0.7045742646890224,12.780185671744235,0.01831111111111111
MuJoCo,10000,down_12x38,forward_0.70,7206,success,,True,True,,,0.7033606705440665,12.684114054784848,0.0184
MuJoCo,10000,down_12x38,forward_0.70,7207,success,,True,True,,,0.7059666427694083,12.500772812334041,0.020755555555555555
MuJoCo,10000,down_12x38,forward_0.70,7208,success,,True,True,,,0.7062337708008508,12.799597974956802,0.018711111111111112
MuJoCo,10000,down_12x38,forward_0.70,7209,success,,True,True,,,0.7060769456438892,12.670413976252666,0.019955555555555556
MuJoCo,10000,down_12x38,forward_0.70,7210,success,,True,True,,,0.7061305823326692,12.7228534797938,0.020888888888888887
MuJoCo,10000,down_12x38,forward_0.70,7211,success,,True,True,,,0.7057273361820506,12.726202985077913,0.0192
MuJoCo,10000,down_12x38,forward_0.70,7212,success,,True,True,,,0.7059064562311229,12.799109026912824,0.02008888888888889
MuJoCo,10000,down_12x38,forward_0.70,7213,success,,True,True,,,0.7059012026401975,12.81542252171151,0.0196
MuJoCo,10000,down_12x38,forward_0.70,7214,success,,True,True,,,0.6970779276814707,12.64272630125238,0.018133333333333335
MuJoCo,10000,down_12x38,forward_0.70,7215,success,,True,True,,,0.7059625974842471,12.63096918287891,0.0192
MuJoCo,10000,down_12x38,forward_0.70,7216,success,,True,True,,,0.7061038657660051,12.952410499371846,0.017866666666666666
MuJoCo,10000,down_12x38,interrupted,7201,standstill_failure,standstill_failure,True,True,,,0.6299702624595096,16.3039487327493,0.034
MuJoCo,10000,down_12x38,interrupted,7202,standstill_failure,standstill_failure,True,True,,,0.6307958087278287,16.486806945658536,0.03332258064516129
MuJoCo,10000,down_12x38,interrupted,7203,standstill_failure,standstill_failure,True,True,,,0.6222468285886469,17.101367579764272,0.03364516129032258
MuJoCo,10000,down_12x38,interrupted,7204,standstill_failure,standstill_failure,True,True,,,0.6234477016912574,16.56078929928094,0.033451612903225805
MuJoCo,10000,down_12x38,interrupted,7205,standstill_failure,standstill_failure,True,True,,,0.6094126932973658,17.750945583511488,0.034483870967741935
MuJoCo,10000,down_12x38,interrupted,7206,standstill_failure,standstill_failure,True,True,,,0.6071488842349237,17.813418478595338,0.035193548387096776
MuJoCo,10000,down_12x38,interrupted,7207,standstill_failure,standstill_failure,True,True,,,0.6460517273017017,15.190442690565009,0.03206451612903226
MuJoCo,10000,down_12x38,interrupted,7208,standstill_failure,standstill_failure,True,True,,,0.6298050750381508,16.189466605926015,0.03406451612903226
MuJoCo,10000,down_12x38,interrupted,7209,standstill_failure,standstill_failure,True,True,,,0.6284344611039665,16.242194188530572,0.03283870967741936
MuJoCo,10000,down_12x38,interrupted,7210,standstill_failure,standstill_failure,True,True,,,0.6304779874553432,16.154526963315835,0.03283870967741936
MuJoCo,10000,down_12x38,interrupted,7211,standstill_failure,standstill_failure,True,True,,,0.6448002588112542,15.177388064586113,0.033419354838709676
MuJoCo,10000,down_12x38,interrupted,7212,standstill_failure,standstill_failure,True,True,,,0.6261118914737842,17.82434496226888,0.03325806451612903
MuJoCo,10000,down_12x38,interrupted,7213,standstill_failure,standstill_failure,True,True,,,0.615992336839347,17.092169394110055,0.030129032258064518
MuJoCo,10000,down_12x38,interrupted,7214,standstill_failure,standstill_failure,True,True,,,0.6020413932519582,16.780850364631057,0.028161290322580645
MuJoCo,10000,down_12x38,interrupted,7215,standstill_failure,standstill_failure,True,True,,,0.6222037997001291,16.80807966599258,0.035548387096774194
MuJoCo,10000,down_12x38,interrupted,7216,standstill_failure,standstill_failure,True,True,,,0.6140727117709146,16.88230305967443,0.034451612903225806
MuJoCo,15000,down_12x38,forward_0.30,7201,success,,True,True,,,0.6512243511773634,7.125547108648851,0.0
MuJoCo,15000,down_12x38,forward_0.30,7202,success,,True,True,,,0.6513963591913309,7.117096709656889,0.0
MuJoCo,15000,down_12x38,forward_0.30,7203,success,,True,True,,,0.6510873658144616,7.119106931657519,0.0
MuJoCo,15000,down_12x38,forward_0.30,7204,success,,True,True,,,0.6510724661353106,7.210503602339524,0.0
MuJoCo,15000,down_12x38,forward_0.30,7205,success,,True,True,,,0.6514202033306549,7.083723574883409,0.0
MuJoCo,15000,down_12x38,forward_0.30,7206,success,,True,True,,,0.650741595697127,7.163844882317975,0.0
MuJoCo,15000,down_12x38,forward_0.30,7207,success,,True,True,,,0.6516676818575127,7.154271615604297,0.0
MuJoCo,15000,down_12x38,forward_0.30,7208,success,,True,True,,,0.6513861126481155,7.156127816944994,0.0
MuJoCo,15000,down_12x38,forward_0.30,7209,success,,True,True,,,0.6511515577190847,7.133432606993848,0.0
MuJoCo,15000,down_12x38,forward_0.30,7210,success,,True,True,,,0.651146044071331,7.1952287708315685,0.0
MuJoCo,15000,down_12x38,forward_0.30,7211,success,,True,True,,,0.6515307578126412,7.127711578556564,0.0
MuJoCo,15000,down_12x38,forward_0.30,7212,success,,True,True,,,0.6510933794436116,7.059998698083023,0.0
MuJoCo,15000,down_12x38,forward_0.30,7213,success,,True,True,,,0.6511433877691559,7.050290495186987,0.0
MuJoCo,15000,down_12x38,forward_0.30,7214,success,,True,True,,,0.6508069127955809,7.289478364028454,0.0
MuJoCo,15000,down_12x38,forward_0.30,7215,success,,True,True,,,0.6512860695013429,7.198225581364241,0.0
MuJoCo,15000,down_12x38,forward_0.30,7216,success,,True,True,,,0.6511395559205937,7.108957450184094,0.0
MuJoCo,15000,down_12x38,forward_0.70,7201,success,,True,True,,,0.6819790221598249,11.765895157467801,0.0056
MuJoCo,15000,down_12x38,forward_0.70,7202,success,,True,True,,,0.6818315880422617,11.98399459860329,0.005422222222222222
MuJoCo,15000,down_12x38,forward_0.70,7203,success,,True,True,,,0.681884161305435,11.798222194413338,0.005866666666666667
MuJoCo,15000,down_12x38,forward_0.70,7204,success,,True,True,,,0.6819307893022506,11.683044288751335,0.005333333333333333
MuJoCo,15000,down_12x38,forward_0.70,7205,success,,True,True,,,0.6819820612971539,11.775101828004553,0.0056
MuJoCo,15000,down_12x38,forward_0.70,7206,success,,True,True,,,0.6820962686407626,11.561034775712503,0.004977777777777778
MuJoCo,15000,down_12x38,forward_0.70,7207,success,,True,True,,,0.6829245739070702,11.820148342051606,0.0058222222222222226
MuJoCo,15000,down_12x38,forward_0.70,7208,success,,True,True,,,0.6820136284530944,11.941115673699413,0.006
MuJoCo,15000,down_12x38,forward_0.70,7209,success,,True,True,,,0.6823201787911946,11.91739956651063,0.0058222222222222226
MuJoCo,15000,down_12x38,forward_0.70,7210,success,,True,True,,,0.6819136338368922,12.045282313632528,0.005155555555555556
MuJoCo,15000,down_12x38,forward_0.70,7211,success,,True,True,,,0.6820862910659883,11.895655010476823,0.005555555555555556
MuJoCo,15000,down_12x38,forward_0.70,7212,success,,True,True,,,0.6818646660190034,11.961169699178207,0.005288888888888889
MuJoCo,15000,down_12x38,forward_0.70,7213,success,,True,True,,,0.6819463144574578,11.716586869684848,0.005155555555555556
MuJoCo,15000,down_12x38,forward_0.70,7214,success,,True,True,,,0.6820197235372448,11.428155974780372,0.004977777777777778
MuJoCo,15000,down_12x38,forward_0.70,7215,success,,True,True,,,0.6820128308533544,11.759417121621937,0.005066666666666666
MuJoCo,15000,down_12x38,forward_0.70,7216,success,,True,True,,,0.6819758673945446,11.82761263360638,0.005333333333333333
MuJoCo,15000,down_12x38,interrupted,7201,standstill_failure,standstill_failure,True,True,,,0.6664715011222578,16.94022727636036,0.021903225806451612
MuJoCo,15000,down_12x38,interrupted,7202,standstill_failure,standstill_failure,True,True,,,0.6664968290993707,16.512052930502076,0.02193548387096774
MuJoCo,15000,down_12x38,interrupted,7203,standstill_failure,standstill_failure,True,True,,,0.6665904840340208,16.154719898757957,0.021612903225806453
MuJoCo,15000,down_12x38,interrupted,7204,standstill_failure,standstill_failure,True,True,,,0.6665419257355343,16.537302896952774,0.02193548387096774
MuJoCo,15000,down_12x38,interrupted,7205,standstill_failure,standstill_failure,True,True,,,0.666620520322933,16.231972152820095,0.021612903225806453
MuJoCo,15000,down_12x38,interrupted,7206,standstill_failure,standstill_failure,True,True,,,0.6665554648082795,16.19447890265664,0.021612903225806453
MuJoCo,15000,down_12x38,interrupted,7207,standstill_failure,standstill_failure,True,True,,,0.6665458309312216,16.34388779578953,0.02132258064516129
MuJoCo,15000,down_12x38,interrupted,7208,standstill_failure,standstill_failure,True,True,,,0.6665174297439822,16.55986098464514,0.02129032258064516
MuJoCo,15000,down_12x38,interrupted,7209,standstill_failure,standstill_failure,True,True,,,0.6466952687022691,9.763121599888615,0.0011290322580645162
MuJoCo,15000,down_12x38,interrupted,7210,standstill_failure,standstill_failure,True,True,,,0.6664797902494155,16.71423214085465,0.021838709677419355
MuJoCo,15000,down_12x38,interrupted,7211,standstill_failure,standstill_failure,True,True,,,0.6665909904795773,16.29036405127684,0.02129032258064516
MuJoCo,15000,down_12x38,interrupted,7212,standstill_failure,standstill_failure,True,True,,,0.666513422993579,16.725336058008708,0.02258064516129032
MuJoCo,15000,down_12x38,interrupted,7213,standstill_failure,standstill_failure,True,True,,,0.6665161717339643,17.07214127267655,0.022129032258064518
MuJoCo,15000,down_12x38,interrupted,7214,standstill_failure,standstill_failure,True,True,,,0.6665889375601026,16.19669509230971,0.02129032258064516
MuJoCo,15000,down_12x38,interrupted,7215,standstill_failure,standstill_failure,True,True,,,0.666452312893216,16.483312698001434,0.02129032258064516
MuJoCo,15000,down_12x38,interrupted,7216,standstill_failure,standstill_failure,True,True,,,0.6665941306117599,16.346530984985883,0.02129032258064516
MuJoCo,19999,down_12x38,forward_0.30,7201,success,,True,True,,,0.6965340520020638,6.271541651577217,0.0
MuJoCo,19999,down_12x38,forward_0.30,7202,success,,True,True,,,0.6956075555740104,6.188192005909988,0.0
MuJoCo,19999,down_12x38,forward_0.30,7203,success,,True,True,,,0.6957043475287121,6.28623745000601,0.0
MuJoCo,19999,down_12x38,forward_0.30,7204,success,,True,True,,,0.6956924086628531,6.2200245640911485,0.0
MuJoCo,19999,down_12x38,forward_0.30,7205,success,,True,True,,,0.6989952914605252,6.148679058524536,0.0
MuJoCo,19999,down_12x38,forward_0.30,7206,success,,True,True,,,0.6981751086718935,6.243858136141962,0.0
MuJoCo,19999,down_12x38,forward_0.30,7207,success,,True,True,,,0.6990813625845382,6.197451057506185,0.0
MuJoCo,19999,down_12x38,forward_0.30,7208,success,,True,True,,,0.6963553441065985,6.317844161930705,0.0
MuJoCo,19999,down_12x38,forward_0.30,7209,success,,True,True,,,0.6966466427572588,6.274100794170988,0.0
MuJoCo,19999,down_12x38,forward_0.30,7210,success,,True,True,,,0.6962781259086096,6.271369176749707,0.0
MuJoCo,19999,down_12x38,forward_0.30,7211,success,,True,True,,,0.6964878674922832,6.225183181204127,0.0
MuJoCo,19999,down_12x38,forward_0.30,7212,success,,True,True,,,0.6968483908390187,6.310745789551563,0.0
MuJoCo,19999,down_12x38,forward_0.30,7213,success,,True,True,,,0.6970364742802997,6.359167425939687,0.0
MuJoCo,19999,down_12x38,forward_0.30,7214,success,,True,True,,,0.6989038023018244,6.222612317642386,0.0
MuJoCo,19999,down_12x38,forward_0.30,7215,success,,True,True,,,0.6964758769899287,6.213750916822535,0.0
MuJoCo,19999,down_12x38,forward_0.30,7216,success,,True,True,,,0.6977750201177866,6.088965887101516,0.0
MuJoCo,19999,down_12x38,forward_0.70,7201,success,,True,True,,,0.6813428516629778,11.497417936065062,0.0054666666666666665
MuJoCo,19999,down_12x38,forward_0.70,7202,success,,True,True,,,0.6816755195631243,11.56059024755159,0.004933333333333333
MuJoCo,19999,down_12x38,forward_0.70,7203,success,,True,True,,,0.6568838733969933,10.938366901913136,0.005244444444444445
MuJoCo,19999,down_12x38,forward_0.70,7204,success,,True,True,,,0.6634554025592991,11.329810574119772,0.004844444444444445
MuJoCo,19999,down_12x38,forward_0.70,7205,success,,True,True,,,0.6357664183974177,10.77189870686985,0.0061333333333333335
MuJoCo,19999,down_12x38,forward_0.70,7206,success,,True,True,,,0.643135439663197,10.808991130635828,0.005288888888888889
MuJoCo,19999,down_12x38,forward_0.70,7207,success,,True,True,,,0.683553316686074,11.644870791945097,0.006666666666666667
MuJoCo,19999,down_12x38,forward_0.70,7208,success,,True,True,,,0.6619641676805363,11.259481984138473,0.005066666666666666
MuJoCo,19999,down_12x38,forward_0.70,7209,success,,True,True,,,0.683616865594532,11.457324378193501,0.006577777777777778
MuJoCo,19999,down_12x38,forward_0.70,7210,success,,True,True,,,0.6837749091837059,11.56813337435539,0.006355555555555555
MuJoCo,19999,down_12x38,forward_0.70,7211,success,,True,True,,,0.6838185313034575,11.491154469003424,0.005511111111111111
MuJoCo,19999,down_12x38,forward_0.70,7212,success,,True,True,,,0.6640448764961289,11.079743787886763,0.006311111111111111
MuJoCo,19999,down_12x38,forward_0.70,7213,success,,True,True,,,0.647197663674907,10.775280252354959,0.0058222222222222226
MuJoCo,19999,down_12x38,forward_0.70,7214,success,,True,True,,,0.6375581702545874,10.906492543934373,0.005644444444444444
MuJoCo,19999,down_12x38,forward_0.70,7215,success,,True,True,,,0.6548424656511398,10.984368224036068,0.004755555555555555
MuJoCo,19999,down_12x38,forward_0.70,7216,success,,True,True,,,0.6493772221944036,10.780301727009823,0.0057777777777777775
MuJoCo,19999,down_12x38,interrupted,7201,standstill_failure,standstill_failure,True,True,,,0.5875969659664468,16.628954957799028,0.05361290322580645
MuJoCo,19999,down_12x38,interrupted,7202,standstill_failure,standstill_failure,True,True,,,0.5707224565232096,14.537080165303527,0.05193548387096774
MuJoCo,19999,down_12x38,interrupted,7203,standstill_failure,standstill_failure,True,True,,,0.6942076928502297,15.915497759757576,0.044290322580645164
MuJoCo,19999,down_12x38,interrupted,7204,standstill_failure,standstill_failure,True,True,,,0.5891755592413825,12.356819417150623,0.05245161290322581
MuJoCo,19999,down_12x38,interrupted,7205,standstill_failure,standstill_failure,True,True,,,0.6794831795222882,16.073792165593904,0.04254838709677419
MuJoCo,19999,down_12x38,interrupted,7206,standstill_failure,standstill_failure,True,True,,,0.6928162264411333,15.95523752003551,0.04290322580645161
MuJoCo,19999,down_12x38,interrupted,7207,standstill_failure,standstill_failure,True,True,,,0.5861859746874729,15.938180990917077,0.05609677419354839
MuJoCo,19999,down_12x38,interrupted,7208,standstill_failure,standstill_failure,True,True,,,0.6221870195794663,13.013391641650966,0.046419354838709674
MuJoCo,19999,down_12x38,interrupted,7209,standstill_failure,standstill_failure,True,True,,,0.5784102122768988,14.985919717547711,0.052258064516129035
MuJoCo,19999,down_12x38,interrupted,7210,standstill_failure,standstill_failure,True,True,,,0.5789583503492053,14.842987377633195,0.053838709677419355
MuJoCo,19999,down_12x38,interrupted,7211,standstill_failure,standstill_failure,True,True,,,0.5989977575593124,11.53842453143048,0.05064516129032258
MuJoCo,19999,down_12x38,interrupted,7212,standstill_failure,standstill_failure,True,True,,,0.5631429044876837,13.470240684231692,0.05161290322580645
MuJoCo,19999,down_12x38,interrupted,7213,standstill_failure,standstill_failure,True,True,,,0.6955840869924184,16.056673542808547,0.04809677419354839
MuJoCo,19999,down_12x38,interrupted,7214,standstill_failure,standstill_failure,True,True,,,0.6949333341173727,16.276132880703226,0.04316129032258065
MuJoCo,19999,down_12x38,interrupted,7215,standstill_failure,standstill_failure,True,True,,,0.6406553411529095,13.222626638628366,0.04516129032258064
MuJoCo,19999,down_12x38,interrupted,7216,standstill_failure,standstill_failure,True,True,,,0.6879002158201328,16.116541739047914,0.04290322580645161
MuJoCo,10000,up_14x32,forward_0.30,7201,success,,True,True,,,0.49993808081322344,19.312346000431805,0.07533333333333334
MuJoCo,10000,up_14x32,forward_0.30,7202,success,,True,True,,,0.494602321599565,19.417475130680902,0.0787111111111111
MuJoCo,10000,up_14x32,forward_0.30,7203,success,,True,True,,,0.47639764629509246,19.381889303555724,0.07964444444444445
MuJoCo,10000,up_14x32,forward_0.30,7204,success,,True,True,,,0.4304301416964212,18.094339023331795,0.0708
MuJoCo,10000,up_14x32,forward_0.30,7205,success,,True,True,,,0.4739886347837167,19.36928281527527,0.08124444444444444
MuJoCo,10000,up_14x32,forward_0.30,7206,command_transition_failure,command_transition_failure,True,True,,,0.26512519780907423,19.484939431803074,0.07364444444444444
MuJoCo,10000,up_14x32,forward_0.30,7207,success,,True,True,,,0.4245545065947111,18.210511194877572,0.06711111111111111
MuJoCo,10000,up_14x32,forward_0.30,7208,success,,True,True,,,0.42931418997673315,18.19279220250871,0.07355555555555555
MuJoCo,10000,up_14x32,forward_0.30,7209,success,,True,True,,,0.4322411856145933,18.39511436301657,0.07364444444444444
MuJoCo,10000,up_14x32,forward_0.30,7210,success,,True,True,,,0.43513026558232465,18.358962053074404,0.07128888888888889
MuJoCo,10000,up_14x32,forward_0.30,7211,success,,True,True,,,0.4284068482314662,18.352539228326446,0.07106666666666667
MuJoCo,10000,up_14x32,forward_0.30,7212,success,,True,True,,,0.42830662104674105,18.09443266644429,0.0699111111111111
MuJoCo,10000,up_14x32,forward_0.30,7213,success,,True,True,,,0.4756039889441644,19.273110084276095,0.07968888888888889
MuJoCo,10000,up_14x32,forward_0.30,7214,success,,True,True,,,0.5204548904855391,19.258776301034086,0.07902222222222222
MuJoCo,10000,up_14x32,forward_0.30,7215,success,,True,True,,,0.43411443559695456,18.256845775743866,0.07564444444444444
MuJoCo,10000,up_14x32,forward_0.30,7216,success,,True,True,,,0.43727346515198534,18.878763489589005,0.07968888888888889
MuJoCo,10000,up_14x32,forward_0.70,7201,command_transition_failure,command_transition_failure,True,True,,,0.10214399108263233,19.78267722524834,0.05808888888888889
MuJoCo,10000,up_14x32,forward_0.70,7202,command_transition_failure,command_transition_failure,True,True,,,0.10072569239445933,19.379711083626532,0.05431111111111111
MuJoCo,10000,up_14x32,forward_0.70,7203,unsafe,command_transition_failure|terrain_stall|tracking_failure|unsafe,False,False,hard_joint_position,6.338,-0.0012709507670292108,19.505068041117386,0.2915746292205743
MuJoCo,10000,up_14x32,forward_0.70,7204,command_transition_failure,command_transition_failure,True,True,,,0.06775937056841475,19.41917987003907,0.05337777777777778
MuJoCo,10000,up_14x32,forward_0.70,7205,command_transition_failure,command_transition_failure,True,True,,,0.18710713714133664,19.529168980608425,0.05675555555555555
MuJoCo,10000,up_14x32,forward_0.70,7206,command_transition_failure,command_transition_failure,True,True,,,0.2034560706781708,19.65547971025573,0.04937777777777778
MuJoCo,10000,up_14x32,forward_0.70,7207,unsafe,command_transition_failure|terrain_stall|tracking_failure|unsafe,False,False,base_hip_contact,5.763999999999999,0.05838113442808157,19.250004319785994,0.23941707147814018
MuJoCo,10000,up_14x32,forward_0.70,7208,command_transition_failure,command_transition_failure,True,True,,,0.06864325643052266,19.41480547192693,0.052222222222222225
MuJoCo,10000,up_14x32,forward_0.70,7209,command_transition_failure,command_transition_failure,True,True,,,0.10034171834541589,23.232268509679855,0.06595555555555556
MuJoCo,10000,up_14x32,forward_0.70,7210,command_transition_failure,command_transition_failure,True,True,,,0.06591641946384807,19.625955950459655,0.051866666666666665
MuJoCo,10000,up_14x32,forward_0.70,7211,command_transition_failure,command_transition_failure,True,True,,,0.05194222216634348,19.525339316778076,0.05048888888888889
MuJoCo,10000,up_14x32,forward_0.70,7212,command_transition_failure,command_transition_failure,True,True,,,0.11757947505468763,20.9468484231522,0.05337777777777778
MuJoCo,10000,up_14x32,forward_0.70,7213,command_transition_failure,command_transition_failure,True,True,,,0.17923598454792894,19.467808450678717,0.06004444444444444
MuJoCo,10000,up_14x32,forward_0.70,7214,unsafe,command_transition_failure|terrain_stall|tracking_failure|unsafe,False,False,base_hip_contact,6.146000000000001,0.06533266315926411,19.483451716701307,0.29580214773836644
MuJoCo,10000,up_14x32,forward_0.70,7215,command_transition_failure,command_transition_failure,True,True,,,0.12627775948547387,20.559105217560166,0.05653333333333333
MuJoCo,10000,up_14x32,forward_0.70,7216,command_transition_failure,command_transition_failure,True,True,,,0.1721715229715451,19.611304431422006,0.04591111111111111
MuJoCo,10000,up_14x32,interrupted,7201,command_transition_failure,command_transition_failure,True,True,,,0.34014371595713017,18.790722583131256,0.059258064516129035
MuJoCo,10000,up_14x32,interrupted,7202,command_transition_failure,command_transition_failure,True,True,,,0.1973745596607666,19.019011233751094,0.0665483870967742
MuJoCo,10000,up_14x32,interrupted,7203,command_transition_failure,command_transition_failure,True,True,,,0.22336978468043617,18.503430290343832,0.058193548387096776
MuJoCo,10000,up_14x32,interrupted,7204,command_transition_failure,command_transition_failure,True,True,,,0.2673643440206877,18.601649488797992,0.054419354838709674
MuJoCo,10000,up_14x32,interrupted,7205,command_transition_failure,command_transition_failure,True,True,,,0.19018930952232443,19.013406931534135,0.058225806451612905
MuJoCo,10000,up_14x32,interrupted,7206,command_transition_failure,command_transition_failure,True,True,,,0.1982031051214333,18.93468362389954,0.05551612903225806
MuJoCo,10000,up_14x32,interrupted,7207,success,,True,True,,,0.23321836074404761,19.45763881542168,0.07070967741935484
MuJoCo,10000,up_14x32,interrupted,7208,command_transition_failure,command_transition_failure,True,True,,,0.17901592538447592,18.995450482178622,0.055419354838709675
MuJoCo,10000,up_14x32,interrupted,7209,command_transition_failure,command_transition_failure,True,True,,,0.2423867130341169,18.974486418215797,0.056419354838709676
MuJoCo,10000,up_14x32,interrupted,7210,command_transition_failure,command_transition_failure,True,True,,,0.36013332853133856,19.25818322028148,0.0644516129032258
MuJoCo,10000,up_14x32,interrupted,7211,success,,True,True,,,0.25742825289095367,18.635022612623608,0.05464516129032258
MuJoCo,10000,up_14x32,interrupted,7212,command_transition_failure,command_transition_failure,True,True,,,0.20246783648202676,19.55753861629249,0.07906451612903226
MuJoCo,10000,up_14x32,interrupted,7213,command_transition_failure,command_transition_failure,True,True,,,0.298287945132984,18.84448495630015,0.05558064516129032
MuJoCo,10000,up_14x32,interrupted,7214,success,,True,True,,,0.21441465373175123,20.56737301359589,0.057193548387096775
MuJoCo,10000,up_14x32,interrupted,7215,success,,True,True,,,0.32923279841860315,19.13952619948112,0.05761290322580645
MuJoCo,10000,up_14x32,interrupted,7216,command_transition_failure,command_transition_failure,True,True,,,0.19579524146529798,18.924757974974636,0.0542258064516129
MuJoCo,15000,up_14x32,forward_0.30,7201,command_transition_failure,command_transition_failure,True,True,,,0.4266234206763668,19.84991920472636,0.08542222222222222
MuJoCo,15000,up_14x32,forward_0.30,7202,command_transition_failure,command_transition_failure,True,True,,,0.36570781974997413,19.320844376221498,0.07884444444444444
MuJoCo,15000,up_14x32,forward_0.30,7203,command_transition_failure,command_transition_failure,True,True,,,0.43202047449652126,19.822122150057382,0.08106666666666666
MuJoCo,15000,up_14x32,forward_0.30,7204,command_transition_failure,command_transition_failure,True,True,,,0.41220861741322024,19.856715201321315,0.08177777777777778
MuJoCo,15000,up_14x32,forward_0.30,7205,command_transition_failure,command_transition_failure,True,True,,,0.4364134203362302,19.25186871385189,0.07822222222222222
MuJoCo,15000,up_14x32,forward_0.30,7206,command_transition_failure,command_transition_failure,True,True,,,0.4089271807962418,19.227532994073748,0.076
MuJoCo,15000,up_14x32,forward_0.30,7207,command_transition_failure,command_transition_failure,True,True,,,0.41872067687907144,19.847179637375696,0.07644444444444444
MuJoCo,15000,up_14x32,forward_0.30,7208,command_transition_failure,command_transition_failure,True,True,,,0.37106796643534956,19.285131175809962,0.07813333333333333
MuJoCo,15000,up_14x32,forward_0.30,7209,command_transition_failure,command_transition_failure,True,True,,,0.40828116068837605,19.252098966260608,0.07777777777777778
MuJoCo,15000,up_14x32,forward_0.30,7210,command_transition_failure,command_transition_failure,True,True,,,0.395358544577598,19.397825780789823,0.0776
MuJoCo,15000,up_14x32,forward_0.30,7211,command_transition_failure,command_transition_failure,True,True,,,0.46288250787149776,19.887132484274524,0.08297777777777778
MuJoCo,15000,up_14x32,forward_0.30,7212,command_transition_failure,command_transition_failure,True,True,,,0.4578467475063488,19.82453747162678,0.08133333333333333
MuJoCo,15000,up_14x32,forward_0.30,7213,command_transition_failure,command_transition_failure,True,True,,,0.4482458096660653,19.27580431819758,0.0791111111111111
MuJoCo,15000,up_14x32,forward_0.30,7214,command_transition_failure,command_transition_failure,True,True,,,0.3073163629695186,19.692233664725478,0.08133333333333333
MuJoCo,15000,up_14x32,forward_0.30,7215,command_transition_failure,command_transition_failure,True,True,,,0.4468997016893046,19.883746046148058,0.0844
MuJoCo,15000,up_14x32,forward_0.30,7216,command_transition_failure,command_transition_failure,True,True,,,0.2826402278394853,19.815379266122395,0.08266666666666667
MuJoCo,15000,up_14x32,forward_0.70,7201,unsafe,terrain_stall|tracking_failure|unsafe,False,False,hard_joint_position,4.798,-0.0072235620151047675,18.490509449915457,0.17882451021258858
MuJoCo,15000,up_14x32,forward_0.70,7202,command_transition_failure,command_transition_failure,True,True,,,0.1169203438493871,22.703164977835222,0.06404444444444445
MuJoCo,15000,up_14x32,forward_0.70,7203,command_transition_failure,command_transition_failure,True,True,,,0.1780438750400779,19.421606472179896,0.058222222222222224
MuJoCo,15000,up_14x32,forward_0.70,7204,command_transition_failure,command_transition_failure,True,True,,,0.17737167032971302,20.222230349853106,0.05982222222222222
MuJoCo,15000,up_14x32,forward_0.70,7205,command_transition_failure,command_transition_failure,True,True,,,0.1664448790744184,20.071237184484286,0.06137777777777778
MuJoCo,15000,up_14x32,forward_0.70,7206,command_transition_failure,command_transition_failure,True,True,,,0.18476507358012428,20.669201274041132,0.06191111111111111
MuJoCo,15000,up_14x32,forward_0.70,7207,command_transition_failure,command_transition_failure,True,True,,,0.12457647972964025,19.316996421119335,0.06391111111111111
MuJoCo,15000,up_14x32,forward_0.70,7208,command_transition_failure,command_transition_failure,True,True,,,0.18136110755569845,19.14827650845711,0.06035555555555556
MuJoCo,15000,up_14x32,forward_0.70,7209,command_transition_failure,command_transition_failure,True,True,,,0.17543301313142257,20.97567507404157,0.05137777777777778
MuJoCo,15000,up_14x32,forward_0.70,7210,command_transition_failure,command_transition_failure,True,True,,,0.12870697323080682,19.669680942447226,0.06577777777777778
MuJoCo,15000,up_14x32,forward_0.70,7211,unsafe,command_transition_failure|terrain_stall|tracking_failure|unsafe,False,False,base_hip_contact,5.274,0.14195185947175837,19.58235545284039,0.24080394387561624
MuJoCo,15000,up_14x32,forward_0.70,7212,command_transition_failure,command_transition_failure,True,True,,,0.1868179249380395,19.743627366846017,0.060177777777777774
MuJoCo,15000,up_14x32,forward_0.70,7213,command_transition_failure,command_transition_failure,True,True,,,0.18197033399195783,19.818623891163902,0.0656888888888889
MuJoCo,15000,up_14x32,forward_0.70,7214,command_transition_failure,command_transition_failure,True,True,,,0.1516918454797591,20.377297006728238,0.06484444444444444
MuJoCo,15000,up_14x32,forward_0.70,7215,command_transition_failure,command_transition_failure,True,True,,,0.17567442822245338,19.66949910555815,0.05946666666666667
MuJoCo,15000,up_14x32,forward_0.70,7216,command_transition_failure,command_transition_failure,True,True,,,0.13121801011455192,19.764889117137823,0.0716
MuJoCo,15000,up_14x32,interrupted,7201,command_transition_failure,command_transition_failure,True,True,,,0.17019572043262737,20.453731645232295,0.07761290322580645
MuJoCo,15000,up_14x32,interrupted,7202,tracking_failure,command_transition_failure|standstill_failure|tracking_failure,True,True,,,0.2780853401497554,19.35730854332655,0.08116129032258064
MuJoCo,15000,up_14x32,interrupted,7203,tracking_failure,command_transition_failure|tracking_failure,True,True,,,0.27855865953408276,19.653542782453336,0.0672258064516129
MuJoCo,15000,up_14x32,interrupted,7204,tracking_failure,command_transition_failure|tracking_failure,True,True,,,0.05065570675255093,19.771384240609184,0.08770967741935484
MuJoCo,15000,up_14x32,interrupted,7205,tracking_failure,command_transition_failure|tracking_failure,True,True,,,0.08632644031801767,19.962202725104262,0.07664516129032257
MuJoCo,15000,up_14x32,interrupted,7206,tracking_failure,command_transition_failure|standstill_failure|tracking_failure,True,True,,,0.040379112819186436,19.81019444028246,0.09096774193548388
MuJoCo,15000,up_14x32,interrupted,7207,command_transition_failure,command_transition_failure,True,True,,,0.20814580479770228,20.013434497998883,0.07580645161290323
MuJoCo,15000,up_14x32,interrupted,7208,tracking_failure,command_transition_failure|tracking_failure,True,True,,,0.1438077055809881,19.51844338531328,0.07990322580645161
MuJoCo,15000,up_14x32,interrupted,7209,tracking_failure,command_transition_failure|tracking_failure,True,True,,,0.04988812910102164,19.869284169668354,0.0802258064516129
MuJoCo,15000,up_14x32,interrupted,7210,command_transition_failure,command_transition_failure,True,True,,,0.07421236007072712,19.679821054023858,0.08438709677419355
MuJoCo,15000,up_14x32,interrupted,7211,command_transition_failure,command_transition_failure,True,True,,,0.20271470751375364,19.69831875395634,0.08025806451612903
MuJoCo,15000,up_14x32,interrupted,7212,command_transition_failure,command_transition_failure,True,True,,,0.1795992554776742,19.58047733238337,0.08
MuJoCo,15000,up_14x32,interrupted,7213,tracking_failure,command_transition_failure|tracking_failure,True,True,,,0.12011838872794606,19.865475279331612,0.078
MuJoCo,15000,up_14x32,interrupted,7214,tracking_failure,command_transition_failure|tracking_failure,True,True,,,0.12990166577619794,19.847985595553805,0.08654838709677419
MuJoCo,15000,up_14x32,interrupted,7215,tracking_failure,command_transition_failure|standstill_failure|tracking_failure,True,True,,,0.0476147763871419,19.320255645538545,0.08593548387096774
MuJoCo,15000,up_14x32,interrupted,7216,tracking_failure,command_transition_failure|tracking_failure,True,True,,,0.06325139643256894,20.646406260695805,0.07967741935483871
MuJoCo,19999,up_14x32,forward_0.30,7201,command_transition_failure,command_transition_failure,True,True,,,0.4608164318509654,19.405058090626227,0.08328888888888888
MuJoCo,19999,up_14x32,forward_0.30,7202,success,,True,True,,,0.2639338208087945,19.624390828514706,0.0924
MuJoCo,19999,up_14x32,forward_0.30,7203,command_transition_failure,command_transition_failure,True,True,,,0.4376406343691664,19.648602320354346,0.08373333333333334
MuJoCo,19999,up_14x32,forward_0.30,7204,command_transition_failure,command_transition_failure,True,True,,,0.33629055664215146,18.8813458727566,0.07977777777777778
MuJoCo,19999,up_14x32,forward_0.30,7205,command_transition_failure,command_transition_failure,True,True,,,0.2504713608367432,19.294467263234857,0.07755555555555556
MuJoCo,19999,up_14x32,forward_0.30,7206,command_transition_failure,command_transition_failure,True,True,,,0.161469134896655,19.223031830112095,0.07995555555555556
MuJoCo,19999,up_14x32,forward_0.30,7207,success,,True,True,,,0.4907470691662792,18.859879610770594,0.08475555555555556
MuJoCo,19999,up_14x32,forward_0.30,7208,command_transition_failure,command_transition_failure,True,True,,,0.19442925333331212,19.105033239897995,0.0756
MuJoCo,19999,up_14x32,forward_0.30,7209,command_transition_failure,command_transition_failure,True,True,,,0.287389625423987,19.56072044748273,0.08582222222222222
MuJoCo,19999,up_14x32,forward_0.30,7210,success,,True,True,,,0.517463673824341,19.620331132872696,0.09048888888888888
MuJoCo,19999,up_14x32,forward_0.30,7211,command_transition_failure,command_transition_failure,True,True,,,0.44897364401338574,19.469236993163793,0.08186666666666667
MuJoCo,19999,up_14x32,forward_0.30,7212,command_transition_failure,command_transition_failure,True,True,,,0.23753383302444542,19.550176428771604,0.08053333333333333
MuJoCo,19999,up_14x32,forward_0.30,7213,command_transition_failure,command_transition_failure,True,True,,,0.17909020776671952,19.026653709960726,0.07777777777777778
MuJoCo,19999,up_14x32,forward_0.30,7214,command_transition_failure,command_transition_failure,True,True,,,0.20538461924640988,19.009278158304244,0.07951111111111112
MuJoCo,19999,up_14x32,forward_0.30,7215,command_transition_failure,command_transition_failure,True,True,,,0.17586536674873815,19.730667669348776,0.078
MuJoCo,19999,up_14x32,forward_0.30,7216,command_transition_failure,command_transition_failure,True,True,,,0.31257714549201143,19.601919774652323,0.0756
MuJoCo,19999,up_14x32,forward_0.70,7201,command_transition_failure,command_transition_failure,True,True,,,0.11607139764051233,19.650914714052252,0.08186666666666667
MuJoCo,19999,up_14x32,forward_0.70,7202,unsafe,command_transition_failure|terrain_stall|tracking_failure|unsafe,False,False,base_hip_contact,5.6819999999999995,0.11296986668965081,18.86898318842287,0.31890179514255546
MuJoCo,19999,up_14x32,forward_0.70,7203,command_transition_failure,command_transition_failure,True,True,,,0.1884646687066498,18.68422994160505,0.07004444444444445
MuJoCo,19999,up_14x32,forward_0.70,7204,unsafe,command_transition_failure|terrain_stall|tracking_failure|unsafe,False,False,base_hip_contact,5.666,0.03024925062411704,18.50878858516922,0.3134486410165902
MuJoCo,19999,up_14x32,forward_0.70,7205,command_transition_failure,command_transition_failure,True,True,,,0.16705397407104838,19.062891417743344,0.07137777777777778
MuJoCo,19999,up_14x32,forward_0.70,7206,unsafe,command_transition_failure|terrain_stall|tracking_failure|unsafe,False,False,base_hip_contact,5.756,0.10829805271100179,18.63188567819065,0.3182765809589993
MuJoCo,19999,up_14x32,forward_0.70,7207,command_transition_failure,command_transition_failure,True,True,,,0.2844244423347999,18.93204035840957,0.0695111111111111
MuJoCo,19999,up_14x32,forward_0.70,7208,command_transition_failure,command_transition_failure,True,True,,,0.1092483981284697,20.253659973724723,0.07257777777777778
MuJoCo,19999,up_14x32,forward_0.70,7209,command_transition_failure,command_transition_failure,True,True,,,0.20221788186625478,19.53923507078327,0.06742222222222222
MuJoCo,19999,up_14x32,forward_0.70,7210,command_transition_failure,command_transition_failure,True,True,,,0.22134869926735723,19.1509783024896,0.06777777777777778
MuJoCo,19999,up_14x32,forward_0.70,7211,command_transition_failure,command_transition_failure,True,True,,,0.020270523765734794,19.199557809647892,0.07048888888888889
MuJoCo,19999,up_14x32,forward_0.70,7212,command_transition_failure,command_transition_failure,True,True,,,0.180364942898125,19.289675804644514,0.06368888888888889
MuJoCo,19999,up_14x32,forward_0.70,7213,unsafe,command_transition_failure|terrain_stall|tracking_failure|unsafe,False,False,hard_joint_position,5.858,-0.020429689698935327,18.59576220164522,0.3431205189484466
MuJoCo,19999,up_14x32,forward_0.70,7214,command_transition_failure,command_transition_failure,True,True,,,0.31223787804508163,19.368835671601033,0.06488888888888888
MuJoCo,19999,up_14x32,forward_0.70,7215,command_transition_failure,command_transition_failure,True,True,,,0.17918139161371105,20.155521877691314,0.06786666666666667
MuJoCo,19999,up_14x32,forward_0.70,7216,unsafe,command_transition_failure|terrain_stall|tracking_failure|unsafe,False,False,base_hip_contact,5.666,0.10952808117406398,18.942534927406296,0.3102717966819626
MuJoCo,19999,up_14x32,interrupted,7201,tracking_failure,command_transition_failure|standstill_failure|tracking_failure,True,True,,,0.3310248134847093,18.491808192750497,0.10419354838709677
MuJoCo,19999,up_14x32,interrupted,7202,tracking_failure,command_transition_failure|standstill_failure|tracking_failure,True,True,,,0.2842143462444171,18.594082428114014,0.09138709677419354
MuJoCo,19999,up_14x32,interrupted,7203,tracking_failure,command_transition_failure|standstill_failure|tracking_failure,True,True,,,0.2859471116025955,19.359644100834693,0.1
MuJoCo,19999,up_14x32,interrupted,7204,tracking_failure,command_transition_failure|standstill_failure|tracking_failure,True,True,,,0.1593244401086485,19.479337373180535,0.07961290322580646
MuJoCo,19999,up_14x32,interrupted,7205,command_transition_failure,command_transition_failure|standstill_failure,True,True,,,0.2416199177182441,19.29211518991568,0.1023225806451613
MuJoCo,19999,up_14x32,interrupted,7206,standstill_failure,standstill_failure,True,True,,,0.1796310366109597,18.30762271253819,0.11406451612903226
MuJoCo,19999,up_14x32,interrupted,7207,tracking_failure,command_transition_failure|standstill_failure|tracking_failure,True,True,,,0.2985641344506161,18.30653192363802,0.08035483870967743
MuJoCo,19999,up_14x32,interrupted,7208,tracking_failure,command_transition_failure|standstill_failure|tracking_failure,True,True,,,0.27758493214801255,19.374296344554622,0.10493548387096774
MuJoCo,19999,up_14x32,interrupted,7209,tracking_failure,command_transition_failure|standstill_failure|tracking_failure,True,True,,,0.1723674916381137,18.366547786820426,0.09116129032258065
MuJoCo,19999,up_14x32,interrupted,7210,tracking_failure,command_transition_failure|tracking_failure,True,True,,,0.21877312589110387,18.891485457779634,0.07838709677419355
MuJoCo,19999,up_14x32,interrupted,7211,command_transition_failure,command_transition_failure,True,True,,,0.28746528085936135,19.38144016583121,0.07612903225806451
MuJoCo,19999,up_14x32,interrupted,7212,tracking_failure,command_transition_failure|standstill_failure|tracking_failure,True,True,,,0.1723014593889643,19.516353371220426,0.07783870967741935
MuJoCo,19999,up_14x32,interrupted,7213,tracking_failure,command_transition_failure|standstill_failure|tracking_failure,True,True,,,0.28080106514821607,19.364212927268635,0.12774193548387097
MuJoCo,19999,up_14x32,interrupted,7214,standstill_failure,standstill_failure,True,True,,,0.3400701604662681,18.451906730258195,0.08616129032258064
MuJoCo,19999,up_14x32,interrupted,7215,tracking_failure,command_transition_failure|standstill_failure|tracking_failure,True,True,,,0.4879651432563526,18.057207854004567,0.08558064516129033
MuJoCo,19999,up_14x32,interrupted,7216,standstill_failure,standstill_failure,True,True,,,0.22254569855362094,18.515929592730917,0.09129032258064516
MuJoCo,10000,down_14x32,forward_0.30,7201,success,,True,True,,,0.6707686904372425,8.081717754960609,0.0006666666666666666
MuJoCo,10000,down_14x32,forward_0.30,7202,success,,True,True,,,0.6641793778386575,7.950222698933192,0.0004888888888888889
MuJoCo,10000,down_14x32,forward_0.30,7203,success,,True,True,,,0.6646301617043824,8.02851387597603,0.0017333333333333333
MuJoCo,10000,down_14x32,forward_0.30,7204,success,,True,True,,,0.6689914720681451,8.03544164737637,0.0016
MuJoCo,10000,down_14x32,forward_0.30,7205,success,,True,True,,,0.6641655624640268,8.115057704224016,0.0024444444444444444
MuJoCo,10000,down_14x32,forward_0.30,7206,success,,True,True,,,0.6674463990444766,8.03205166650825,0.0028444444444444446
MuJoCo,10000,down_14x32,forward_0.30,7207,success,,True,True,,,0.6277695176321549,7.9586962004837005,0.00017777777777777779
MuJoCo,10000,down_14x32,forward_0.30,7208,success,,True,True,,,0.6636501206105727,7.957718624794026,0.0012444444444444445
MuJoCo,10000,down_14x32,forward_0.30,7209,success,,True,True,,,0.6468055630959584,8.071184993681626,0.0007111111111111111
MuJoCo,10000,down_14x32,forward_0.30,7210,success,,True,True,,,0.6615123355310737,7.975057069211852,0.0014222222222222223
MuJoCo,10000,down_14x32,forward_0.30,7211,success,,True,True,,,0.6513542386426963,8.128270974981065,0.00022222222222222223
MuJoCo,10000,down_14x32,forward_0.30,7212,success,,True,True,,,0.668763234868595,8.060815820825614,0.0016444444444444445
MuJoCo,10000,down_14x32,forward_0.30,7213,success,,True,True,,,0.6644372854005967,8.13687505584551,0.0024
MuJoCo,10000,down_14x32,forward_0.30,7214,success,,True,True,,,0.6619934539906602,8.152929311789608,0.0028888888888888888
MuJoCo,10000,down_14x32,forward_0.30,7215,success,,True,True,,,0.663909726421698,8.03552970916652,0.002266666666666667
MuJoCo,10000,down_14x32,forward_0.30,7216,success,,True,True,,,0.6599869703777734,8.156042358718574,0.002488888888888889
MuJoCo,10000,down_14x32,forward_0.70,7201,success,,True,True,,,0.645005967591127,15.242888920305624,0.027688888888888888
MuJoCo,10000,down_14x32,forward_0.70,7202,success,,True,True,,,0.6489497956174023,16.65888883985496,0.0284
MuJoCo,10000,down_14x32,forward_0.70,7203,success,,True,True,,,0.6622244739292352,13.804636594862922,0.027422222222222223
MuJoCo,10000,down_14x32,forward_0.70,7204,success,,True,True,,,0.6513537598655497,14.46956318081867,0.026933333333333333
MuJoCo,10000,down_14x32,forward_0.70,7205,success,,True,True,,,0.6803420733358267,13.685496715028833,0.025822222222222222
MuJoCo,10000,down_14x32,forward_0.70,7206,success,,True,True,,,0.6811917465469266,13.760419500501298,0.02551111111111111
MuJoCo,10000,down_14x32,forward_0.70,7207,success,,True,True,,,0.6516360922967104,16.380325604358628,0.028044444444444445
MuJoCo,10000,down_14x32,forward_0.70,7208,success,,True,True,,,0.6549830349788446,13.433238951466471,0.026266666666666667
MuJoCo,10000,down_14x32,forward_0.70,7209,success,,True,True,,,0.6526042394725858,16.773503438271618,0.028133333333333333
MuJoCo,10000,down_14x32,forward_0.70,7210,success,,True,True,,,0.6532154557074084,16.487548004206467,0.02871111111111111
MuJoCo,10000,down_14x32,forward_0.70,7211,success,,True,True,,,0.6462226438823894,16.329616495849493,0.027333333333333334
MuJoCo,10000,down_14x32,forward_0.70,7212,success,,True,True,,,0.651240001301594,13.318584110940026,0.026266666666666667
MuJoCo,10000,down_14x32,forward_0.70,7213,success,,True,True,,,0.681452098163552,13.716155455899841,0.027733333333333332
MuJoCo,10000,down_14x32,forward_0.70,7214,success,,True,True,,,0.6644682348676338,13.928959748013627,0.02591111111111111
MuJoCo,10000,down_14x32,forward_0.70,7215,success,,True,True,,,0.6679675877444183,13.767591281044819,0.02751111111111111
MuJoCo,10000,down_14x32,forward_0.70,7216,success,,True,True,,,0.6810026880261307,13.786790335640529,0.02617777777777778
MuJoCo,10000,down_14x32,interrupted,7201,standstill_failure,standstill_failure,True,True,,,0.5835436057420464,16.3458550030199,0.03235483870967742
MuJoCo,10000,down_14x32,interrupted,7202,standstill_failure,standstill_failure,True,True,,,0.5808014864614619,16.453701249024753,0.03358064516129032
MuJoCo,10000,down_14x32,interrupted,7203,standstill_failure,standstill_failure,True,True,,,0.5778443549616463,17.011285474554338,0.03438709677419355
MuJoCo,10000,down_14x32,interrupted,7204,standstill_failure,standstill_failure,True,True,,,0.5784783868218484,17.050125816557177,0.033741935483870965
MuJoCo,10000,down_14x32,interrupted,7205,standstill_failure,standstill_failure,True,True,,,0.5622961842060583,17.671022458688878,0.03516129032258065
MuJoCo,10000,down_14x32,interrupted,7206,standstill_failure,standstill_failure,True,True,,,0.5536593366565317,17.172304511370545,0.036774193548387096
MuJoCo,10000,down_14x32,interrupted,7207,standstill_failure,standstill_failure,True,True,,,0.5972573379684825,15.527241670914783,0.03280645161290323
MuJoCo,10000,down_14x32,interrupted,7208,standstill_failure,standstill_failure,True,True,,,0.5779012026899029,16.82384352156273,0.03261290322580645
MuJoCo,10000,down_14x32,interrupted,7209,standstill_failure,standstill_failure,True,True,,,0.5800676641182749,16.458453913735056,0.03425806451612903
MuJoCo,10000,down_14x32,interrupted,7210,standstill_failure,standstill_failure,True,True,,,0.5802420947922136,16.41663218692643,0.032
MuJoCo,10000,down_14x32,interrupted,7211,standstill_failure,standstill_failure,True,True,,,0.5928576713692253,15.624791952896938,0.03364516129032258
MuJoCo,10000,down_14x32,interrupted,7212,standstill_failure,standstill_failure,True,True,,,0.5749331760309384,17.139946071571146,0.034193548387096775
MuJoCo,10000,down_14x32,interrupted,7213,standstill_failure,standstill_failure,True,True,,,0.5702779771210476,16.82353291400565,0.03425806451612903
MuJoCo,10000,down_14x32,interrupted,7214,standstill_failure,standstill_failure,True,True,,,0.5495069247799447,17.290026184729673,0.036838709677419354
MuJoCo,10000,down_14x32,interrupted,7215,standstill_failure,standstill_failure,True,True,,,0.5723900409203544,17.17386242301389,0.033741935483870965
MuJoCo,10000,down_14x32,interrupted,7216,standstill_failure,standstill_failure,True,True,,,0.5738178274193197,17.368862255100147,0.03661290322580645
MuJoCo,15000,down_14x32,forward_0.30,7201,success,,True,True,,,0.6465511781962126,8.198098098713825,0.0
MuJoCo,15000,down_14x32,forward_0.30,7202,success,,True,True,,,0.6478759271469414,8.18948352367865,0.0
MuJoCo,15000,down_14x32,forward_0.30,7203,success,,True,True,,,0.6340867791610176,8.344434816468217,0.0
MuJoCo,15000,down_14x32,forward_0.30,7204,success,,True,True,,,0.6482479882362977,8.116541564675055,0.0
MuJoCo,15000,down_14x32,forward_0.30,7205,success,,True,True,,,0.6327385582955014,8.274252376766716,0.0
MuJoCo,15000,down_14x32,forward_0.30,7206,success,,True,True,,,0.6249867039680905,8.159686792574966,0.0
MuJoCo,15000,down_14x32,forward_0.30,7207,success,,True,True,,,0.6459045697768586,8.382924853214519,0.0
MuJoCo,15000,down_14x32,forward_0.30,7208,success,,True,True,,,0.6446134814054472,8.190179847194173,0.0
MuJoCo,15000,down_14x32,forward_0.30,7209,success,,True,True,,,0.6442502715283163,8.234112081576372,0.0
MuJoCo,15000,down_14x32,forward_0.30,7210,success,,True,True,,,0.6462833719698919,8.319012078738254,0.0
MuJoCo,15000,down_14x32,forward_0.30,7211,success,,True,True,,,0.6467439798915184,8.180037108766992,0.0
MuJoCo,15000,down_14x32,forward_0.30,7212,success,,True,True,,,0.643815931953323,8.267300910342582,0.0
MuJoCo,15000,down_14x32,forward_0.30,7213,success,,True,True,,,0.6314840935803525,8.219512769574598,0.0
MuJoCo,15000,down_14x32,forward_0.30,7214,success,,True,True,,,0.6165545181274574,8.216132711602361,0.0
MuJoCo,15000,down_14x32,forward_0.30,7215,success,,True,True,,,0.6418184867978518,8.22262942392508,0.0
MuJoCo,15000,down_14x32,forward_0.30,7216,success,,True,True,,,0.632320949309203,8.259745313647779,0.0
MuJoCo,15000,down_14x32,forward_0.70,7201,success,,True,True,,,0.6641992925294771,12.082623952598276,0.009866666666666666
MuJoCo,15000,down_14x32,forward_0.70,7202,success,,True,True,,,0.6642673060722037,12.169352882495254,0.009377777777777778
MuJoCo,15000,down_14x32,forward_0.70,7203,success,,True,True,,,0.6818796620302652,11.988849270377067,0.0104
MuJoCo,15000,down_14x32,forward_0.70,7204,success,,True,True,,,0.6749604093497485,12.046473170925044,0.009022222222222221
MuJoCo,15000,down_14x32,forward_0.70,7205,success,,True,True,,,0.6825301148685645,12.12387591225937,0.008888888888888889
MuJoCo,15000,down_14x32,forward_0.70,7206,success,,True,True,,,0.681885029633786,12.321238903063346,0.0088
MuJoCo,15000,down_14x32,forward_0.70,7207,success,,True,True,,,0.6310071740266638,12.194371371224804,0.011244444444444444
MuJoCo,15000,down_14x32,forward_0.70,7208,success,,True,True,,,0.6815282201389679,12.248094781733247,0.0104
MuJoCo,15000,down_14x32,forward_0.70,7209,success,,True,True,,,0.6647464665358305,11.947608639637386,0.009333333333333334
MuJoCo,15000,down_14x32,forward_0.70,7210,success,,True,True,,,0.6640128044839233,12.190156114302042,0.008666666666666666
MuJoCo,15000,down_14x32,forward_0.70,7211,success,,True,True,,,0.6452648566578751,12.439458837123007,0.010533333333333334
MuJoCo,15000,down_14x32,forward_0.70,7212,success,,True,True,,,0.6818448091260991,12.159446161459536,0.0077777777777777776
MuJoCo,15000,down_14x32,forward_0.70,7213,success,,True,True,,,0.6818929253180833,12.309817068884158,0.007866666666666666
MuJoCo,15000,down_14x32,forward_0.70,7214,success,,True,True,,,0.681792958826069,12.273885715361029,0.008133333333333333
MuJoCo,15000,down_14x32,forward_0.70,7215,success,,True,True,,,0.6818681589302571,12.057161245456653,0.01071111111111111
MuJoCo,15000,down_14x32,forward_0.70,7216,success,,True,True,,,0.682407333476224,12.09024691825319,0.009822222222222222
MuJoCo,15000,down_14x32,interrupted,7201,success,,True,True,,,0.6090775972890548,11.579893478154448,0.00025806451612903227
MuJoCo,15000,down_14x32,interrupted,7202,standstill_failure,standstill_failure,True,True,,,0.6136538796491848,10.526568644241861,0.0034516129032258064
MuJoCo,15000,down_14x32,interrupted,7203,standstill_failure,standstill_failure,True,True,,,0.6443614068076626,16.721546700330727,0.01870967741935484
MuJoCo,15000,down_14x32,interrupted,7204,standstill_failure,standstill_failure,True,True,,,0.5637282654856568,11.433463140139377,0.00041935483870967743
MuJoCo,15000,down_14x32,interrupted,7205,standstill_failure,standstill_failure,True,True,,,0.6330015658059438,16.610303412640405,0.018129032258064517
MuJoCo,15000,down_14x32,interrupted,7206,standstill_failure,standstill_failure,True,True,,,0.6267507871620579,16.484741772297994,0.01806451612903226
MuJoCo,15000,down_14x32,interrupted,7207,standstill_failure,standstill_failure,True,True,,,0.6433121471958057,16.61820290620103,0.01903225806451613
MuJoCo,15000,down_14x32,interrupted,7208,standstill_failure,standstill_failure,True,True,,,0.6491796103716434,16.58101923579441,0.01832258064516129
MuJoCo,15000,down_14x32,interrupted,7209,success,,True,True,,,0.6135671254903174,11.021595361049833,0.19016129032258064
MuJoCo,15000,down_14x32,interrupted,7210,success,,True,True,,,0.6145035427006154,11.676252966326597,0.00025806451612903227
MuJoCo,15000,down_14x32,interrupted,7211,standstill_failure,standstill_failure,True,True,,,0.6522778539384277,16.02675621645742,0.018032258064516127
MuJoCo,15000,down_14x32,interrupted,7212,success,,True,True,,,0.6343478734953978,10.396112896603526,0.0955483870967742
MuJoCo,15000,down_14x32,interrupted,7213,success,,True,True,,,0.5636663465347891,10.352095538702306,0.0012903225806451613
MuJoCo,15000,down_14x32,interrupted,7214,standstill_failure,standstill_failure,True,True,,,0.616069076087346,16.538560590155452,0.018387096774193548
MuJoCo,15000,down_14x32,interrupted,7215,standstill_failure,standstill_failure,True,True,,,0.6466739111354363,16.776067590328285,0.018483870967741935
MuJoCo,15000,down_14x32,interrupted,7216,standstill_failure,standstill_failure,True,True,,,0.6377351582768407,16.500978004268486,0.017870967741935483
MuJoCo,19999,down_14x32,forward_0.30,7201,success,,True,True,,,0.6043540407838655,6.779620155212364,0.0
MuJoCo,19999,down_14x32,forward_0.30,7202,success,,True,True,,,0.6074204645330765,6.87985045408495,0.0
MuJoCo,19999,down_14x32,forward_0.30,7203,success,,True,True,,,0.603301428150337,6.834581801872773,0.0
MuJoCo,19999,down_14x32,forward_0.30,7204,success,,True,True,,,0.6002268462818903,7.009685958865752,0.0
MuJoCo,19999,down_14x32,forward_0.30,7205,success,,True,True,,,0.604655792472033,6.865789037779465,0.0
MuJoCo,19999,down_14x32,forward_0.30,7206,success,,True,True,,,0.6140078430715696,7.043449347095123,0.0
MuJoCo,19999,down_14x32,forward_0.30,7207,success,,True,True,,,0.6115885289757046,6.8232925640683515,0.0
MuJoCo,19999,down_14x32,forward_0.30,7208,success,,True,True,,,0.6091465107022749,6.988499171498564,0.0
MuJoCo,19999,down_14x32,forward_0.30,7209,success,,True,True,,,0.6061921114855306,6.860731900801226,0.0
MuJoCo,19999,down_14x32,forward_0.30,7210,success,,True,True,,,0.6062335810774586,6.7446200413633415,0.0
MuJoCo,19999,down_14x32,forward_0.30,7211,success,,True,True,,,0.5972773450745303,6.99508682321431,0.0
MuJoCo,19999,down_14x32,forward_0.30,7212,success,,True,True,,,0.5990922160121452,7.009148135538653,0.0
MuJoCo,19999,down_14x32,forward_0.30,7213,success,,True,True,,,0.6086046212782439,6.876285111521728,0.0
MuJoCo,19999,down_14x32,forward_0.30,7214,success,,True,True,,,0.6087967679485711,7.012147126503537,0.0
MuJoCo,19999,down_14x32,forward_0.30,7215,success,,True,True,,,0.599831316699976,6.896918899080714,0.0
MuJoCo,19999,down_14x32,forward_0.30,7216,success,,True,True,,,0.6075915852775293,6.884253762857376,0.0
MuJoCo,19999,down_14x32,forward_0.70,7201,success,,True,True,,,0.6720772932049632,11.437191966917068,0.010044444444444444
MuJoCo,19999,down_14x32,forward_0.70,7202,success,,True,True,,,0.6720751639604265,11.38788659032296,0.0104
MuJoCo,19999,down_14x32,forward_0.70,7203,success,,True,True,,,0.6309040061571951,11.663348814807954,0.01071111111111111
MuJoCo,19999,down_14x32,forward_0.70,7204,success,,True,True,,,0.6561054704096236,11.55035699729985,0.010577777777777778
MuJoCo,19999,down_14x32,forward_0.70,7205,success,,True,True,,,0.6046362493583084,11.555761043641228,0.008666666666666666
MuJoCo,19999,down_14x32,forward_0.70,7206,success,,True,True,,,0.608566336112623,11.533418654651006,0.009466666666666667
MuJoCo,19999,down_14x32,forward_0.70,7207,success,,True,True,,,0.6836958857077503,11.26945460194586,0.01168888888888889
MuJoCo,19999,down_14x32,forward_0.70,7208,success,,True,True,,,0.6491661317876816,11.495959656847777,0.009955555555555556
MuJoCo,19999,down_14x32,forward_0.70,7209,success,,True,True,,,0.6835494439391276,11.503853442527447,0.0108
MuJoCo,19999,down_14x32,forward_0.70,7210,success,,True,True,,,0.6825634093606279,11.418227088916565,0.010355555555555555
MuJoCo,19999,down_14x32,forward_0.70,7211,success,,True,True,,,0.683777189173499,11.311592290419282,0.010311111111111111
MuJoCo,19999,down_14x32,forward_0.70,7212,success,,True,True,,,0.651187499026433,11.569599928550634,0.009733333333333333
MuJoCo,19999,down_14x32,forward_0.70,7213,success,,True,True,,,0.6214541362758479,11.526379391042193,0.010088888888888889
MuJoCo,19999,down_14x32,forward_0.70,7214,success,,True,True,,,0.6079966998263253,11.759524708865426,0.008755555555555556
MuJoCo,19999,down_14x32,forward_0.70,7215,success,,True,True,,,0.6451252741513518,11.529615522021853,0.009422222222222222
MuJoCo,19999,down_14x32,forward_0.70,7216,success,,True,True,,,0.617539292756953,11.43069091037141,0.0088
MuJoCo,19999,down_14x32,interrupted,7201,standstill_failure,standstill_failure,True,True,,,0.5568035897659824,9.614492988084288,0.029741935483870968
MuJoCo,19999,down_14x32,interrupted,7202,standstill_failure,standstill_failure,True,True,,,0.5617735893778066,9.09246782184171,0.029903225806451612
MuJoCo,19999,down_14x32,interrupted,7203,standstill_failure,standstill_failure,True,True,,,0.5474095553035685,10.454990353758085,0.03148387096774193
MuJoCo,19999,down_14x32,interrupted,7204,standstill_failure,standstill_failure,True,True,,,0.5639620600449098,9.739291446905309,0.02993548387096774
MuJoCo,19999,down_14x32,interrupted,7205,standstill_failure,standstill_failure,True,True,,,0.570138554618528,9.767368477678312,0.02932258064516129
MuJoCo,19999,down_14x32,interrupted,7206,standstill_failure,standstill_failure,True,True,,,0.5608472842955559,10.622176556468867,0.030806451612903227
MuJoCo,19999,down_14x32,interrupted,7207,standstill_failure,standstill_failure,True,True,,,0.5489872282399477,9.450781456293448,0.030935483870967742
MuJoCo,19999,down_14x32,interrupted,7208,standstill_failure,standstill_failure,True,True,,,0.5663667842502971,10.84032077468212,0.03329032258064516
MuJoCo,19999,down_14x32,interrupted,7209,standstill_failure,standstill_failure,True,True,,,0.5578085548968827,9.591056553164101,0.028064516129032258
MuJoCo,19999,down_14x32,interrupted,7210,standstill_failure,standstill_failure,True,True,,,0.5526233810090297,9.709175982117975,0.03032258064516129
MuJoCo,19999,down_14x32,interrupted,7211,standstill_failure,standstill_failure,True,True,,,0.5594418445448948,9.142336291258308,0.03064516129032258
MuJoCo,19999,down_14x32,interrupted,7212,standstill_failure,standstill_failure,True,True,,,0.565195546544704,9.452432781512762,0.02870967741935484
MuJoCo,19999,down_14x32,interrupted,7213,standstill_failure,standstill_failure,True,True,,,0.5602555882199423,10.180005482583026,0.02903225806451613
MuJoCo,19999,down_14x32,interrupted,7214,standstill_failure,standstill_failure,True,True,,,0.5615748271600369,10.678049322198808,0.03061290322580645
MuJoCo,19999,down_14x32,interrupted,7215,standstill_failure,standstill_failure,True,True,,,0.5478148802295231,10.26067558057173,0.03164516129032258
MuJoCo,19999,down_14x32,interrupted,7216,standstill_failure,standstill_failure,True,True,,,0.564384489503029,9.474060586616446,0.029
MuJoCo,10000,up_16x29,forward_0.30,7201,command_transition_failure,command_transition_failure,True,True,,,0.1985738030905711,19.276462096063984,0.08004444444444445
MuJoCo,10000,up_16x29,forward_0.30,7202,success,,True,True,,,0.1303989451602104,19.788681116276017,0.0859111111111111
MuJoCo,10000,up_16x29,forward_0.30,7203,success,,True,True,,,0.3872603657763681,19.115889806795128,0.07586666666666667
MuJoCo,10000,up_16x29,forward_0.30,7204,success,,True,True,,,0.24901222574719323,18.996091785787243,0.08222222222222222
MuJoCo,10000,up_16x29,forward_0.30,7205,success,,True,True,,,0.2579796992749032,19.443633450302904,0.08302222222222222
MuJoCo,10000,up_16x29,forward_0.30,7206,command_transition_failure,command_transition_failure,True,True,,,0.15599246464098754,19.357102778183894,0.06613333333333334
MuJoCo,10000,up_16x29,forward_0.30,7207,success,,True,True,,,0.3934133043158759,18.887095415446023,0.07644444444444444
MuJoCo,10000,up_16x29,forward_0.30,7208,command_transition_failure,command_transition_failure,True,True,,,0.22764596426623368,19.65074170333714,0.07493333333333334
MuJoCo,10000,up_16x29,forward_0.30,7209,success,,True,True,,,0.2030995175981793,19.38062811529155,0.07982222222222222
MuJoCo,10000,up_16x29,forward_0.30,7210,success,,True,True,,,0.19906180225663855,19.674306577039484,0.08302222222222222
MuJoCo,10000,up_16x29,forward_0.30,7211,success,,True,True,,,0.0935024251074778,19.884140508463272,0.07084444444444445
MuJoCo,10000,up_16x29,forward_0.30,7212,success,,True,True,,,0.2259305804218485,19.141489954363724,0.08195555555555556
MuJoCo,10000,up_16x29,forward_0.30,7213,success,,True,True,,,0.17448814287541697,18.91829141073686,0.07888888888888888
MuJoCo,10000,up_16x29,forward_0.30,7214,command_transition_failure,command_transition_failure,True,True,,,0.042324821669010304,19.547084763141562,0.06693333333333333
MuJoCo,10000,up_16x29,forward_0.30,7215,command_transition_failure,command_transition_failure,True,True,,,0.21693590978771643,19.57887954705555,0.09866666666666667
MuJoCo,10000,up_16x29,forward_0.30,7216,unsafe,command_transition_failure|terrain_stall|tracking_failure|unsafe,False,False,hard_joint_position,9.072000000000001,-0.005589774985935048,18.50264274484289,0.14814814814814814
MuJoCo,10000,up_16x29,forward_0.70,7201,unsafe,command_transition_failure|terrain_stall|tracking_failure|unsafe,False,False,hard_joint_position,5.0760000000000005,-0.006486537213684196,18.995159354659734,0.15011820330969267
MuJoCo,10000,up_16x29,forward_0.70,7202,command_transition_failure,command_transition_failure,True,True,,,0.0025958379539250953,20.76427842214584,0.04968888888888889
MuJoCo,10000,up_16x29,forward_0.70,7203,command_transition_failure,command_transition_failure,True,True,,,0.006085052607784747,19.408801110522536,0.04471111111111111
MuJoCo,10000,up_16x29,forward_0.70,7204,unsafe,command_transition_failure|terrain_stall|tracking_failure|unsafe,False,False,hard_joint_position,5.08,-0.0016955427014256341,19.09225409740781,0.16023622047244093
MuJoCo,10000,up_16x29,forward_0.70,7205,unsafe,terrain_stall|tracking_failure|unsafe,False,False,hard_joint_position,5.126,-0.0024571816399416857,19.33448969272035,0.15255559890753023
MuJoCo,10000,up_16x29,forward_0.70,7206,unsafe,command_transition_failure|terrain_stall|tracking_failure|unsafe,False,False,hard_joint_position,5.1080000000000005,-0.0045345105029250266,19.191311240015132,0.1562255285826155
MuJoCo,10000,up_16x29,forward_0.70,7207,command_transition_failure,command_transition_failure,True,True,,,0.04822500478826558,19.256178231880547,0.046
MuJoCo,10000,up_16x29,forward_0.70,7208,unsafe,command_transition_failure|terrain_stall|tracking_failure|unsafe,False,False,hard_joint_position,5.136,-0.0029761830916044674,19.080956452025813,0.15381619937694704
MuJoCo,10000,up_16x29,forward_0.70,7209,unsafe,command_transition_failure|terrain_stall|tracking_failure|unsafe,False,False,hard_joint_position,5.054,-0.003409008666449831,19.042724040003193,0.15670755836960823
MuJoCo,10000,up_16x29,forward_0.70,7210,command_transition_failure,command_transition_failure,True,True,,,0.006778629042751061,20.552116674310113,0.047733333333333336
MuJoCo,10000,up_16x29,forward_0.70,7211,command_transition_failure,command_transition_failure,True,True,,,0.0006402382138956386,19.75378996889864,0.05257777777777778
MuJoCo,10000,up_16x29,forward_0.70,7212,unsafe,command_transition_failure|terrain_stall|tracking_failure|unsafe,False,False,hard_joint_position,5.05,-0.0027484267299767162,18.991417869214256,0.15326732673267326
MuJoCo,10000,up_16x29,forward_0.70,7213,command_transition_failure,command_transition_failure,True,True,,,0.004772049687051361,19.19693574665504,0.04711111111111111
MuJoCo,10000,up_16x29,forward_0.70,7214,command_transition_failure,command_transition_failure,True,True,,,0.017784059955814946,19.692149089203944,0.0468
MuJoCo,10000,up_16x29,forward_0.70,7215,unsafe,command_transition_failure|terrain_stall|tracking_failure|unsafe,False,False,hard_joint_position,5.11,-0.0048799722632668074,19.16149476456665,0.1522504892367906
MuJoCo,10000,up_16x29,forward_0.70,7216,command_transition_failure,command_transition_failure,True,True,,,0.00908931166368121,20.105395898499463,0.04471111111111111
MuJoCo,10000,up_16x29,interrupted,7201,command_transition_failure,command_transition_failure,True,True,,,0.2223473097389293,19.954866588092525,0.0624516129032258
MuJoCo,10000,up_16x29,interrupted,7202,success,,True,True,,,0.032220919336305553,19.703323504326892,0.05525806451612903
MuJoCo,10000,up_16x29,interrupted,7203,unsafe,terrain_stall|tracking_failure|unsafe,False,False,hard_joint_position,20.924000000000003,-0.0020546141946792273,18.563064304675365,0.14595679602370484
MuJoCo,10000,up_16x29,interrupted,7204,standstill_failure,standstill_failure,True,True,,,0.11805212869310672,19.483533187974068,0.06938709677419355
MuJoCo,10000,up_16x29,interrupted,7205,command_transition_failure,command_transition_failure,True,True,,,0.23224749234342879,18.987821563479667,0.057193548387096775
MuJoCo,10000,up_16x29,interrupted,7206,success,,True,True,,,0.19242718534365316,19.689756351273054,0.05267741935483871
MuJoCo,10000,up_16x29,interrupted,7207,unsafe,terrain_stall|tracking_failure|unsafe,False,False,hard_joint_position,20.622,-0.00851016331966864,19.09033575007809,0.16681214237222383
MuJoCo,10000,up_16x29,interrupted,7208,command_transition_failure,command_transition_failure,True,True,,,0.016852473233857967,24.06094148658427,0.065
MuJoCo,10000,up_16x29,interrupted,7209,success,,True,True,,,0.20430460954645063,19.362349303636165,0.062161290322580644
MuJoCo,10000,up_16x29,interrupted,7210,command_transition_failure,command_transition_failure,True,True,,,0.10457892492303406,19.638900559716564,0.05390322580645161
MuJoCo,10000,up_16x29,interrupted,7211,success,,True,True,,,0.07812992524953305,19.420019039576946,0.06419354838709677
MuJoCo,10000,up_16x29,interrupted,7212,unsafe,terrain_stall|tracking_failure|unsafe,False,False,hard_joint_position,20.934,-0.00878485206595947,18.753773240707236,0.12076048533486194
MuJoCo,10000,up_16x29,interrupted,7213,success,,True,True,,,0.2095822403569661,19.337942109336296,0.05932258064516129
MuJoCo,10000,up_16x29,interrupted,7214,unsafe,terrain_stall|tracking_failure|unsafe,False,False,hard_joint_position,20.292,-0.00858598175522357,20.438270333787088,0.1159077468953282
MuJoCo,10000,up_16x29,interrupted,7215,unsafe,terrain_stall|tracking_failure|unsafe,False,False,hard_joint_position,20.950000000000003,-0.0034459925703358985,18.735408802099876,0.1443436754176611
MuJoCo,10000,up_16x29,interrupted,7216,success,,True,True,,,0.26777153444024515,19.54983764248382,0.07151612903225807
MuJoCo,15000,up_16x29,forward_0.30,7201,command_transition_failure,command_transition_failure,True,True,,,0.1890178033719132,19.51517878469728,0.07582222222222222
MuJoCo,15000,up_16x29,forward_0.30,7202,command_transition_failure,command_transition_failure,True,True,,,0.23993068735881629,19.917057563911964,0.08577777777777777
MuJoCo,15000,up_16x29,forward_0.30,7203,command_transition_failure,command_transition_failure,True,True,,,0.25003890534622597,19.905295529493085,0.0772888888888889
MuJoCo,15000,up_16x29,forward_0.30,7204,command_transition_failure,command_transition_failure,True,True,,,0.26502732768128956,19.881570813043115,0.07737777777777778
MuJoCo,15000,up_16x29,forward_0.30,7205,command_transition_failure,command_transition_failure,True,True,,,0.2539005668929226,19.873407453701635,0.07675555555555555
MuJoCo,15000,up_16x29,forward_0.30,7206,command_transition_failure,command_transition_failure,True,True,,,0.2608553624152359,19.873481932944873,0.07666666666666666
MuJoCo,15000,up_16x29,forward_0.30,7207,command_transition_failure,command_transition_failure,True,True,,,0.20445771475510272,20.492247751324236,0.06648888888888889
MuJoCo,15000,up_16x29,forward_0.30,7208,command_transition_failure,command_transition_failure,True,True,,,0.1974298695984813,19.889708362640377,0.08266666666666667
MuJoCo,15000,up_16x29,forward_0.30,7209,command_transition_failure,command_transition_failure,True,True,,,0.2883509853465456,19.88013197451323,0.08355555555555555
MuJoCo,15000,up_16x29,forward_0.30,7210,command_transition_failure,command_transition_failure,True,True,,,0.2645517345124717,19.838377147259003,0.07777777777777778
MuJoCo,15000,up_16x29,forward_0.30,7211,command_transition_failure,command_transition_failure,True,True,,,0.18166016775413718,20.336844589520133,0.06933333333333333
MuJoCo,15000,up_16x29,forward_0.30,7212,command_transition_failure,command_transition_failure,True,True,,,0.19072799367062476,21.665174378930963,0.07364444444444444
MuJoCo,15000,up_16x29,forward_0.30,7213,command_transition_failure,command_transition_failure,True,True,,,0.198852379970746,19.140413442951406,0.08133333333333333
MuJoCo,15000,up_16x29,forward_0.30,7214,command_transition_failure,command_transition_failure,True,True,,,0.23329729368853025,19.868466951879427,0.07742222222222223
MuJoCo,15000,up_16x29,forward_0.30,7215,command_transition_failure,command_transition_failure,True,True,,,0.2596991526230785,19.895616656238026,0.07902222222222222
MuJoCo,15000,up_16x29,forward_0.30,7216,command_transition_failure,command_transition_failure,True,True,,,0.20601788064329085,19.90889348172652,0.08266666666666667
MuJoCo,15000,up_16x29,forward_0.70,7201,unsafe,terrain_stall|tracking_failure|unsafe,False,False,base_hip_contact,4.85,0.16730002993403836,21.55598552295124,0.18721649484536082
MuJoCo,15000,up_16x29,forward_0.70,7202,unsafe,terrain_stall|tracking_failure|unsafe,False,False,base_hip_contact,4.851999999999999,0.16863204858317937,22.398521664941075,0.18796372629843364
MuJoCo,15000,up_16x29,forward_0.70,7203,unsafe,command_transition_failure|terrain_stall|tracking_failure|unsafe,False,False,base_hip_contact,5.562,0.1593416550888902,21.605275265566075,0.2837108953613808
MuJoCo,15000,up_16x29,forward_0.70,7204,unsafe,command_transition_failure|terrain_stall|tracking_failure|unsafe,False,False,base_hip_contact,5.492,0.1638721533416838,22.64406370766055,0.27749453750910413
MuJoCo,15000,up_16x29,forward_0.70,7205,unsafe,command_transition_failure|terrain_stall|tracking_failure|unsafe,False,False,base_hip_contact,5.592,0.15552684648012738,21.418800826812454,0.2804005722460658
MuJoCo,15000,up_16x29,forward_0.70,7206,unsafe,command_transition_failure|terrain_stall|tracking_failure|unsafe,False,False,base_hip_contact,5.716,0.15953464083518937,19.652344617152135,0.30405878236529044
MuJoCo,15000,up_16x29,forward_0.70,7207,unsafe,terrain_stall|tracking_failure|unsafe,False,False,base_hip_contact,4.914000000000001,0.12592163156703995,18.728696555477523,0.19332519332519332
MuJoCo,15000,up_16x29,forward_0.70,7208,unsafe,command_transition_failure|terrain_stall|tracking_failure|unsafe,False,False,base_hip_contact,5.584,0.15220145299167065,21.496446782744357,0.27722063037249284
MuJoCo,15000,up_16x29,forward_0.70,7209,unsafe,command_transition_failure|terrain_stall|tracking_failure|unsafe,False,False,base_hip_contact,5.0360000000000005,0.14940789803888999,18.88994766360087,0.2243844320889595
MuJoCo,15000,up_16x29,forward_0.70,7210,unsafe,command_transition_failure|terrain_stall|tracking_failure|unsafe,False,False,base_hip_contact,5.062,0.15402957953504703,18.919910044605178,0.22007111813512445
MuJoCo,15000,up_16x29,forward_0.70,7211,command_transition_failure,command_transition_failure,True,True,,,0.13679414804153733,19.573051901615372,0.057022222222222224
MuJoCo,15000,up_16x29,forward_0.70,7212,unsafe,command_transition_failure|terrain_stall|tracking_failure|unsafe,False,False,base_hip_contact,5.454000000000001,0.14667125188504482,20.85243377206405,0.27356068940227357
MuJoCo,15000,up_16x29,forward_0.70,7213,unsafe,command_transition_failure|terrain_stall|tracking_failure|unsafe,False,False,base_hip_contact,5.598,0.16188324310587632,22.035053208065186,0.29260450160771706
MuJoCo,15000,up_16x29,forward_0.70,7214,command_transition_failure,command_transition_failure,True,True,,,0.17465337600942155,20.62850408739454,0.074
MuJoCo,15000,up_16x29,forward_0.70,7215,unsafe,command_transition_failure|terrain_stall|tracking_failure|unsafe,False,False,base_hip_contact,5.592,0.1667803695729848,20.27280023007484,0.2811158798283262
MuJoCo,15000,up_16x29,forward_0.70,7216,unsafe,command_transition_failure|terrain_stall|tracking_failure|unsafe,False,False,base_hip_contact,5.5680000000000005,0.15637162224647927,20.328154352548164,0.2776580459770115
MuJoCo,15000,up_16x29,interrupted,7201,command_transition_failure,command_transition_failure|standstill_failure,True,True,,,0.17730162616921996,19.73818179552342,0.09867741935483872
MuJoCo,15000,up_16x29,interrupted,7202,unsafe,standstill_failure|terrain_stall|tracking_failure|unsafe,False,False,hard_joint_position,20.636,-0.010413145571373572,19.738471222573555,0.1889901143632487
MuJoCo,15000,up_16x29,interrupted,7203,tracking_failure,command_transition_failure|standstill_failure|tracking_failure,True,True,,,0.20632043923823318,19.76932002401151,0.06422580645161291
MuJoCo,15000,up_16x29,interrupted,7204,unsafe,command_transition_failure|standstill_failure|terrain_stall|tracking_failure|unsafe,False,False,hard_joint_position,21.612000000000002,-0.01454947236987919,20.317992027262175,0.21552841014251342
MuJoCo,15000,up_16x29,interrupted,7205,tracking_failure,command_transition_failure|tracking_failure,True,True,,,0.05252645215502538,20.749041968140325,0.08619354838709678
MuJoCo,15000,up_16x29,interrupted,7206,unsafe,command_transition_failure|terrain_stall|tracking_failure|unsafe,False,False,hard_joint_position,5.862,-0.01338134275596159,19.27284284638073,0.17775503241214602
MuJoCo,15000,up_16x29,interrupted,7207,command_transition_failure,command_transition_failure,True,True,,,0.04594622822635647,21.324196463271253,0.07987096774193549
MuJoCo,15000,up_16x29,interrupted,7208,tracking_failure,command_transition_failure|tracking_failure,True,True,,,0.21677036558484009,19.25462464593457,0.07409677419354839
MuJoCo,15000,up_16x29,interrupted,7209,command_transition_failure,command_transition_failure,True,True,,,0.12497797091947344,21.421970370166353,0.0794516129032258
MuJoCo,15000,up_16x29,interrupted,7210,command_transition_failure,command_transition_failure,True,True,,,0.16710559543145287,21.635096416047844,0.0940967741935484
MuJoCo,15000,up_16x29,interrupted,7211,success,,True,True,,,0.14361498511393966,19.88217741414599,0.07551612903225806
MuJoCo,15000,up_16x29,interrupted,7212,unsafe,command_transition_failure|standstill_failure|terrain_stall|tracking_failure|unsafe,False,False,hard_joint_position,21.282,-0.0012310175809973622,20.07672243612243,0.20853303260971714
MuJoCo,15000,up_16x29,interrupted,7213,tracking_failure,command_transition_failure|tracking_failure,True,True,,,0.21533413325567663,19.65698994958554,0.07693548387096774
MuJoCo,15000,up_16x29,interrupted,7214,tracking_failure,command_transition_failure|standstill_failure|tracking_failure,True,True,,,0.037654301582043415,19.36507362427029,0.09580645161290323
MuJoCo,15000,up_16x29,interrupted,7215,tracking_failure,command_transition_failure|tracking_failure,True,True,,,0.19159746090835794,21.492946382776594,0.07154838709677419
MuJoCo,15000,up_16x29,interrupted,7216,tracking_failure,command_transition_failure|tracking_failure,True,True,,,0.0022039972240728845,19.802284046055565,0.0647741935483871
MuJoCo,19999,up_16x29,forward_0.30,7201,command_transition_failure,command_transition_failure,True,True,,,0.34046986707404336,19.439679813341456,0.0768888888888889
MuJoCo,19999,up_16x29,forward_0.30,7202,command_transition_failure,command_transition_failure,True,True,,,0.17220175748634697,20.04842275847363,0.08173333333333334
MuJoCo,19999,up_16x29,forward_0.30,7203,command_transition_failure,command_transition_failure,True,True,,,0.3627111181384904,19.506450645546288,0.08053333333333333
MuJoCo,19999,up_16x29,forward_0.30,7204,command_transition_failure,command_transition_failure,True,True,,,0.33757472461682475,20.362668275201177,0.07951111111111112
MuJoCo,19999,up_16x29,forward_0.30,7205,command_transition_failure,command_transition_failure,True,True,,,0.1964206213695876,18.946691016420523,0.08128888888888888
MuJoCo,19999,up_16x29,forward_0.30,7206,command_transition_failure,command_transition_failure,True,True,,,0.23428022276109622,19.19323245270147,0.07804444444444444
MuJoCo,19999,up_16x29,forward_0.30,7207,success,,True,True,,,0.13794600992389477,20.17806032762444,0.08337777777777777
MuJoCo,19999,up_16x29,forward_0.30,7208,command_transition_failure,command_transition_failure,True,True,,,0.20026580841216896,19.502293908992357,0.07546666666666667
MuJoCo,19999,up_16x29,forward_0.30,7209,success,,True,True,,,0.4066324753234167,19.22601258308112,0.08542222222222222
MuJoCo,19999,up_16x29,forward_0.30,7210,success,,True,True,,,0.4860739597449493,19.493845154149287,0.09022222222222222
MuJoCo,19999,up_16x29,forward_0.30,7211,command_transition_failure,command_transition_failure,True,True,,,0.1930785525331351,19.741451227206035,0.08257777777777778
MuJoCo,19999,up_16x29,forward_0.30,7212,unsafe,command_transition_failure|terrain_stall|tracking_failure|unsafe,False,False,hard_joint_position,9.95,-0.022481522172389967,19.66702869919536,0.2928643216080402
MuJoCo,19999,up_16x29,forward_0.30,7213,unsafe,command_transition_failure|terrain_stall|tracking_failure|unsafe,False,False,hard_joint_position,10.9,-0.010151880696082694,19.208680721885987,0.3434862385321101
MuJoCo,19999,up_16x29,forward_0.30,7214,command_transition_failure,command_transition_failure,True,True,,,0.311473222782817,20.167160838633674,0.07991111111111111
MuJoCo,19999,up_16x29,forward_0.30,7215,unsafe,terrain_stall|tracking_failure|unsafe,False,False,base_hip_contact,9.34,0.07065398038671944,19.908264423057908,0.2336188436830835
MuJoCo,19999,up_16x29,forward_0.30,7216,success,,True,True,,,0.023256620746699708,19.373368584471674,0.0772
MuJoCo,19999,up_16x29,forward_0.70,7201,unsafe,command_transition_failure|terrain_stall|tracking_failure|unsafe,False,False,base_hip_contact,5.044,0.1238283277747434,19.631553785663233,0.2315622521808089
MuJoCo,19999,up_16x29,forward_0.70,7202,command_transition_failure,command_transition_failure,True,True,,,0.12756497354491797,19.926459366484785,0.06973333333333333
MuJoCo,19999,up_16x29,forward_0.70,7203,command_transition_failure,command_transition_failure,True,True,,,0.31170859927391614,20.076078612090807,0.06875555555555556
MuJoCo,19999,up_16x29,forward_0.70,7204,command_transition_failure,command_transition_failure,True,True,,,0.19626041095504432,22.537565824571995,0.06484444444444444
MuJoCo,19999,up_16x29,forward_0.70,7205,command_transition_failure,command_transition_failure,True,True,,,0.1582050568394906,21.155689096775042,0.0696
MuJoCo,19999,up_16x29,forward_0.70,7206,command_transition_failure,command_transition_failure,True,True,,,0.2267268383238315,19.105918219174296,0.06737777777777777
MuJoCo,19999,up_16x29,forward_0.70,7207,unsafe,command_transition_failure|terrain_stall|tracking_failure|unsafe,False,False,hard_joint_position,5.564,-0.0070745403344559254,18.980897779209826,0.30050323508267435
MuJoCo,19999,up_16x29,forward_0.70,7208,command_transition_failure,command_transition_failure,True,True,,,0.1590463358968961,21.01244558154475,0.07373333333333333
MuJoCo,19999,up_16x29,forward_0.70,7209,command_transition_failure,command_transition_failure,True,True,,,0.10712325690877655,24.822327351405924,0.07053333333333334
MuJoCo,19999,up_16x29,forward_0.70,7210,unsafe,command_transition_failure|terrain_stall|tracking_failure|unsafe,False,False,hard_joint_position,5.952,-0.012689948903722104,20.53830224424259,0.3397177419354839
MuJoCo,19999,up_16x29,forward_0.70,7211,command_transition_failure,command_transition_failure,True,True,,,0.11298778987626701,21.846173297848786,0.08337777777777777
MuJoCo,19999,up_16x29,forward_0.70,7212,command_transition_failure,command_transition_failure,True,True,,,0.2365539915683988,19.10528801687381,0.06413333333333333
MuJoCo,19999,up_16x29,forward_0.70,7213,command_transition_failure,command_transition_failure,True,True,,,0.19840068687548812,21.622899212925507,0.06484444444444444
MuJoCo,19999,up_16x29,forward_0.70,7214,command_transition_failure,command_transition_failure,True,True,,,0.3231201004527385,18.82308922943192,0.061644444444444446
MuJoCo,19999,up_16x29,forward_0.70,7215,command_transition_failure,command_transition_failure,True,True,,,0.23443617554798785,21.050125137090284,0.06382222222222222
MuJoCo,19999,up_16x29,forward_0.70,7216,command_transition_failure,command_transition_failure,True,True,,,0.19392068533070433,19.466067719728986,0.07053333333333334
MuJoCo,19999,up_16x29,interrupted,7201,tracking_failure,command_transition_failure|standstill_failure|tracking_failure,True,True,,,0.03752564686144716,21.480754814962953,0.057451612903225806
MuJoCo,19999,up_16x29,interrupted,7202,tracking_failure,command_transition_failure|standstill_failure|tracking_failure,True,True,,,0.20147011830533296,20.132491036650357,0.06925806451612904
MuJoCo,19999,up_16x29,interrupted,7203,standstill_failure,standstill_failure,True,True,,,0.2953673402229833,18.219319588791343,0.052838709677419354
MuJoCo,19999,up_16x29,interrupted,7204,command_transition_failure,command_transition_failure|standstill_failure,True,True,,,0.12122532879448356,20.60503902840334,0.06764516129032258
MuJoCo,19999,up_16x29,interrupted,7205,unsafe,standstill_failure|terrain_stall|tracking_failure|unsafe,False,False,hard_joint_position,21.246000000000002,-0.022685526071828443,18.962660030076812,0.26423797420690953
MuJoCo,19999,up_16x29,interrupted,7206,unsafe,standstill_failure|terrain_stall|tracking_failure|unsafe,False,False,base_hip_contact,21.215999999999998,0.07557823782779893,19.191706454236634,0.2504713423831071
MuJoCo,19999,up_16x29,interrupted,7207,tracking_failure,command_transition_failure|tracking_failure,True,True,,,0.23642283083933607,20.154166860106756,0.06203225806451613
MuJoCo,19999,up_16x29,interrupted,7208,standstill_failure,standstill_failure,True,True,,,0.0170584909669646,20.671719367883814,0.07516129032258065
MuJoCo,19999,up_16x29,interrupted,7209,tracking_failure,command_transition_failure|standstill_failure|tracking_failure,True,True,,,0.3448938750682821,20.57139104505464,0.06448387096774194
MuJoCo,19999,up_16x29,interrupted,7210,unsafe,command_transition_failure|terrain_stall|tracking_failure|unsafe,False,False,hard_joint_position,21.538,-0.0019189701796415992,19.571396404796854,0.22481196025629122
MuJoCo,19999,up_16x29,interrupted,7211,standstill_failure,standstill_failure,True,True,,,0.27194498640116344,18.261815928651856,0.04670967741935484
MuJoCo,19999,up_16x29,interrupted,7212,standstill_failure,standstill_failure,True,True,,,0.2856025996749068,18.864785337765458,0.06796774193548387
MuJoCo,19999,up_16x29,interrupted,7213,unsafe,standstill_failure|terrain_stall|tracking_failure|unsafe,False,False,hard_joint_position,21.294,-0.005152971544843732,19.808135517610108,0.26082464544003003
MuJoCo,19999,up_16x29,interrupted,7214,unsafe,standstill_failure|terrain_stall|tracking_failure|unsafe,False,False,hard_joint_position,20.838,-0.0034914575681467275,18.526210412714345,0.23255590747672522
MuJoCo,19999,up_16x29,interrupted,7215,standstill_failure,standstill_failure,True,True,,,0.34047208106222854,18.339739651126735,0.05429032258064516
MuJoCo,19999,up_16x29,interrupted,7216,unsafe,standstill_failure|terrain_stall|tracking_failure|unsafe,False,False,base_hip_contact,21.22,0.06978832885131014,18.515872706027633,0.2538171536286522
MuJoCo,10000,down_16x29,forward_0.30,7201,success,,True,True,,,0.5956243044341631,9.432044352882286,0.0012
MuJoCo,10000,down_16x29,forward_0.30,7202,success,,True,True,,,0.5948018145626295,9.43704140065923,0.0014222222222222223
MuJoCo,10000,down_16x29,forward_0.30,7203,success,,True,True,,,0.5823672351785978,9.387245698456605,0.0026666666666666666
MuJoCo,10000,down_16x29,forward_0.30,7204,success,,True,True,,,0.5802157374201715,9.44438518316249,0.0024444444444444444
MuJoCo,10000,down_16x29,forward_0.30,7205,success,,True,True,,,0.5648778908105083,9.279489132714074,0.0016888888888888889
MuJoCo,10000,down_16x29,forward_0.30,7206,success,,True,True,,,0.5575605409342834,9.342577350220209,0.003111111111111111
MuJoCo,10000,down_16x29,forward_0.30,7207,success,,True,True,,,0.5599430043965183,9.038512721339945,0.0005777777777777778
MuJoCo,10000,down_16x29,forward_0.30,7208,success,,True,True,,,0.5879789112953326,9.426019722802698,0.002577777777777778
MuJoCo,10000,down_16x29,forward_0.30,7209,success,,True,True,,,0.5817200731067274,9.350813913499781,0.00022222222222222223
MuJoCo,10000,down_16x29,forward_0.30,7210,success,,True,True,,,0.5897933810293741,9.465299156658336,0.002266666666666667
MuJoCo,10000,down_16x29,forward_0.30,7211,success,,True,True,,,0.5708660752862902,9.480412078906317,0.0013333333333333333
MuJoCo,10000,down_16x29,forward_0.30,7212,success,,True,True,,,0.5759830948301727,9.325261501406345,0.0016444444444444445
MuJoCo,10000,down_16x29,forward_0.30,7213,success,,True,True,,,0.5703124013238146,9.34588507240571,0.002533333333333333
MuJoCo,10000,down_16x29,forward_0.30,7214,success,,True,True,,,0.5753171762017777,9.380529301146444,0.003822222222222222
MuJoCo,10000,down_16x29,forward_0.30,7215,success,,True,True,,,0.5861404839706066,9.462631200156654,0.0028444444444444446
MuJoCo,10000,down_16x29,forward_0.30,7216,success,,True,True,,,0.5938746516466562,9.434735322221488,0.0024444444444444444
MuJoCo,10000,down_16x29,forward_0.70,7201,success,,True,True,,,0.5144536276347234,14.914541823695481,0.027822222222222224
MuJoCo,10000,down_16x29,forward_0.70,7202,success,,True,True,,,0.5577381689789394,17.24623509031693,0.028133333333333333
MuJoCo,10000,down_16x29,forward_0.70,7203,success,,True,True,,,0.5297494320875353,15.712673726212548,0.027422222222222223
MuJoCo,10000,down_16x29,forward_0.70,7204,success,,True,True,,,0.5337558634946622,17.23068267613491,0.027822222222222224
MuJoCo,10000,down_16x29,forward_0.70,7205,success,,True,True,,,0.5064037299321038,18.09036545191006,0.027644444444444444
MuJoCo,10000,down_16x29,forward_0.70,7206,success,,True,True,,,0.525138998419322,16.308196676197724,0.026222222222222223
MuJoCo,10000,down_16x29,forward_0.70,7207,success,,True,True,,,0.5269872010180052,15.86390398602107,0.0296
MuJoCo,10000,down_16x29,forward_0.70,7208,success,,True,True,,,0.5378125621783998,16.753583935903634,0.027688888888888888
MuJoCo,10000,down_16x29,forward_0.70,7209,success,,True,True,,,0.5334459239707627,15.301298051814479,0.02737777777777778
MuJoCo,10000,down_16x29,forward_0.70,7210,success,,True,True,,,0.512881757810618,15.224168191427172,0.029333333333333333
MuJoCo,10000,down_16x29,forward_0.70,7211,success,,True,True,,,0.5312946134464618,15.041702560959731,0.027066666666666666
MuJoCo,10000,down_16x29,forward_0.70,7212,success,,True,True,,,0.5409363507867024,15.497903059305193,0.02822222222222222
MuJoCo,10000,down_16x29,forward_0.70,7213,success,,True,True,,,0.474458369159566,17.27491369293037,0.02337777777777778
MuJoCo,10000,down_16x29,forward_0.70,7214,success,,True,True,,,0.5048209504067511,16.588033603660122,0.022533333333333332
MuJoCo,10000,down_16x29,forward_0.70,7215,success,,True,True,,,0.5540551114291714,16.417646206959304,0.02688888888888889
MuJoCo,10000,down_16x29,forward_0.70,7216,success,,True,True,,,0.5576267000438924,17.25618571501158,0.02528888888888889
MuJoCo,10000,down_16x29,interrupted,7201,standstill_failure,standstill_failure,True,True,,,0.5241403741189756,16.962326923819624,0.029580645161290324
MuJoCo,10000,down_16x29,interrupted,7202,standstill_failure,standstill_failure,True,True,,,0.5296089476446011,16.524327390236486,0.029387096774193548
MuJoCo,10000,down_16x29,interrupted,7203,standstill_failure,standstill_failure,True,True,,,0.5240409175532206,17.11008051511943,0.02970967741935484
MuJoCo,10000,down_16x29,interrupted,7204,standstill_failure,standstill_failure,True,True,,,0.5208835252861368,17.167680895925397,0.029870967741935484
MuJoCo,10000,down_16x29,interrupted,7205,standstill_failure,standstill_failure,True,True,,,0.5193542618001432,17.694660289163117,0.029612903225806453
MuJoCo,10000,down_16x29,interrupted,7206,standstill_failure,standstill_failure,True,True,,,0.5170593477209633,17.71650975003161,0.031193548387096773
MuJoCo,10000,down_16x29,interrupted,7207,standstill_failure,standstill_failure,True,True,,,0.5374070902755577,16.14197760155995,0.028774193548387096
MuJoCo,10000,down_16x29,interrupted,7208,standstill_failure,standstill_failure,True,True,,,0.5279639075861824,16.74456538443218,0.02996774193548387
MuJoCo,10000,down_16x29,interrupted,7209,standstill_failure,standstill_failure,True,True,,,0.4867548355005041,18.3178191609531,0.039645161290322584
MuJoCo,10000,down_16x29,interrupted,7210,standstill_failure,standstill_failure,True,True,,,0.5210509992899417,17.191484919503417,0.029516129032258063
MuJoCo,10000,down_16x29,interrupted,7211,standstill_failure,standstill_failure,True,True,,,0.5358438174346907,16.19202256330463,0.029225806451612903
MuJoCo,10000,down_16x29,interrupted,7212,standstill_failure,standstill_failure,True,True,,,0.5200254493067749,17.42690986417699,0.02935483870967742
MuJoCo,10000,down_16x29,interrupted,7213,standstill_failure,standstill_failure,True,True,,,0.5192795642275574,17.315532206270724,0.031096774193548386
MuJoCo,10000,down_16x29,interrupted,7214,standstill_failure,standstill_failure,True,True,,,0.5043368343674013,17.503564380135785,0.031064516129032257
MuJoCo,10000,down_16x29,interrupted,7215,standstill_failure,standstill_failure,True,True,,,0.5211878682588078,17.054110596356878,0.029548387096774195
MuJoCo,10000,down_16x29,interrupted,7216,standstill_failure,standstill_failure,True,True,,,0.518979402386393,17.292431137417942,0.030193548387096775
MuJoCo,15000,down_16x29,forward_0.30,7201,success,,True,True,,,0.5116655152483056,8.952988773394015,0.0
MuJoCo,15000,down_16x29,forward_0.30,7202,success,,True,True,,,0.5153805052315774,8.902059634660313,0.0
MuJoCo,15000,down_16x29,forward_0.30,7203,success,,True,True,,,0.5161004719305322,8.88529645908423,0.0
MuJoCo,15000,down_16x29,forward_0.30,7204,success,,True,True,,,0.5177037979013164,8.91842081057415,0.0
MuJoCo,15000,down_16x29,forward_0.30,7205,success,,True,True,,,0.5232140270487018,8.871127579239145,0.0
MuJoCo,15000,down_16x29,forward_0.30,7206,success,,True,True,,,0.5159166412182987,8.652835498188486,0.0
MuJoCo,15000,down_16x29,forward_0.30,7207,success,,True,True,,,0.5088542713433426,8.83469947509068,0.0
MuJoCo,15000,down_16x29,forward_0.30,7208,success,,True,True,,,0.5087672459164652,8.943672504333552,0.0
MuJoCo,15000,down_16x29,forward_0.30,7209,success,,True,True,,,0.5101886660062687,9.05951726672142,0.0
MuJoCo,15000,down_16x29,forward_0.30,7210,success,,True,True,,,0.513842785867092,8.930962191064479,0.0
MuJoCo,15000,down_16x29,forward_0.30,7211,success,,True,True,,,0.5105222750216063,8.971909465344018,0.0
MuJoCo,15000,down_16x29,forward_0.30,7212,success,,True,True,,,0.5144361589383104,8.801302790780495,0.0
MuJoCo,15000,down_16x29,forward_0.30,7213,success,,True,True,,,0.5214786022478464,8.892494526239407,0.0
MuJoCo,15000,down_16x29,forward_0.30,7214,success,,True,True,,,0.5192062667223953,8.69464097979942,0.0
MuJoCo,15000,down_16x29,forward_0.30,7215,success,,True,True,,,0.5085880925615696,8.896968059270167,0.0
MuJoCo,15000,down_16x29,forward_0.30,7216,success,,True,True,,,0.5209156992705226,8.72617497530107,0.0
MuJoCo,15000,down_16x29,forward_0.70,7201,success,,True,True,,,0.6136305171992569,12.462241836208442,0.005111111111111111
MuJoCo,15000,down_16x29,forward_0.70,7202,success,,True,True,,,0.5993715781572726,12.617646248207917,0.004933333333333333
MuJoCo,15000,down_16x29,forward_0.70,7203,success,,True,True,,,0.634627094967219,12.442598785910826,0.006533333333333334
MuJoCo,15000,down_16x29,forward_0.70,7204,success,,True,True,,,0.6141845161179651,12.640595444748794,0.005555555555555556
MuJoCo,15000,down_16x29,forward_0.70,7205,success,,True,True,,,0.6499352997507846,12.357791854224926,0.0064
MuJoCo,15000,down_16x29,forward_0.70,7206,success,,True,True,,,0.6704306063080037,12.019368262225964,0.006622222222222222
MuJoCo,15000,down_16x29,forward_0.70,7207,success,,True,True,,,0.5646293685279389,12.508705579873785,0.005155555555555556
MuJoCo,15000,down_16x29,forward_0.70,7208,success,,True,True,,,0.6241506914087409,12.694457103233269,0.006
MuJoCo,15000,down_16x29,forward_0.70,7209,success,,True,True,,,0.5986293642523484,12.3836711304117,0.005333333333333333
MuJoCo,15000,down_16x29,forward_0.70,7210,success,,True,True,,,0.5994770189713592,12.637411973117953,0.004888888888888889
MuJoCo,15000,down_16x29,forward_0.70,7211,success,,True,True,,,0.5889029161794879,12.7301197417816,0.0057777777777777775
MuJoCo,15000,down_16x29,forward_0.70,7212,success,,True,True,,,0.6236630432614629,12.399510949482897,0.004755555555555555
MuJoCo,15000,down_16x29,forward_0.70,7213,success,,True,True,,,0.6540393780656015,11.885352697429495,0.004888888888888889
MuJoCo,15000,down_16x29,forward_0.70,7214,success,,True,True,,,0.6760822000909565,11.79859613795477,0.005377777777777778
MuJoCo,15000,down_16x29,forward_0.70,7215,success,,True,True,,,0.635510824725297,12.335885413169652,0.0052
MuJoCo,15000,down_16x29,forward_0.70,7216,success,,True,True,,,0.6518254745958016,12.169854213528682,0.006177777777777778
MuJoCo,15000,down_16x29,interrupted,7201,success,,True,True,,,0.5892467743751189,13.051092425247647,0.024838709677419354
MuJoCo,15000,down_16x29,interrupted,7202,success,,True,True,,,0.5801692686952418,12.67025620250521,0.012903225806451613
MuJoCo,15000,down_16x29,interrupted,7203,success,,True,True,,,0.4914578805528886,10.501695844072186,0.0026129032258064514
MuJoCo,15000,down_16x29,interrupted,7204,success,,True,True,,,0.586829700387056,11.911259428721735,0.02703225806451613
MuJoCo,15000,down_16x29,interrupted,7205,standstill_failure,standstill_failure,True,True,,,0.5846808022528107,14.644583312910205,0.015161290322580645
MuJoCo,15000,down_16x29,interrupted,7206,standstill_failure,standstill_failure,True,True,,,0.5607651272644727,15.447472116173097,0.016774193548387096
MuJoCo,15000,down_16x29,interrupted,7207,standstill_failure,standstill_failure,True,True,,,0.45908122067486107,16.295664032279603,0.08003225806451612
MuJoCo,15000,down_16x29,interrupted,7208,standstill_failure,standstill_failure,True,True,,,0.5961435493882665,15.089180489891177,0.016129032258064516
MuJoCo,15000,down_16x29,interrupted,7209,success,,True,True,,,0.610333690549201,11.157325631979708,0.00041935483870967743
MuJoCo,15000,down_16x29,interrupted,7210,success,,True,True,,,0.5950290440255288,12.67997781546391,0.02209677419354839
MuJoCo,15000,down_16x29,interrupted,7211,standstill_failure,standstill_failure,True,True,,,0.6022683447144526,13.664123139277619,0.015483870967741935
MuJoCo,15000,down_16x29,interrupted,7212,success,,True,True,,,0.597528821625386,12.970430257922509,0.01835483870967742
MuJoCo,15000,down_16x29,interrupted,7213,success,,True,True,,,0.5992724270817151,13.51860818977805,0.020548387096774194
MuJoCo,15000,down_16x29,interrupted,7214,success,,True,True,,,0.49051152834280703,10.90255830992501,6.451612903225807e-05
MuJoCo,15000,down_16x29,interrupted,7215,standstill_failure,standstill_failure,True,True,,,0.48215450703868185,11.519382357728064,0.008290322580645161
MuJoCo,15000,down_16x29,interrupted,7216,standstill_failure,standstill_failure,True,True,,,0.5898109376712952,14.310233098073954,0.015161290322580645
MuJoCo,19999,down_16x29,forward_0.30,7201,success,,True,True,,,0.5122309730645767,7.712272885606812,0.0
MuJoCo,19999,down_16x29,forward_0.30,7202,success,,True,True,,,0.5106871055614597,7.172830563651689,0.0
MuJoCo,19999,down_16x29,forward_0.30,7203,success,,True,True,,,0.5148700575292207,7.277034817982233,0.0
MuJoCo,19999,down_16x29,forward_0.30,7204,success,,True,True,,,0.5079169086868789,7.316684418047119,0.0
MuJoCo,19999,down_16x29,forward_0.30,7205,success,,True,True,,,0.5075276458040168,7.051869474319637,0.0
MuJoCo,19999,down_16x29,forward_0.30,7206,success,,True,True,,,0.5158094218274409,7.123722110922938,0.0
MuJoCo,19999,down_16x29,forward_0.30,7207,success,,True,True,,,0.5142649589970427,7.557724481522952,0.0
MuJoCo,19999,down_16x29,forward_0.30,7208,success,,True,True,,,0.5031639348734538,7.103001766499958,0.0
MuJoCo,19999,down_16x29,forward_0.30,7209,success,,True,True,,,0.5059916996617824,7.686743829231826,0.0
MuJoCo,19999,down_16x29,forward_0.30,7210,success,,True,True,,,0.5155711764286359,7.394305059404252,0.0
MuJoCo,19999,down_16x29,forward_0.30,7211,success,,True,True,,,0.5159606330048518,7.402250276788878,0.0
MuJoCo,19999,down_16x29,forward_0.30,7212,success,,True,True,,,0.512082600653827,7.190312215366926,0.0
MuJoCo,19999,down_16x29,forward_0.30,7213,success,,True,True,,,0.5111613235263062,7.101459780988844,0.0
MuJoCo,19999,down_16x29,forward_0.30,7214,success,,True,True,,,0.5158614776064296,7.217576030226053,0.0
MuJoCo,19999,down_16x29,forward_0.30,7215,success,,True,True,,,0.5032780302648985,7.260307029054137,0.0
MuJoCo,19999,down_16x29,forward_0.30,7216,success,,True,True,,,0.5123275535026659,7.227193531291289,0.0
MuJoCo,19999,down_16x29,forward_0.70,7201,success,,True,True,,,0.6210542967117743,11.4713553855309,0.011288888888888888
MuJoCo,19999,down_16x29,forward_0.70,7202,success,,True,True,,,0.6296395262492238,11.462853307436221,0.010311111111111111
MuJoCo,19999,down_16x29,forward_0.70,7203,success,,True,True,,,0.6044812139913958,11.601395417158836,0.011111111111111112
MuJoCo,19999,down_16x29,forward_0.70,7204,success,,True,True,,,0.6129952084349874,11.510456054761287,0.010088888888888889
MuJoCo,19999,down_16x29,forward_0.70,7205,success,,True,True,,,0.5866473461570456,11.734841975417666,0.008977777777777777
MuJoCo,19999,down_16x29,forward_0.70,7206,success,,True,True,,,0.5891549525792903,11.674731574366637,0.010311111111111111
MuJoCo,19999,down_16x29,forward_0.70,7207,success,,True,True,,,0.652133640665481,11.414624927688395,0.011644444444444445
MuJoCo,19999,down_16x29,forward_0.70,7208,success,,True,True,,,0.607752816751151,11.594944099261912,0.009955555555555556
MuJoCo,19999,down_16x29,forward_0.70,7209,success,,True,True,,,0.6426611687628725,11.369847974774908,0.01048888888888889
MuJoCo,19999,down_16x29,forward_0.70,7210,success,,True,True,,,0.6355027825199697,11.54600724543631,0.010088888888888889
MuJoCo,19999,down_16x29,forward_0.70,7211,success,,True,True,,,0.6366986155517194,11.428063155535636,0.01071111111111111
MuJoCo,19999,down_16x29,forward_0.70,7212,success,,True,True,,,0.6192009741275899,11.549651249547122,0.011288888888888888
MuJoCo,19999,down_16x29,forward_0.70,7213,success,,True,True,,,0.5913412886660088,11.689550351993763,0.009866666666666666
MuJoCo,19999,down_16x29,forward_0.70,7214,success,,True,True,,,0.5758533599825735,11.667889590484945,0.008888888888888889
MuJoCo,19999,down_16x29,forward_0.70,7215,success,,True,True,,,0.6041790974302841,11.526503488409038,0.009955555555555556
MuJoCo,19999,down_16x29,forward_0.70,7216,success,,True,True,,,0.5963067513744176,11.678676670497998,0.00968888888888889
MuJoCo,19999,down_16x29,interrupted,7201,success,,True,True,,,0.4905194538110797,9.621351879335124,0.02258064516129032
MuJoCo,19999,down_16x29,interrupted,7202,success,,True,True,,,0.49601257719010766,9.226938095583368,0.022258064516129033
MuJoCo,19999,down_16x29,interrupted,7203,standstill_failure,standstill_failure,True,True,,,0.4711227075003301,10.64323544719607,0.024580645161290323
MuJoCo,19999,down_16x29,interrupted,7204,standstill_failure,standstill_failure,True,True,,,0.47394980568533035,11.606283815561822,0.023225806451612905
MuJoCo,19999,down_16x29,interrupted,7205,standstill_failure,standstill_failure,True,True,,,0.4737241816582473,10.51322951846035,0.026032258064516128
MuJoCo,19999,down_16x29,interrupted,7206,standstill_failure,standstill_failure,True,True,,,0.47421269447977615,11.358002975705904,0.024838709677419354
MuJoCo,19999,down_16x29,interrupted,7207,standstill_failure,standstill_failure,True,True,,,0.39487189760892477,15.309004505417976,0.026935483870967742
MuJoCo,19999,down_16x29,interrupted,7208,standstill_failure,standstill_failure,True,True,,,0.4598262274147072,11.9976543409617,0.026935483870967742
MuJoCo,19999,down_16x29,interrupted,7209,standstill_failure,standstill_failure,True,True,,,0.49013374477604604,12.561900936533737,0.022258064516129033
MuJoCo,19999,down_16x29,interrupted,7210,success,,True,True,,,0.49370825763768883,9.410123377377499,0.022161290322580646
MuJoCo,19999,down_16x29,interrupted,7211,success,,True,True,,,0.48581635992568545,9.546950431728789,0.024483870967741937
MuJoCo,19999,down_16x29,interrupted,7212,success,,True,True,,,0.49017117343813715,9.28406540688309,0.02193548387096774
MuJoCo,19999,down_16x29,interrupted,7213,success,,True,True,,,0.494256992346442,9.387397821242446,0.02167741935483871
MuJoCo,19999,down_16x29,interrupted,7214,standstill_failure,standstill_failure,True,True,,,0.4780245760213631,10.916017853345508,0.02403225806451613
MuJoCo,19999,down_16x29,interrupted,7215,standstill_failure,standstill_failure,True,True,,,0.4716668904321277,10.521990495831027,0.025741935483870968
MuJoCo,19999,down_16x29,interrupted,7216,standstill_failure,standstill_failure,True,True,,,0.47482900169605186,9.590607543163788,0.026032258064516128
